txn_id,account_ref,date,amount_eur,category,channel,country,device_new,planted_type
t000036,acc_0001,2026-04-01,183.16,groceries,online_banking,IE,False,
t000098,acc_0002,2026-04-01,33.92,utilities,card_not_present,IE,False,
t000119,acc_0003,2026-04-01,50.69,utilities,card_present,IE,False,
t000227,acc_0005,2026-04-01,74.17,travel,online_banking,IE,False,
t000335,acc_0007,2026-04-01,210.5,fuel,card_not_present,IE,False,
t000399,acc_0008,2026-04-01,343.02,groceries,card_not_present,IE,False,
t000442,acc_0009,2026-04-01,64.82,transfer,mobile_app,IE,False,
t000532,acc_0010,2026-04-01,12.7,travel,online_banking,IE,False,
t000643,acc_0013,2026-04-01,224.97,restaurants,mobile_app,IE,False,
t000707,acc_0014,2026-04-01,22.25,groceries,online_banking,IE,False,
t000810,acc_0016,2026-04-01,157.12,electronics,card_not_present,IE,False,
t001002,acc_0019,2026-04-01,211.79,electronics,card_not_present,IE,False,
t001218,acc_0022,2026-04-01,38.93,pharmacy,mobile_app,IE,False,
t001443,acc_0027,2026-04-01,17.64,electronics,online_banking,IE,False,
t001497,acc_0028,2026-04-01,82.09,restaurants,card_present,IE,False,
t001543,acc_0030,2026-04-01,571.19,restaurants,card_present,IE,False,
t001586,acc_0031,2026-04-01,26.72,fuel,card_not_present,IE,False,
t001757,acc_0034,2026-04-01,291.42,travel,mobile_app,IE,False,
t001847,acc_0035,2026-04-01,41.21,electronics,online_banking,IE,False,
t001910,acc_0036,2026-04-01,43.13,travel,card_not_present,IE,False,
t002071,acc_0043,2026-04-01,20.64,groceries,card_not_present,IE,False,
t002089,acc_0044,2026-04-01,26.52,transfer,card_present,IE,False,
t002179,acc_0045,2026-04-01,71.78,transfer,card_present,IE,False,
t002287,acc_0047,2026-04-01,490.34,online retail,mobile_app,IE,False,
t002363,acc_0049,2026-04-01,99.91,pharmacy,mobile_app,IE,False,
t002397,acc_0050,2026-04-01,23.06,utilities,online_banking,IE,False,
t002548,acc_0052,2026-04-01,21.04,utilities,card_not_present,IE,False,
t002582,acc_0053,2026-04-01,10.23,transfer,card_not_present,IE,False,
t002788,acc_0057,2026-04-01,237.53,pharmacy,card_present,IE,False,
t002878,acc_0058,2026-04-01,135.15,online retail,mobile_app,IE,False,
t003033,acc_0060,2026-04-01,71.46,groceries,card_present,IE,False,
t003098,acc_0061,2026-04-01,171.5,pharmacy,mobile_app,IE,False,
t003188,acc_0062,2026-04-01,107.11,online retail,online_banking,IE,False,
t003278,acc_0063,2026-04-01,246.96,travel,card_not_present,IE,False,
t003368,acc_0064,2026-04-01,57.63,online retail,card_present,IE,False,
t003411,acc_0065,2026-04-01,71.45,online retail,card_not_present,IE,False,
t003501,acc_0066,2026-04-01,109.53,utilities,card_not_present,IE,False,
t003562,acc_0067,2026-04-01,24.77,fuel,mobile_app,IE,False,
t003652,acc_0068,2026-04-01,61.14,transfer,mobile_app,IE,False,
t003761,acc_0070,2026-04-01,118.0,utilities,online_banking,IE,False,
t003824,acc_0071,2026-04-01,29.05,restaurants,mobile_app,IE,False,
t003937,acc_0073,2026-04-01,94.31,travel,mobile_app,IE,False,
t004012,acc_0075,2026-04-01,182.19,restaurants,online_banking,IE,False,
t004214,acc_0081,2026-04-01,149.55,restaurants,online_banking,IE,False,
t004381,acc_0084,2026-04-01,326.04,utilities,card_not_present,IE,False,
t004472,acc_0086,2026-04-01,163.31,transfer,mobile_app,IE,False,
t004562,acc_0087,2026-04-01,164.14,transfer,card_present,IE,False,
t004630,acc_0088,2026-04-01,71.78,pharmacy,card_present,IE,False,
t004720,acc_0089,2026-04-01,54.16,electronics,mobile_app,IE,False,
t004810,acc_0090,2026-04-01,117.27,online retail,online_banking,IE,False,
t004887,acc_0092,2026-04-01,366.94,transfer,card_present,IE,False,
t004937,acc_0094,2026-04-01,33.64,electronics,card_present,IE,False,
t004957,acc_0095,2026-04-01,25.02,online retail,online_banking,IE,False,
t005076,acc_0097,2026-04-01,11.46,online retail,online_banking,IE,False,
t005147,acc_0099,2026-04-01,64.25,groceries,card_not_present,IE,False,
t005275,acc_0101,2026-04-01,25.85,utilities,card_present,IE,False,
t005338,acc_0102,2026-04-01,21.24,fuel,mobile_app,IE,False,
t005380,acc_0103,2026-04-01,81.62,utilities,mobile_app,IE,False,
t005470,acc_0104,2026-04-01,8.51,fuel,card_not_present,IE,False,
t005531,acc_0105,2026-04-01,108.91,fuel,mobile_app,IE,False,
t005642,acc_0107,2026-04-01,137.69,electronics,online_banking,IE,False,
t005707,acc_0108,2026-04-01,16.06,electronics,online_banking,IE,False,
t005762,acc_0110,2026-04-01,17.34,groceries,online_banking,IE,False,
t005852,acc_0111,2026-04-01,315.06,pharmacy,card_not_present,IE,False,
t005956,acc_0113,2026-04-01,130.47,restaurants,online_banking,IE,False,
t006046,acc_0114,2026-04-01,10.73,fuel,online_banking,IE,False,
t006213,acc_0118,2026-04-01,68.62,online retail,online_banking,IE,False,
t006355,acc_0121,2026-04-01,11.81,fuel,mobile_app,IE,False,
t006398,acc_0122,2026-04-01,29.41,online retail,online_banking,IE,False,
t006587,acc_0125,2026-04-01,25.67,fuel,card_not_present,IE,False,
t006622,acc_0126,2026-04-01,142.49,utilities,online_banking,IE,False,
t006712,acc_0127,2026-04-01,97.05,online retail,card_present,IE,False,
t006773,acc_0128,2026-04-01,8.22,pharmacy,mobile_app,IE,False,
t006882,acc_0130,2026-04-01,85.02,travel,card_present,IE,False,
t006915,acc_0131,2026-04-01,71.59,utilities,card_present,IE,False,
t007005,acc_0132,2026-04-01,95.84,electronics,online_banking,IE,False,
t007153,acc_0136,2026-04-01,256.62,fuel,online_banking,IE,False,
t007279,acc_0138,2026-04-01,150.62,groceries,mobile_app,IE,False,
t007365,acc_0140,2026-04-01,205.86,travel,card_not_present,IE,False,
t007462,acc_0142,2026-04-01,231.46,utilities,online_banking,IE,False,
t007552,acc_0143,2026-04-01,10.48,transfer,online_banking,IE,False,
t007586,acc_0144,2026-04-01,44.57,groceries,card_not_present,IE,False,
t007638,acc_0147,2026-04-01,23.25,fuel,card_not_present,IE,False,
t007728,acc_0148,2026-04-01,87.39,electronics,online_banking,IE,False,
t007788,acc_0149,2026-04-01,39.01,pharmacy,online_banking,IE,False,
t008020,acc_0155,2026-04-01,663.96,electronics,card_not_present,IE,False,
t008107,acc_0157,2026-04-01,490.45,utilities,mobile_app,IE,False,
t008197,acc_0158,2026-04-01,34.6,transfer,mobile_app,IE,False,
t008258,acc_0159,2026-04-01,13.2,fuel,card_not_present,IE,False,
t008364,acc_0161,2026-04-01,435.03,pharmacy,online_banking,IE,False,
t008488,acc_0163,2026-04-01,130.12,restaurants,online_banking,IE,False,
t008586,acc_0165,2026-04-01,47.39,restaurants,card_present,IE,False,
t008654,acc_0166,2026-04-01,46.86,online retail,card_present,IE,False,
t008766,acc_0168,2026-04-01,112.31,online retail,online_banking,IE,False,
t008886,acc_0170,2026-04-01,80.45,utilities,online_banking,IE,False,
t008976,acc_0171,2026-04-01,37.1,utilities,mobile_app,IE,False,
t009066,acc_0172,2026-04-01,92.17,electronics,online_banking,IE,False,
t009192,acc_0174,2026-04-01,107.49,fuel,card_present,IE,False,
t009282,acc_0175,2026-04-01,21.67,electronics,card_present,IE,False,
t009349,acc_0176,2026-04-01,119.31,online retail,online_banking,IE,False,
t009439,acc_0177,2026-04-01,35.55,travel,card_present,IE,False,
t009494,acc_0178,2026-04-01,42.41,transfer,mobile_app,IE,False,
t009699,acc_0181,2026-04-01,80.54,fuel,mobile_app,IE,False,
t009789,acc_0182,2026-04-01,29.09,electronics,card_present,IE,False,
t009897,acc_0184,2026-04-01,891.63,online retail,online_banking,IE,False,
t009951,acc_0186,2026-04-01,25.81,pharmacy,online_banking,IE,False,
t010052,acc_0189,2026-04-01,419.47,electronics,card_present,IE,False,
t010142,acc_0190,2026-04-01,387.99,transfer,card_present,IE,False,
t010232,acc_0191,2026-04-01,147.93,groceries,card_present,IE,False,
t010267,acc_0193,2026-04-01,61.61,transfer,card_not_present,IE,False,
t010333,acc_0194,2026-04-01,310.69,travel,card_present,IE,False,
t010375,acc_0195,2026-04-01,173.32,restaurants,card_not_present,IE,False,
t010437,acc_0196,2026-04-01,7.32,utilities,mobile_app,IE,False,
t010532,acc_0198,2026-04-01,97.27,utilities,online_banking,IE,False,
t010563,acc_0199,2026-04-01,11.43,travel,card_present,IE,False,
t000037,acc_0001,2026-04-02,112.56,electronics,card_present,IE,False,
t000099,acc_0002,2026-04-02,140.92,online retail,card_present,IE,False,
t000120,acc_0003,2026-04-02,89.69,electronics,card_not_present,IE,False,
t000228,acc_0005,2026-04-02,74.22,travel,mobile_app,IE,False,
t000400,acc_0008,2026-04-02,505.73,fuel,card_not_present,IE,False,
t000443,acc_0009,2026-04-02,25.72,restaurants,online_banking,IE,False,
t000602,acc_0012,2026-04-02,38.74,restaurants,mobile_app,IE,False,
t000708,acc_0014,2026-04-02,46.35,transfer,card_not_present,IE,False,
t000811,acc_0016,2026-04-02,50.56,utilities,card_present,IE,False,
t000900,acc_0017,2026-04-02,109.02,transfer,online_banking,IE,False,
t001003,acc_0019,2026-04-02,35.81,travel,card_present,IE,False,
t001092,acc_0020,2026-04-02,182.59,restaurants,online_banking,IE,False,
t001219,acc_0022,2026-04-02,57.57,online retail,card_not_present,IE,False,
t001328,acc_0024,2026-04-02,288.56,fuel,card_not_present,IE,False,
t001429,acc_0026,2026-04-02,41.75,pharmacy,mobile_app,IE,False,
t001444,acc_0027,2026-04-02,24.42,pharmacy,mobile_app,IE,False,
t001587,acc_0031,2026-04-02,12.52,utilities,card_not_present,IE,False,
t001758,acc_0034,2026-04-02,149.77,transfer,card_not_present,IE,False,
t001911,acc_0036,2026-04-02,99.45,transfer,mobile_app,IE,False,
t001975,acc_0039,2026-04-02,172.78,fuel,online_banking,IE,False,
t002051,acc_0042,2026-04-02,69.48,online retail,card_present,IE,False,
t002090,acc_0044,2026-04-02,35.92,travel,card_present,IE,False,
t002180,acc_0045,2026-04-02,54.35,electronics,online_banking,IE,False,
t002288,acc_0047,2026-04-02,325.39,utilities,online_banking,IE,False,
t002398,acc_0050,2026-04-02,17.04,utilities,card_present,IE,False,
t002549,acc_0052,2026-04-02,14.39,groceries,card_not_present,IE,False,
t002583,acc_0053,2026-04-02,18.35,groceries,online_banking,IE,False,
t002716,acc_0055,2026-04-02,233.58,groceries,card_not_present,IE,False,
t002753,acc_0056,2026-04-02,29.08,groceries,mobile_app,IE,False,
t002789,acc_0057,2026-04-02,82.23,travel,online_banking,IE,False,
t002879,acc_0058,2026-04-02,251.5,restaurants,card_present,IE,False,
t002968,acc_0059,2026-04-02,244.27,groceries,card_present,IE,False,
t003034,acc_0060,2026-04-02,70.13,online retail,online_banking,IE,False,
t003099,acc_0061,2026-04-02,201.2,pharmacy,card_not_present,IE,False,
t003189,acc_0062,2026-04-02,193.13,pharmacy,card_not_present,IE,False,
t003279,acc_0063,2026-04-02,44.0,restaurants,card_not_present,IE,False,
t003412,acc_0065,2026-04-02,50.97,electronics,card_present,IE,False,
t003502,acc_0066,2026-04-02,49.84,transfer,card_not_present,IE,False,
t003563,acc_0067,2026-04-02,33.15,electronics,card_not_present,IE,False,
t003653,acc_0068,2026-04-02,75.04,utilities,card_present,IE,False,
t003762,acc_0070,2026-04-02,63.62,electronics,card_present,IE,False,
t003825,acc_0071,2026-04-02,8.09,restaurants,mobile_app,IE,False,
t003914,acc_0072,2026-04-02,165.21,utilities,online_banking,IE,False,
t004013,acc_0075,2026-04-02,387.2,fuel,online_banking,IE,False,
t004076,acc_0076,2026-04-02,318.67,pharmacy,card_present,IE,False,
t004215,acc_0081,2026-04-02,101.49,electronics,online_banking,IE,False,
t004304,acc_0082,2026-04-02,15.37,utilities,card_present,IE,False,
t004339,acc_0083,2026-04-02,53.0,restaurants,online_banking,IE,False,
t004473,acc_0086,2026-04-02,87.04,fuel,mobile_app,IE,False,
t004563,acc_0087,2026-04-02,268.19,travel,mobile_app,IE,False,
t004631,acc_0088,2026-04-02,44.65,travel,card_not_present,IE,False,
t004721,acc_0089,2026-04-02,28.7,fuel,card_not_present,IE,False,
t004811,acc_0090,2026-04-02,81.21,online retail,card_not_present,IE,False,
t004888,acc_0092,2026-04-02,197.4,groceries,card_not_present,IE,False,
t004938,acc_0094,2026-04-02,21.18,groceries,card_not_present,IE,False,
t004958,acc_0095,2026-04-02,47.85,restaurants,card_not_present,IE,False,
t005077,acc_0097,2026-04-02,55.22,travel,card_present,IE,False,
t005148,acc_0099,2026-04-02,59.06,electronics,online_banking,IE,False,
t005237,acc_0100,2026-04-02,201.31,online retail,mobile_app,IE,False,
t005276,acc_0101,2026-04-02,14.09,fuel,online_banking,IE,False,
t005381,acc_0103,2026-04-02,91.35,groceries,card_present,IE,False,
t005532,acc_0105,2026-04-02,104.44,restaurants,mobile_app,IE,False,
t005643,acc_0107,2026-04-02,570.65,restaurants,card_present,IE,False,
t005708,acc_0108,2026-04-02,31.53,electronics,card_not_present,IE,False,
t005763,acc_0110,2026-04-02,16.54,pharmacy,mobile_app,IE,False,
t005853,acc_0111,2026-04-02,119.84,utilities,card_not_present,IE,False,
t005915,acc_0112,2026-04-02,41.76,electronics,mobile_app,IE,False,
t005957,acc_0113,2026-04-02,281.22,electronics,online_banking,IE,False,
t006047,acc_0114,2026-04-02,8.5,travel,mobile_app,IE,False,
t006166,acc_0117,2026-04-02,37.09,utilities,card_not_present,IE,False,
t006214,acc_0118,2026-04-02,46.06,electronics,online_banking,IE,False,
t006278,acc_0119,2026-04-02,29.74,transfer,card_present,IE,False,
t006356,acc_0121,2026-04-02,15.53,fuel,card_present,IE,False,
t006399,acc_0122,2026-04-02,42.82,transfer,mobile_app,IE,False,
t006488,acc_0123,2026-04-02,25.03,utilities,card_present,IE,False,
t006623,acc_0126,2026-04-02,109.55,utilities,mobile_app,IE,False,
t006713,acc_0127,2026-04-02,74.13,transfer,mobile_app,IE,False,
t006774,acc_0128,2026-04-02,8.28,groceries,card_present,IE,False,
t006916,acc_0131,2026-04-02,38.23,travel,card_not_present,IE,False,
t007103,acc_0134,2026-04-02,23.38,fuel,card_present,IE,False,
t007154,acc_0136,2026-04-02,33.28,pharmacy,online_banking,IE,False,
t007302,acc_0139,2026-04-02,46.54,utilities,mobile_app,IE,False,
t007366,acc_0140,2026-04-02,113.97,restaurants,mobile_app,IE,False,
t007463,acc_0142,2026-04-02,554.28,travel,card_present,IE,False,
t007639,acc_0147,2026-04-02,45.78,pharmacy,card_not_present,IE,False,
t007729,acc_0148,2026-04-02,19.14,travel,card_not_present,IE,False,
t007789,acc_0149,2026-04-02,67.17,travel,mobile_app,IE,False,
t008021,acc_0155,2026-04-02,882.68,utilities,mobile_app,IE,False,
t008108,acc_0157,2026-04-02,146.55,restaurants,card_present,IE,False,
t008259,acc_0159,2026-04-02,12.37,restaurants,mobile_app,IE,False,
t008365,acc_0161,2026-04-02,219.18,groceries,mobile_app,IE,False,
t008489,acc_0163,2026-04-02,158.62,travel,mobile_app,IE,False,
t008655,acc_0166,2026-04-02,48.92,online retail,card_not_present,IE,False,
t008744,acc_0167,2026-04-02,85.01,transfer,card_not_present,IE,False,
t008767,acc_0168,2026-04-02,203.96,groceries,online_banking,IE,False,
t008887,acc_0170,2026-04-02,161.27,electronics,card_present,IE,False,
t008977,acc_0171,2026-04-02,21.29,travel,card_present,IE,False,
t009067,acc_0172,2026-04-02,128.48,restaurants,online_banking,IE,False,
t009156,acc_0173,2026-04-02,19.57,travel,mobile_app,IE,False,
t009193,acc_0174,2026-04-02,63.6,utilities,card_not_present,IE,False,
t009350,acc_0176,2026-04-02,410.29,utilities,online_banking,IE,False,
t009440,acc_0177,2026-04-02,26.74,travel,card_not_present,IE,False,
t009495,acc_0178,2026-04-02,12.71,groceries,card_present,IE,False,
t009584,acc_0179,2026-04-02,6.44,utilities,card_not_present,IE,False,
t009700,acc_0181,2026-04-02,20.91,groceries,card_not_present,IE,False,
t009790,acc_0182,2026-04-02,123.52,fuel,card_present,IE,False,
t009952,acc_0186,2026-04-02,22.54,pharmacy,card_not_present,IE,False,
t010053,acc_0189,2026-04-02,444.34,utilities,card_present,IE,False,
t010143,acc_0190,2026-04-02,73.36,pharmacy,card_not_present,IE,False,
t010233,acc_0191,2026-04-02,211.04,fuel,card_not_present,IE,False,
t010252,acc_0192,2026-04-02,58.3,electronics,mobile_app,IE,False,
t010268,acc_0193,2026-04-02,84.02,online retail,card_not_present,IE,False,
t010476,acc_0197,2026-04-02,74.86,groceries,card_present,IE,False,
t010564,acc_0199,2026-04-02,26.97,pharmacy,mobile_app,IE,False,
t000001,acc_0000,2026-04-03,137.14,electronics,online_banking,IE,False,
t000038,acc_0001,2026-04-03,83.47,online retail,mobile_app,IE,False,
t000121,acc_0003,2026-04-03,92.38,groceries,card_present,IE,False,
t000229,acc_0005,2026-04-03,14.72,groceries,card_present,IE,False,
t000444,acc_0009,2026-04-03,79.92,pharmacy,card_not_present,IE,False,
t000533,acc_0010,2026-04-03,16.6,transfer,card_present,IE,False,
t000568,acc_0011,2026-04-03,16.1,groceries,card_not_present,IE,False,
t000644,acc_0013,2026-04-03,105.1,travel,card_present,IE,False,
t000709,acc_0014,2026-04-03,35.61,fuel,online_banking,IE,False,
t000812,acc_0016,2026-04-03,45.11,electronics,mobile_app,IE,False,
t000901,acc_0017,2026-04-03,99.32,electronics,mobile_app,IE,False,
t001004,acc_0019,2026-04-03,160.13,utilities,card_present,IE,False,
t001152,acc_0021,2026-04-03,221.43,pharmacy,mobile_app,IE,False,
t001220,acc_0022,2026-04-03,67.51,pharmacy,online_banking,IE,False,
t001329,acc_0024,2026-04-03,154.88,electronics,mobile_app,IE,False,
t001498,acc_0028,2026-04-03,39.84,electronics,card_present,IE,False,
t001526,acc_0029,2026-04-03,127.13,groceries,card_not_present,IE,False,
t001544,acc_0030,2026-04-03,88.49,travel,mobile_app,IE,False,
t001588,acc_0031,2026-04-03,114.03,travel,card_present,IE,False,
t001691,acc_0033,2026-04-03,168.19,electronics,online_banking,IE,False,
t001759,acc_0034,2026-04-03,162.01,transfer,online_banking,IE,False,
t001976,acc_0039,2026-04-03,348.43,travel,mobile_app,IE,False,
t002029,acc_0041,2026-04-03,151.19,restaurants,mobile_app,IE,False,
t002091,acc_0044,2026-04-03,24.9,restaurants,card_present,IE,False,
t002181,acc_0045,2026-04-03,149.35,electronics,card_present,IE,False,
t002289,acc_0047,2026-04-03,219.62,electronics,online_banking,IE,False,
t002364,acc_0049,2026-04-03,178.98,restaurants,card_present,IE,False,
t002399,acc_0050,2026-04-03,40.59,utilities,mobile_app,IE,False,
t002487,acc_0051,2026-04-03,294.98,utilities,card_present,IE,False,
t002584,acc_0053,2026-04-03,24.39,pharmacy,online_banking,IE,False,
t002652,acc_0054,2026-04-03,27.22,groceries,online_banking,IE,False,
t002790,acc_0057,2026-04-03,111.92,online retail,online_banking,IE,False,
t002880,acc_0058,2026-04-03,560.06,utilities,online_banking,IE,False,
t002969,acc_0059,2026-04-03,332.79,electronics,card_present,IE,False,
t003035,acc_0060,2026-04-03,29.46,transfer,mobile_app,IE,False,
t003100,acc_0061,2026-04-03,60.28,utilities,card_not_present,IE,False,
t003190,acc_0062,2026-04-03,90.75,electronics,card_present,IE,False,
t003280,acc_0063,2026-04-03,447.02,pharmacy,online_banking,IE,False,
t003413,acc_0065,2026-04-03,14.93,online retail,online_banking,IE,False,
t003503,acc_0066,2026-04-03,129.61,pharmacy,card_not_present,IE,False,
t003564,acc_0067,2026-04-03,30.51,restaurants,online_banking,IE,False,
t003654,acc_0068,2026-04-03,113.1,restaurants,card_present,IE,False,
t003742,acc_0069,2026-04-03,18.43,groceries,mobile_app,IE,False,
t003826,acc_0071,2026-04-03,23.71,electronics,card_present,IE,False,
t004077,acc_0076,2026-04-03,214.46,travel,card_present,IE,False,
t004216,acc_0081,2026-04-03,356.14,pharmacy,mobile_app,IE,False,
t004305,acc_0082,2026-04-03,11.83,fuel,card_not_present,IE,False,
t004340,acc_0083,2026-04-03,127.77,pharmacy,card_not_present,IE,False,
t004433,acc_0085,2026-04-03,237.73,utilities,online_banking,IE,False,
t004474,acc_0086,2026-04-03,224.41,online retail,mobile_app,IE,False,
t004632,acc_0088,2026-04-03,25.38,online retail,card_not_present,IE,False,
t004722,acc_0089,2026-04-03,15.04,online retail,mobile_app,IE,False,
t004812,acc_0090,2026-04-03,71.0,fuel,card_present,IE,False,
t004874,acc_0091,2026-04-03,59.54,restaurants,online_banking,IE,False,
t004922,acc_0093,2026-04-03,46.91,pharmacy,mobile_app,IE,False,
t004939,acc_0094,2026-04-03,22.94,travel,card_present,IE,False,
t004959,acc_0095,2026-04-03,67.32,travel,card_present,IE,False,
t005078,acc_0097,2026-04-03,4.82,transfer,online_banking,IE,False,
t005149,acc_0099,2026-04-03,49.41,online retail,card_present,IE,False,
t005339,acc_0102,2026-04-03,107.6,utilities,card_present,IE,False,
t005382,acc_0103,2026-04-03,95.79,electronics,mobile_app,IE,False,
t005471,acc_0104,2026-04-03,19.79,utilities,mobile_app,IE,False,
t005533,acc_0105,2026-04-03,507.73,utilities,card_not_present,IE,False,
t005764,acc_0110,2026-04-03,39.19,utilities,online_banking,IE,False,
t005916,acc_0112,2026-04-03,20.15,travel,card_present,IE,False,
t005958,acc_0113,2026-04-03,186.82,online retail,mobile_app,IE,False,
t006124,acc_0116,2026-04-03,40.71,electronics,online_banking,IE,False,
t006215,acc_0118,2026-04-03,39.41,online retail,mobile_app,IE,False,
t006357,acc_0121,2026-04-03,18.74,restaurants,online_banking,IE,False,
t006400,acc_0122,2026-04-03,16.28,electronics,card_not_present,IE,False,
t006489,acc_0123,2026-04-03,29.91,transfer,card_present,IE,False,
t006555,acc_0124,2026-04-03,84.2,travel,online_banking,IE,False,
t006624,acc_0126,2026-04-03,111.8,utilities,online_banking,IE,False,
t006714,acc_0127,2026-04-03,75.06,online retail,card_not_present,IE,False,
t006775,acc_0128,2026-04-03,20.39,travel,online_banking,IE,False,
t006863,acc_0129,2026-04-03,80.03,utilities,card_not_present,IE,False,
t006883,acc_0130,2026-04-03,87.53,restaurants,card_present,IE,False,
t006917,acc_0131,2026-04-03,26.56,transfer,card_present,IE,False,
t007006,acc_0132,2026-04-03,288.66,pharmacy,card_present,IE,False,
t007155,acc_0136,2026-04-03,38.16,restaurants,card_not_present,IE,False,
t007303,acc_0139,2026-04-03,62.38,groceries,mobile_app,IE,False,
t007367,acc_0140,2026-04-03,408.48,online retail,card_present,IE,False,
t007464,acc_0142,2026-04-03,269.9,pharmacy,card_present,IE,False,
t007587,acc_0144,2026-04-03,34.01,electronics,card_present,IE,False,
t007619,acc_0146,2026-04-03,272.9,pharmacy,mobile_app,IE,False,
t007640,acc_0147,2026-04-03,57.86,pharmacy,card_present,IE,False,
t007730,acc_0148,2026-04-03,36.59,online retail,online_banking,IE,False,
t007790,acc_0149,2026-04-03,144.47,online retail,online_banking,IE,False,
t007947,acc_0153,2026-04-03,74.58,utilities,mobile_app,IE,False,
t007970,acc_0154,2026-04-03,38.79,electronics,mobile_app,IE,False,
t008109,acc_0157,2026-04-03,108.29,groceries,card_present,IE,False,
t008198,acc_0158,2026-04-03,20.78,transfer,card_not_present,IE,False,
t008260,acc_0159,2026-04-03,38.51,fuel,mobile_app,IE,False,
t008321,acc_0160,2026-04-03,200.25,travel,card_present,IE,False,
t008366,acc_0161,2026-04-03,126.99,electronics,card_present,IE,False,
t008549,acc_0164,2026-04-03,95.02,online retail,card_present,IE,False,
t008587,acc_0165,2026-04-03,84.17,pharmacy,mobile_app,IE,False,
t008656,acc_0166,2026-04-03,60.94,groceries,mobile_app,IE,False,
t008768,acc_0168,2026-04-03,49.67,travel,online_banking,IE,False,
t008888,acc_0170,2026-04-03,677.98,fuel,online_banking,IE,False,
t008978,acc_0171,2026-04-03,71.3,travel,card_present,IE,False,
t009068,acc_0172,2026-04-03,141.78,online retail,online_banking,IE,False,
t009157,acc_0173,2026-04-03,52.61,pharmacy,mobile_app,IE,False,
t009194,acc_0174,2026-04-03,31.21,utilities,online_banking,IE,False,
t009283,acc_0175,2026-04-03,34.02,transfer,card_not_present,IE,False,
t009351,acc_0176,2026-04-03,283.79,fuel,card_not_present,IE,False,
t009441,acc_0177,2026-04-03,22.38,electronics,mobile_app,IE,False,
t009496,acc_0178,2026-04-03,23.76,utilities,online_banking,IE,False,
t009585,acc_0179,2026-04-03,34.52,electronics,card_present,IE,False,
t009640,acc_0180,2026-04-03,52.53,fuel,card_not_present,IE,False,
t009701,acc_0181,2026-04-03,106.28,restaurants,online_banking,IE,False,
t009791,acc_0182,2026-04-03,28.4,online retail,mobile_app,IE,False,
t009918,acc_0185,2026-04-03,62.31,groceries,online_banking,IE,False,
t010014,acc_0188,2026-04-03,20.26,online retail,mobile_app,IE,False,
t010054,acc_0189,2026-04-03,150.63,groceries,card_not_present,IE,False,
t010144,acc_0190,2026-04-03,110.47,online retail,card_not_present,IE,False,
t010269,acc_0193,2026-04-03,63.34,groceries,online_banking,IE,False,
t010334,acc_0194,2026-04-03,275.02,groceries,mobile_app,IE,False,
t010565,acc_0199,2026-04-03,18.42,restaurants,mobile_app,IE,False,
t000002,acc_0000,2026-04-04,15.14,restaurants,card_not_present,IE,False,
t000039,acc_0001,2026-04-04,84.89,groceries,card_not_present,IE,False,
t000122,acc_0003,2026-04-04,215.79,groceries,online_banking,IE,False,
t000230,acc_0005,2026-04-04,61.85,travel,card_present,IE,False,
t000295,acc_0006,2026-04-04,92.22,pharmacy,card_present,IE,False,
t000445,acc_0009,2026-04-04,131.88,travel,online_banking,IE,False,
t000569,acc_0011,2026-04-04,5.34,travel,card_not_present,IE,False,
t000603,acc_0012,2026-04-04,12.19,transfer,mobile_app,IE,False,
t000645,acc_0013,2026-04-04,323.99,transfer,mobile_app,IE,False,
t000710,acc_0014,2026-04-04,50.83,online retail,mobile_app,IE,False,
t000813,acc_0016,2026-04-04,33.23,restaurants,card_not_present,IE,False,
t001005,acc_0019,2026-04-04,287.97,online retail,online_banking,IE,False,
t001153,acc_0021,2026-04-04,170.49,groceries,card_not_present,IE,False,
t001221,acc_0022,2026-04-04,29.02,restaurants,mobile_app,IE,False,
t001330,acc_0024,2026-04-04,272.7,electronics,card_not_present,IE,False,
t001367,acc_0025,2026-04-04,32.55,transfer,online_banking,IE,False,
t001445,acc_0027,2026-04-04,12.97,groceries,mobile_app,IE,False,
t001589,acc_0031,2026-04-04,24.78,electronics,mobile_app,IE,False,
t001692,acc_0033,2026-04-04,131.35,pharmacy,online_banking,IE,False,
t001760,acc_0034,2026-04-04,187.21,travel,online_banking,IE,False,
t001848,acc_0035,2026-04-04,35.2,utilities,card_not_present,IE,False,
t001953,acc_0038,2026-04-04,161.68,restaurants,mobile_app,IE,False,
t001977,acc_0039,2026-04-04,439.49,groceries,card_present,IE,False,
t002013,acc_0040,2026-04-04,138.69,groceries,card_present,IE,False,
t002092,acc_0044,2026-04-04,22.58,pharmacy,card_not_present,IE,False,
t002182,acc_0045,2026-04-04,83.96,fuel,online_banking,IE,False,
t002400,acc_0050,2026-04-04,23.65,electronics,online_banking,IE,False,
t002488,acc_0051,2026-04-04,52.25,groceries,online_banking,IE,False,
t002585,acc_0053,2026-04-04,44.19,pharmacy,mobile_app,IE,False,
t002653,acc_0054,2026-04-04,21.63,utilities,mobile_app,IE,False,
t002717,acc_0055,2026-04-04,166.6,online retail,online_banking,IE,False,
t002791,acc_0057,2026-04-04,316.08,online retail,online_banking,IE,False,
t002881,acc_0058,2026-04-04,179.55,travel,card_present,IE,False,
t002970,acc_0059,2026-04-04,315.21,electronics,card_not_present,IE,False,
t003101,acc_0061,2026-04-04,140.01,restaurants,card_present,IE,False,
t003191,acc_0062,2026-04-04,74.99,groceries,online_banking,IE,False,
t003281,acc_0063,2026-04-04,320.91,transfer,online_banking,IE,False,
t003414,acc_0065,2026-04-04,144.02,pharmacy,card_present,IE,False,
t003504,acc_0066,2026-04-04,93.12,utilities,online_banking,IE,False,
t003565,acc_0067,2026-04-04,107.01,online retail,mobile_app,IE,False,
t003655,acc_0068,2026-04-04,145.73,groceries,card_not_present,IE,False,
t003763,acc_0070,2026-04-04,81.21,transfer,online_banking,IE,False,
t003827,acc_0071,2026-04-04,21.88,online retail,card_not_present,IE,False,
t003938,acc_0073,2026-04-04,214.62,fuel,mobile_app,IE,False,
t004014,acc_0075,2026-04-04,236.25,online retail,online_banking,IE,False,
t004078,acc_0076,2026-04-04,165.99,pharmacy,mobile_app,IE,False,
t004138,acc_0078,2026-04-04,9.04,fuel,card_not_present,IE,False,
t004180,acc_0080,2026-04-04,197.33,online retail,online_banking,IE,False,
t004217,acc_0081,2026-04-04,45.14,groceries,card_present,IE,False,
t004306,acc_0082,2026-04-04,6.0,pharmacy,card_not_present,IE,False,
t004475,acc_0086,2026-04-04,142.49,restaurants,card_present,IE,False,
t004564,acc_0087,2026-04-04,667.34,pharmacy,card_not_present,IE,False,
t004633,acc_0088,2026-04-04,48.14,online retail,card_present,IE,False,
t004723,acc_0089,2026-04-04,29.27,utilities,card_not_present,IE,False,
t004813,acc_0090,2026-04-04,304.62,electronics,mobile_app,IE,False,
t004940,acc_0094,2026-04-04,25.21,fuel,online_banking,IE,False,
t004960,acc_0095,2026-04-04,32.88,electronics,mobile_app,IE,False,
t005047,acc_0096,2026-04-04,228.73,groceries,mobile_app,IE,False,
t005111,acc_0098,2026-04-04,58.66,groceries,online_banking,IE,False,
t005150,acc_0099,2026-04-04,47.6,electronics,card_present,IE,False,
t005383,acc_0103,2026-04-04,188.27,online retail,mobile_app,IE,False,
t005472,acc_0104,2026-04-04,27.6,travel,card_not_present,IE,False,
t005534,acc_0105,2026-04-04,92.75,online retail,online_banking,IE,False,
t005644,acc_0107,2026-04-04,233.06,travel,card_not_present,IE,False,
t005742,acc_0109,2026-04-04,33.25,travel,card_present,IE,False,
t005765,acc_0110,2026-04-04,11.57,travel,card_not_present,IE,False,
t005854,acc_0111,2026-04-04,126.65,transfer,mobile_app,IE,False,
t005959,acc_0113,2026-04-04,197.18,transfer,online_banking,IE,False,
t006125,acc_0116,2026-04-04,82.52,travel,online_banking,IE,False,
t006167,acc_0117,2026-04-04,63.39,pharmacy,card_present,IE,False,
t006401,acc_0122,2026-04-04,13.68,restaurants,online_banking,IE,False,
t006588,acc_0125,2026-04-04,16.82,travel,online_banking,IE,False,
t006625,acc_0126,2026-04-04,69.43,online retail,card_not_present,IE,False,
t006715,acc_0127,2026-04-04,74.66,travel,mobile_app,IE,False,
t006776,acc_0128,2026-04-04,25.17,utilities,online_banking,IE,False,
t006918,acc_0131,2026-04-04,115.52,restaurants,mobile_app,IE,False,
t007156,acc_0136,2026-04-04,52.32,fuel,card_present,IE,False,
t007243,acc_0137,2026-04-04,143.26,groceries,card_present,IE,False,
t007304,acc_0139,2026-04-04,24.08,transfer,card_not_present,IE,False,
t007368,acc_0140,2026-04-04,513.69,restaurants,card_present,IE,False,
t007465,acc_0142,2026-04-04,191.7,fuel,card_not_present,IE,False,
t007553,acc_0143,2026-04-04,10.85,online retail,card_not_present,IE,False,
t007620,acc_0146,2026-04-04,118.3,travel,card_not_present,IE,False,
t007641,acc_0147,2026-04-04,32.85,electronics,card_present,IE,False,
t007731,acc_0148,2026-04-04,52.72,online retail,card_present,IE,False,
t007791,acc_0149,2026-04-04,99.1,groceries,online_banking,IE,False,
t007878,acc_0150,2026-04-04,34.75,transfer,mobile_app,IE,False,
t007948,acc_0153,2026-04-04,52.7,utilities,card_present,IE,False,
t008075,acc_0156,2026-04-04,77.31,fuel,card_present,IE,False,
t008110,acc_0157,2026-04-04,331.8,electronics,card_not_present,IE,False,
t008199,acc_0158,2026-04-04,4.05,travel,card_not_present,IE,False,
t008261,acc_0159,2026-04-04,19.53,fuel,mobile_app,IE,False,
t008322,acc_0160,2026-04-04,172.71,utilities,mobile_app,IE,False,
t008367,acc_0161,2026-04-04,111.03,electronics,card_present,IE,False,
t008454,acc_0162,2026-04-04,17.8,electronics,card_not_present,IE,False,
t008490,acc_0163,2026-04-04,429.56,fuel,online_banking,IE,False,
t008588,acc_0165,2026-04-04,28.57,restaurants,card_not_present,IE,False,
t008657,acc_0166,2026-04-04,56.2,transfer,online_banking,IE,False,
t008745,acc_0167,2026-04-04,65.66,fuel,card_present,IE,False,
t008769,acc_0168,2026-04-04,117.26,utilities,card_present,IE,False,
t008889,acc_0170,2026-04-04,249.8,pharmacy,card_present,IE,False,
t008979,acc_0171,2026-04-04,39.11,utilities,mobile_app,IE,False,
t009069,acc_0172,2026-04-04,166.27,transfer,card_not_present,IE,False,
t009158,acc_0173,2026-04-04,19.86,pharmacy,card_not_present,IE,False,
t009195,acc_0174,2026-04-04,44.95,travel,online_banking,IE,False,
t009284,acc_0175,2026-04-04,72.54,groceries,card_not_present,IE,False,
t009352,acc_0176,2026-04-04,146.85,groceries,card_not_present,IE,False,
t009442,acc_0177,2026-04-04,52.01,groceries,card_not_present,IE,False,
t009497,acc_0178,2026-04-04,19.25,pharmacy,online_banking,IE,False,
t009586,acc_0179,2026-04-04,17.26,restaurants,card_not_present,IE,False,
t009641,acc_0180,2026-04-04,54.17,electronics,mobile_app,IE,False,
t009702,acc_0181,2026-04-04,51.43,groceries,card_present,IE,False,
t009792,acc_0182,2026-04-04,30.62,travel,card_not_present,IE,False,
t009898,acc_0184,2026-04-04,126.18,utilities,card_not_present,IE,False,
t009953,acc_0186,2026-04-04,11.76,fuel,online_banking,IE,False,
t010055,acc_0189,2026-04-04,97.57,transfer,card_present,IE,False,
t010145,acc_0190,2026-04-04,149.45,groceries,mobile_app,IE,False,
t010335,acc_0194,2026-04-04,278.89,electronics,card_present,IE,False,
t010566,acc_0199,2026-04-04,17.22,travel,online_banking,IE,False,
t000040,acc_0001,2026-04-05,161.21,transfer,card_present,IE,False,
t000123,acc_0003,2026-04-05,162.62,groceries,card_not_present,IE,False,
t000231,acc_0005,2026-04-05,44.46,transfer,online_banking,IE,False,
t000446,acc_0009,2026-04-05,18.31,restaurants,mobile_app,IE,False,
t000570,acc_0011,2026-04-05,7.71,groceries,mobile_app,IE,False,
t000646,acc_0013,2026-04-05,119.03,electronics,card_present,IE,False,
t000711,acc_0014,2026-04-05,20.21,electronics,online_banking,IE,False,
t000814,acc_0016,2026-04-05,50.33,electronics,online_banking,IE,False,
t000902,acc_0017,2026-04-05,272.98,groceries,mobile_app,IE,False,
t000969,acc_0018,2026-04-05,71.09,restaurants,mobile_app,IE,False,
t001006,acc_0019,2026-04-05,77.45,electronics,card_present,IE,False,
t001093,acc_0020,2026-04-05,156.96,travel,card_present,IE,False,
t001154,acc_0021,2026-04-05,461.2,groceries,card_present,IE,False,
t001222,acc_0022,2026-04-05,15.21,pharmacy,online_banking,IE,False,
t001308,acc_0023,2026-04-05,58.11,utilities,card_present,IE,False,
t001331,acc_0024,2026-04-05,217.53,electronics,card_not_present,IE,False,
t001590,acc_0031,2026-04-05,52.16,transfer,card_not_present,IE,False,
t001761,acc_0034,2026-04-05,127.06,groceries,online_banking,IE,False,
t001912,acc_0036,2026-04-05,113.67,transfer,online_banking,IE,False,
t001934,acc_0037,2026-04-05,28.35,restaurants,card_not_present,IE,False,
t001978,acc_0039,2026-04-05,305.06,groceries,online_banking,IE,False,
t002093,acc_0044,2026-04-05,24.78,groceries,mobile_app,IE,False,
t002183,acc_0045,2026-04-05,110.94,restaurants,online_banking,IE,False,
t002290,acc_0047,2026-04-05,127.98,groceries,card_present,IE,False,
t002365,acc_0049,2026-04-05,142.67,restaurants,mobile_app,IE,False,
t002401,acc_0050,2026-04-05,20.77,online retail,card_not_present,IE,False,
t002489,acc_0051,2026-04-05,371.33,groceries,online_banking,IE,False,
t002654,acc_0054,2026-04-05,16.25,travel,card_not_present,IE,False,
t002754,acc_0056,2026-04-05,8.82,restaurants,mobile_app,IE,False,
t002792,acc_0057,2026-04-05,60.61,transfer,mobile_app,IE,False,
t002882,acc_0058,2026-04-05,311.43,online retail,card_present,IE,False,
t003036,acc_0060,2026-04-05,58.28,pharmacy,mobile_app,IE,False,
t003102,acc_0061,2026-04-05,219.61,groceries,card_not_present,IE,False,
t003192,acc_0062,2026-04-05,160.02,pharmacy,card_not_present,IE,False,
t003282,acc_0063,2026-04-05,79.25,pharmacy,card_not_present,IE,False,
t003369,acc_0064,2026-04-05,111.52,online retail,mobile_app,IE,False,
t003415,acc_0065,2026-04-05,36.03,transfer,mobile_app,IE,False,
t003505,acc_0066,2026-04-05,52.8,travel,card_present,IE,False,
t003566,acc_0067,2026-04-05,14.57,fuel,card_present,IE,False,
t003656,acc_0068,2026-04-05,118.51,groceries,card_present,IE,False,
t003764,acc_0070,2026-04-05,60.09,fuel,card_present,IE,False,
t003828,acc_0071,2026-04-05,37.53,groceries,online_banking,IE,False,
t003939,acc_0073,2026-04-05,105.97,transfer,mobile_app,IE,False,
t004015,acc_0075,2026-04-05,95.17,groceries,card_not_present,IE,False,
t004079,acc_0076,2026-04-05,279.5,groceries,online_banking,IE,False,
t004218,acc_0081,2026-04-05,98.36,utilities,card_not_present,IE,False,
t004307,acc_0082,2026-04-05,7.08,electronics,online_banking,IE,False,
t004341,acc_0083,2026-04-05,183.91,online retail,mobile_app,IE,False,
t004434,acc_0085,2026-04-05,173.08,electronics,card_not_present,IE,False,
t004476,acc_0086,2026-04-05,182.07,online retail,online_banking,IE,False,
t004565,acc_0087,2026-04-05,180.69,restaurants,card_not_present,IE,False,
t004634,acc_0088,2026-04-05,38.74,groceries,card_present,IE,False,
t004724,acc_0089,2026-04-05,60.3,utilities,online_banking,IE,False,
t004961,acc_0095,2026-04-05,22.72,electronics,card_present,IE,False,
t005048,acc_0096,2026-04-05,82.51,pharmacy,online_banking,IE,False,
t005112,acc_0098,2026-04-05,31.34,restaurants,card_not_present,IE,False,
t005151,acc_0099,2026-04-05,97.53,travel,mobile_app,IE,False,
t005238,acc_0100,2026-04-05,232.33,online retail,card_present,IE,False,
t005277,acc_0101,2026-04-05,42.78,pharmacy,online_banking,IE,False,
t005340,acc_0102,2026-04-05,242.51,fuel,mobile_app,IE,False,
t005384,acc_0103,2026-04-05,64.02,utilities,mobile_app,IE,False,
t005535,acc_0105,2026-04-05,243.32,restaurants,card_not_present,IE,False,
t005645,acc_0107,2026-04-05,172.09,transfer,mobile_app,IE,False,
t005766,acc_0110,2026-04-05,14.15,electronics,card_present,IE,False,
t005855,acc_0111,2026-04-05,180.17,electronics,mobile_app,IE,False,
t005960,acc_0113,2026-04-05,302.91,utilities,mobile_app,IE,False,
t006126,acc_0116,2026-04-05,85.59,groceries,card_not_present,IE,False,
t006296,acc_0120,2026-04-05,6.66,pharmacy,card_not_present,IE,False,
t006358,acc_0121,2026-04-05,27.65,groceries,mobile_app,IE,False,
t006402,acc_0122,2026-04-05,26.98,fuel,online_banking,IE,False,
t006490,acc_0123,2026-04-05,67.82,electronics,card_not_present,IE,False,
t006556,acc_0124,2026-04-05,205.8,utilities,mobile_app,IE,False,
t006626,acc_0126,2026-04-05,87.23,pharmacy,card_present,IE,False,
t006777,acc_0128,2026-04-05,22.41,utilities,card_not_present,IE,False,
t006919,acc_0131,2026-04-05,55.3,electronics,card_not_present,IE,False,
t007007,acc_0132,2026-04-05,268.04,travel,card_present,IE,False,
t007118,acc_0135,2026-04-05,69.38,transfer,mobile_app,IE,False,
t007157,acc_0136,2026-04-05,70.75,groceries,mobile_app,IE,False,
t007244,acc_0137,2026-04-05,151.84,restaurants,online_banking,IE,False,
t007305,acc_0139,2026-04-05,53.12,electronics,card_present,IE,False,
t007369,acc_0140,2026-04-05,263.88,transfer,card_present,IE,False,
t007466,acc_0142,2026-04-05,201.75,travel,card_present,IE,False,
t007642,acc_0147,2026-04-05,75.36,restaurants,card_present,IE,False,
t007732,acc_0148,2026-04-05,19.47,transfer,mobile_app,IE,False,
t007792,acc_0149,2026-04-05,32.6,utilities,online_banking,IE,False,
t007879,acc_0150,2026-04-05,33.19,groceries,card_present,IE,False,
t008022,acc_0155,2026-04-05,350.9,travel,card_present,IE,False,
t008111,acc_0157,2026-04-05,765.4,utilities,card_not_present,IE,False,
t008262,acc_0159,2026-04-05,20.8,online retail,online_banking,IE,False,
t008368,acc_0161,2026-04-05,116.67,restaurants,mobile_app,IE,False,
t008550,acc_0164,2026-04-05,148.28,groceries,online_banking,IE,False,
t008589,acc_0165,2026-04-05,27.51,electronics,online_banking,IE,False,
t008658,acc_0166,2026-04-05,37.57,fuel,mobile_app,IE,False,
t008770,acc_0168,2026-04-05,142.25,restaurants,online_banking,IE,False,
t008890,acc_0170,2026-04-05,54.26,groceries,mobile_app,IE,False,
t008980,acc_0171,2026-04-05,34.57,travel,mobile_app,IE,False,
t009070,acc_0172,2026-04-05,30.41,restaurants,mobile_app,IE,False,
t009196,acc_0174,2026-04-05,59.58,groceries,card_present,IE,False,
t009285,acc_0175,2026-04-05,70.55,utilities,card_not_present,IE,False,
t009353,acc_0176,2026-04-05,210.46,restaurants,mobile_app,IE,False,
t009498,acc_0178,2026-04-05,25.28,fuel,card_not_present,IE,False,
t009703,acc_0181,2026-04-05,36.02,utilities,mobile_app,IE,False,
t009793,acc_0182,2026-04-05,32.37,restaurants,card_not_present,IE,False,
t009919,acc_0185,2026-04-05,73.51,transfer,online_banking,IE,False,
t010015,acc_0188,2026-04-05,64.26,fuel,card_present,IE,False,
t010056,acc_0189,2026-04-05,285.82,groceries,mobile_app,IE,False,
t010146,acc_0190,2026-04-05,194.46,pharmacy,mobile_app,IE,False,
t010270,acc_0193,2026-04-05,102.95,online retail,online_banking,IE,False,
t010336,acc_0194,2026-04-05,215.47,restaurants,card_not_present,IE,False,
t010376,acc_0195,2026-04-05,297.67,travel,card_not_present,IE,False,
t010438,acc_0196,2026-04-05,25.57,utilities,card_present,IE,False,
t010477,acc_0197,2026-04-05,69.91,utilities,online_banking,IE,False,
t010567,acc_0199,2026-04-05,21.53,groceries,card_present,IE,False,
t000003,acc_0000,2026-04-06,18.54,utilities,card_not_present,IE,False,
t000100,acc_0002,2026-04-06,137.69,online retail,card_not_present,IE,False,
t000124,acc_0003,2026-04-06,92.0,electronics,mobile_app,IE,False,
t000232,acc_0005,2026-04-06,59.49,electronics,mobile_app,IE,False,
t000336,acc_0007,2026-04-06,27.12,travel,mobile_app,IE,False,
t000447,acc_0009,2026-04-06,77.21,fuel,card_not_present,IE,False,
t000604,acc_0012,2026-04-06,8.8,travel,online_banking,IE,False,
t000647,acc_0013,2026-04-06,185.67,utilities,online_banking,IE,False,
t000712,acc_0014,2026-04-06,39.25,utilities,card_not_present,IE,False,
t000815,acc_0016,2026-04-06,97.0,transfer,card_present,IE,False,
t000903,acc_0017,2026-04-06,46.9,utilities,card_present,IE,False,
t001007,acc_0019,2026-04-06,89.39,groceries,online_banking,IE,False,
t001094,acc_0020,2026-04-06,239.93,utilities,card_not_present,IE,False,
t001155,acc_0021,2026-04-06,194.18,utilities,card_present,IE,False,
t001223,acc_0022,2026-04-06,19.63,fuel,card_not_present,IE,False,
t001332,acc_0024,2026-04-06,249.17,travel,online_banking,IE,False,
t001368,acc_0025,2026-04-06,146.32,electronics,card_present,IE,False,
t001446,acc_0027,2026-04-06,17.33,pharmacy,mobile_app,IE,False,
t001527,acc_0029,2026-04-06,119.21,groceries,online_banking,IE,False,
t001591,acc_0031,2026-04-06,38.69,groceries,card_present,IE,False,
t001693,acc_0033,2026-04-06,96.41,transfer,card_present,IE,False,
t001762,acc_0034,2026-04-06,98.21,online retail,mobile_app,IE,False,
t001849,acc_0035,2026-04-06,9.9,groceries,online_banking,IE,False,
t001913,acc_0036,2026-04-06,135.39,electronics,card_present,IE,False,
t001935,acc_0037,2026-04-06,37.13,pharmacy,card_not_present,IE,False,
t001979,acc_0039,2026-04-06,61.36,online retail,card_not_present,IE,False,
t002030,acc_0041,2026-04-06,137.48,travel,mobile_app,IE,False,
t002094,acc_0044,2026-04-06,61.92,utilities,card_not_present,IE,False,
t002184,acc_0045,2026-04-06,80.9,travel,card_present,IE,False,
t002269,acc_0046,2026-04-06,106.61,groceries,card_not_present,IE,False,
t002402,acc_0050,2026-04-06,12.18,groceries,card_not_present,IE,False,
t002586,acc_0053,2026-04-06,13.67,fuel,card_not_present,IE,False,
t002655,acc_0054,2026-04-06,55.77,fuel,mobile_app,IE,False,
t002793,acc_0057,2026-04-06,184.39,fuel,card_present,IE,False,
t002883,acc_0058,2026-04-06,360.57,utilities,online_banking,IE,False,
t003037,acc_0060,2026-04-06,130.48,pharmacy,card_not_present,IE,False,
t003103,acc_0061,2026-04-06,141.12,pharmacy,card_not_present,IE,False,
t003193,acc_0062,2026-04-06,175.13,fuel,mobile_app,IE,False,
t003283,acc_0063,2026-04-06,298.31,groceries,card_present,IE,False,
t003416,acc_0065,2026-04-06,42.73,travel,card_not_present,IE,False,
t003567,acc_0067,2026-04-06,9.42,transfer,mobile_app,IE,False,
t003657,acc_0068,2026-04-06,44.89,electronics,card_present,IE,False,
t003765,acc_0070,2026-04-06,189.07,pharmacy,mobile_app,IE,False,
t003829,acc_0071,2026-04-06,24.48,fuel,card_present,IE,False,
t003940,acc_0073,2026-04-06,88.57,online retail,card_present,IE,False,
t004016,acc_0075,2026-04-06,382.9,online retail,card_present,IE,False,
t004219,acc_0081,2026-04-06,77.79,travel,card_not_present,IE,False,
t004382,acc_0084,2026-04-06,215.03,electronics,card_not_present,IE,False,
t004435,acc_0085,2026-04-06,196.13,transfer,online_banking,IE,False,
t004477,acc_0086,2026-04-06,109.11,travel,online_banking,IE,False,
t004566,acc_0087,2026-04-06,347.94,pharmacy,card_not_present,IE,False,
t004635,acc_0088,2026-04-06,63.81,restaurants,card_present,IE,False,
t004725,acc_0089,2026-04-06,40.74,restaurants,card_present,IE,False,
t004923,acc_0093,2026-04-06,34.62,online retail,card_present,IE,False,
t004962,acc_0095,2026-04-06,66.75,groceries,card_present,IE,False,
t005152,acc_0099,2026-04-06,42.09,restaurants,card_not_present,IE,False,
t005278,acc_0101,2026-04-06,37.14,restaurants,online_banking,IE,False,
t005341,acc_0102,2026-04-06,92.36,restaurants,online_banking,IE,False,
t005385,acc_0103,2026-04-06,111.05,groceries,card_present,IE,False,
t005473,acc_0104,2026-04-06,10.85,travel,online_banking,IE,False,
t005536,acc_0105,2026-04-06,87.11,electronics,card_not_present,IE,False,
t005709,acc_0108,2026-04-06,46.53,online retail,card_present,IE,False,
t005767,acc_0110,2026-04-06,13.62,utilities,online_banking,IE,False,
t005856,acc_0111,2026-04-06,77.95,transfer,card_not_present,IE,False,
t005917,acc_0112,2026-04-06,71.29,utilities,online_banking,IE,False,
t005961,acc_0113,2026-04-06,244.95,travel,mobile_app,IE,False,
t006127,acc_0116,2026-04-06,50.17,pharmacy,online_banking,IE,False,
t006168,acc_0117,2026-04-06,141.31,fuel,card_not_present,IE,False,
t006297,acc_0120,2026-04-06,30.59,restaurants,card_not_present,IE,False,
t006403,acc_0122,2026-04-06,14.76,online retail,online_banking,IE,False,
t006491,acc_0123,2026-04-06,88.05,transfer,mobile_app,IE,False,
t006557,acc_0124,2026-04-06,113.43,travel,online_banking,IE,False,
t006589,acc_0125,2026-04-06,44.0,restaurants,mobile_app,IE,False,
t006627,acc_0126,2026-04-06,34.38,online retail,online_banking,IE,False,
t006778,acc_0128,2026-04-06,11.64,fuel,card_present,IE,False,
t006884,acc_0130,2026-04-06,83.66,fuel,card_present,IE,False,
t006920,acc_0131,2026-04-06,63.35,groceries,online_banking,IE,False,
t007008,acc_0132,2026-04-06,114.04,transfer,card_not_present,IE,False,
t007158,acc_0136,2026-04-06,81.13,pharmacy,mobile_app,IE,False,
t007280,acc_0138,2026-04-06,233.71,fuel,card_present,IE,False,
t007306,acc_0139,2026-04-06,60.76,restaurants,card_present,IE,False,
t007370,acc_0140,2026-04-06,108.06,utilities,card_present,IE,False,
t007467,acc_0142,2026-04-06,169.16,restaurants,online_banking,IE,False,
t007605,acc_0145,2026-04-06,267.17,restaurants,mobile_app,IE,False,
t007643,acc_0147,2026-04-06,23.58,pharmacy,card_present,IE,False,
t007733,acc_0148,2026-04-06,62.91,utilities,card_present,IE,False,
t007793,acc_0149,2026-04-06,43.12,restaurants,mobile_app,IE,False,
t007896,acc_0151,2026-04-06,21.12,groceries,online_banking,IE,False,
t008023,acc_0155,2026-04-06,394.57,pharmacy,mobile_app,IE,False,
t008076,acc_0156,2026-04-06,22.18,online retail,card_present,IE,False,
t008112,acc_0157,2026-04-06,186.18,groceries,card_present,IE,False,
t008200,acc_0158,2026-04-06,18.2,online retail,card_present,IE,False,
t008323,acc_0160,2026-04-06,60.22,fuel,online_banking,IE,False,
t008369,acc_0161,2026-04-06,114.25,travel,mobile_app,IE,False,
t008491,acc_0163,2026-04-06,82.76,online retail,card_not_present,IE,False,
t008551,acc_0164,2026-04-06,215.86,fuel,online_banking,IE,False,
t008659,acc_0166,2026-04-06,67.09,electronics,mobile_app,IE,False,
t008771,acc_0168,2026-04-06,213.79,travel,card_present,IE,False,
t008891,acc_0170,2026-04-06,62.97,utilities,card_present,IE,False,
t008981,acc_0171,2026-04-06,25.86,transfer,card_present,IE,False,
t009071,acc_0172,2026-04-06,36.92,online retail,card_not_present,IE,False,
t009197,acc_0174,2026-04-06,28.67,electronics,card_present,IE,False,
t009286,acc_0175,2026-04-06,35.71,transfer,card_present,IE,False,
t009354,acc_0176,2026-04-06,747.88,restaurants,card_not_present,IE,False,
t009443,acc_0177,2026-04-06,22.79,travel,card_not_present,IE,False,
t009499,acc_0178,2026-04-06,5.07,groceries,card_not_present,IE,False,
t009642,acc_0180,2026-04-06,27.86,restaurants,online_banking,IE,False,
t009704,acc_0181,2026-04-06,43.44,online retail,online_banking,IE,False,
t009794,acc_0182,2026-04-06,51.98,fuel,online_banking,IE,False,
t009899,acc_0184,2026-04-06,543.69,transfer,card_not_present,IE,False,
t009920,acc_0185,2026-04-06,68.78,restaurants,card_not_present,IE,False,
t009954,acc_0186,2026-04-06,22.43,electronics,mobile_app,IE,False,
t010016,acc_0188,2026-04-06,15.15,pharmacy,card_present,IE,False,
t010057,acc_0189,2026-04-06,120.46,online retail,card_present,IE,False,
t010147,acc_0190,2026-04-06,74.85,electronics,online_banking,IE,False,
t010271,acc_0193,2026-04-06,96.95,pharmacy,mobile_app,IE,False,
t010377,acc_0195,2026-04-06,73.55,online retail,card_not_present,IE,False,
t010439,acc_0196,2026-04-06,10.21,transfer,online_banking,IE,False,
t010478,acc_0197,2026-04-06,67.01,groceries,card_present,IE,False,
t000004,acc_0000,2026-04-07,29.11,transfer,card_not_present,IE,False,
t000041,acc_0001,2026-04-07,43.68,restaurants,card_present,IE,False,
t000101,acc_0002,2026-04-07,108.89,pharmacy,online_banking,IE,False,
t000125,acc_0003,2026-04-07,45.86,electronics,card_present,IE,False,
t000233,acc_0005,2026-04-07,23.78,fuel,online_banking,IE,False,
t000448,acc_0009,2026-04-07,109.0,travel,card_not_present,IE,False,
t000534,acc_0010,2026-04-07,33.19,utilities,card_present,IE,False,
t000648,acc_0013,2026-04-07,98.62,utilities,online_banking,IE,False,
t000713,acc_0014,2026-04-07,11.9,pharmacy,mobile_app,IE,False,
t000816,acc_0016,2026-04-07,39.75,electronics,mobile_app,IE,False,
t001008,acc_0019,2026-04-07,105.34,transfer,card_present,IE,False,
t001156,acc_0021,2026-04-07,126.02,pharmacy,card_present,IE,False,
t001224,acc_0022,2026-04-07,30.04,groceries,online_banking,IE,False,
t001430,acc_0026,2026-04-07,25.01,groceries,card_present,IE,False,
t001447,acc_0027,2026-04-07,14.44,pharmacy,mobile_app,IE,False,
t001592,acc_0031,2026-04-07,69.25,restaurants,online_banking,IE,False,
t001676,acc_0032,2026-04-07,116.38,utilities,card_not_present,IE,False,
t001694,acc_0033,2026-04-07,96.83,travel,mobile_app,IE,False,
t001763,acc_0034,2026-04-07,405.15,transfer,online_banking,IE,False,
t001850,acc_0035,2026-04-07,41.36,restaurants,online_banking,IE,False,
t001954,acc_0038,2026-04-07,61.17,utilities,card_not_present,IE,False,
t001980,acc_0039,2026-04-07,436.67,restaurants,mobile_app,IE,False,
t002095,acc_0044,2026-04-07,46.78,transfer,card_present,IE,False,
t002185,acc_0045,2026-04-07,105.43,electronics,online_banking,IE,False,
t002291,acc_0047,2026-04-07,217.38,pharmacy,card_not_present,IE,False,
t002403,acc_0050,2026-04-07,31.11,pharmacy,card_present,IE,False,
t002490,acc_0051,2026-04-07,95.24,fuel,online_banking,IE,False,
t002550,acc_0052,2026-04-07,15.47,restaurants,online_banking,IE,False,
t002587,acc_0053,2026-04-07,80.97,pharmacy,card_not_present,IE,False,
t002656,acc_0054,2026-04-07,35.91,restaurants,card_not_present,IE,False,
t002718,acc_0055,2026-04-07,103.49,transfer,online_banking,IE,False,
t002755,acc_0056,2026-04-07,13.76,utilities,mobile_app,IE,False,
t002794,acc_0057,2026-04-07,213.79,electronics,mobile_app,IE,False,
t002884,acc_0058,2026-04-07,273.08,transfer,mobile_app,IE,False,
t002971,acc_0059,2026-04-07,463.17,groceries,card_present,IE,False,
t003038,acc_0060,2026-04-07,65.67,transfer,mobile_app,IE,False,
t003104,acc_0061,2026-04-07,73.69,pharmacy,mobile_app,IE,False,
t003194,acc_0062,2026-04-07,36.62,electronics,card_not_present,IE,False,
t003284,acc_0063,2026-04-07,133.67,restaurants,mobile_app,IE,False,
t003370,acc_0064,2026-04-07,247.74,travel,mobile_app,IE,False,
t003417,acc_0065,2026-04-07,111.76,groceries,card_present,IE,False,
t003506,acc_0066,2026-04-07,167.06,electronics,card_not_present,IE,False,
t003568,acc_0067,2026-04-07,18.47,electronics,mobile_app,IE,False,
t003658,acc_0068,2026-04-07,96.16,online retail,online_banking,IE,False,
t003766,acc_0070,2026-04-07,223.49,fuel,mobile_app,IE,False,
t003830,acc_0071,2026-04-07,14.75,transfer,online_banking,IE,False,
t003941,acc_0073,2026-04-07,101.36,electronics,card_present,IE,False,
t004017,acc_0075,2026-04-07,326.23,transfer,card_present,IE,False,
t004080,acc_0076,2026-04-07,224.13,travel,card_present,IE,False,
t004220,acc_0081,2026-04-07,92.63,online retail,card_not_present,IE,False,
t004308,acc_0082,2026-04-07,39.42,fuel,online_banking,IE,False,
t004342,acc_0083,2026-04-07,165.62,fuel,card_present,IE,False,
t004436,acc_0085,2026-04-07,62.42,restaurants,mobile_app,IE,False,
t004478,acc_0086,2026-04-07,287.37,restaurants,online_banking,IE,False,
t004567,acc_0087,2026-04-07,535.63,electronics,card_present,IE,False,
t004636,acc_0088,2026-04-07,37.72,pharmacy,online_banking,IE,False,
t004726,acc_0089,2026-04-07,83.24,electronics,mobile_app,IE,False,
t004889,acc_0092,2026-04-07,238.96,restaurants,mobile_app,IE,False,
t004963,acc_0095,2026-04-07,43.23,online retail,mobile_app,IE,False,
t005079,acc_0097,2026-04-07,34.55,restaurants,card_not_present,IE,False,
t005113,acc_0098,2026-04-07,20.35,utilities,card_present,IE,False,
t005153,acc_0099,2026-04-07,40.28,transfer,card_not_present,IE,False,
t005342,acc_0102,2026-04-07,69.44,transfer,mobile_app,IE,False,
t005386,acc_0103,2026-04-07,33.93,electronics,card_present,IE,False,
t005474,acc_0104,2026-04-07,8.34,travel,mobile_app,IE,False,
t005537,acc_0105,2026-04-07,132.31,travel,mobile_app,IE,False,
t005646,acc_0107,2026-04-07,189.86,transfer,card_present,IE,False,
t005768,acc_0110,2026-04-07,28.53,utilities,card_not_present,IE,False,
t005857,acc_0111,2026-04-07,235.9,travel,card_not_present,IE,False,
t005918,acc_0112,2026-04-07,54.77,transfer,card_present,IE,False,
t005962,acc_0113,2026-04-07,401.46,electronics,card_present,IE,False,
t006048,acc_0114,2026-04-07,18.29,online retail,online_banking,IE,False,
t006169,acc_0117,2026-04-07,103.92,electronics,mobile_app,IE,False,
t006216,acc_0118,2026-04-07,134.03,transfer,online_banking,IE,False,
t006359,acc_0121,2026-04-07,19.51,pharmacy,mobile_app,IE,False,
t006404,acc_0122,2026-04-07,58.83,fuel,mobile_app,IE,False,
t006492,acc_0123,2026-04-07,88.99,electronics,card_not_present,IE,False,
t006558,acc_0124,2026-04-07,127.93,groceries,online_banking,IE,False,
t006590,acc_0125,2026-04-07,23.44,pharmacy,mobile_app,IE,False,
t006628,acc_0126,2026-04-07,34.63,transfer,card_present,IE,False,
t006779,acc_0128,2026-04-07,14.0,restaurants,card_present,IE,False,
t006921,acc_0131,2026-04-07,149.99,fuel,mobile_app,IE,False,
t007009,acc_0132,2026-04-07,172.88,restaurants,card_present,IE,False,
t007104,acc_0134,2026-04-07,18.2,transfer,mobile_app,IE,False,
t007119,acc_0135,2026-04-07,134.14,restaurants,card_not_present,IE,False,
t007159,acc_0136,2026-04-07,74.39,travel,card_not_present,IE,False,
t007245,acc_0137,2026-04-07,104.25,online retail,mobile_app,IE,False,
t007371,acc_0140,2026-04-07,145.47,electronics,card_not_present,IE,False,
t007468,acc_0142,2026-04-07,125.15,transfer,card_not_present,IE,False,
t007644,acc_0147,2026-04-07,135.55,restaurants,online_banking,IE,False,
t007794,acc_0149,2026-04-07,365.93,transfer,online_banking,IE,False,
t008024,acc_0155,2026-04-07,255.37,electronics,card_not_present,IE,False,
t008077,acc_0156,2026-04-07,46.41,pharmacy,card_not_present,IE,False,
t008113,acc_0157,2026-04-07,269.53,fuel,card_present,IE,False,
t008201,acc_0158,2026-04-07,74.17,travel,mobile_app,IE,False,
t008324,acc_0160,2026-04-07,370.22,utilities,card_not_present,IE,False,
t008370,acc_0161,2026-04-07,224.5,travel,mobile_app,IE,False,
t008492,acc_0163,2026-04-07,160.27,fuel,mobile_app,IE,False,
t008590,acc_0165,2026-04-07,33.56,pharmacy,mobile_app,IE,False,
t008660,acc_0166,2026-04-07,76.53,fuel,mobile_app,IE,False,
t008772,acc_0168,2026-04-07,32.94,fuel,card_not_present,IE,False,
t008892,acc_0170,2026-04-07,109.65,pharmacy,card_not_present,IE,False,
t008982,acc_0171,2026-04-07,60.56,transfer,mobile_app,IE,False,
t009072,acc_0172,2026-04-07,105.57,pharmacy,mobile_app,IE,False,
t009198,acc_0174,2026-04-07,75.64,travel,online_banking,IE,False,
t009355,acc_0176,2026-04-07,460.75,restaurants,card_present,IE,False,
t009444,acc_0177,2026-04-07,20.23,online retail,online_banking,IE,False,
t009500,acc_0178,2026-04-07,11.78,transfer,card_present,IE,False,
t009587,acc_0179,2026-04-07,128.44,pharmacy,card_present,IE,False,
t009643,acc_0180,2026-04-07,64.5,pharmacy,card_present,IE,False,
t009705,acc_0181,2026-04-07,48.12,online retail,online_banking,IE,False,
t009795,acc_0182,2026-04-07,36.0,electronics,online_banking,IE,False,
t009879,acc_0183,2026-04-07,37.74,transfer,card_present,IE,False,
t009921,acc_0185,2026-04-07,63.16,groceries,mobile_app,IE,False,
t010058,acc_0189,2026-04-07,377.45,fuel,card_present,IE,False,
t010148,acc_0190,2026-04-07,120.7,utilities,card_present,IE,False,
t010234,acc_0191,2026-04-07,61.42,pharmacy,mobile_app,IE,False,
t010272,acc_0193,2026-04-07,38.05,fuel,card_present,IE,False,
t010337,acc_0194,2026-04-07,258.84,groceries,card_not_present,IE,False,
t010378,acc_0195,2026-04-07,364.33,pharmacy,mobile_app,IE,False,
t010479,acc_0197,2026-04-07,123.64,online retail,online_banking,IE,False,
t010533,acc_0198,2026-04-07,76.93,transfer,card_present,IE,False,
t010568,acc_0199,2026-04-07,7.04,fuel,online_banking,IE,False,
t000126,acc_0003,2026-04-08,70.14,restaurants,card_present,IE,False,
t000337,acc_0007,2026-04-08,315.43,travel,online_banking,IE,False,
t000449,acc_0009,2026-04-08,103.45,transfer,card_present,IE,False,
t000535,acc_0010,2026-04-08,20.39,utilities,card_present,IE,False,
t000605,acc_0012,2026-04-08,15.73,travel,online_banking,IE,False,
t000649,acc_0013,2026-04-08,154.5,groceries,card_not_present,IE,False,
t000714,acc_0014,2026-04-08,17.57,groceries,online_banking,IE,False,
t000817,acc_0016,2026-04-08,62.93,fuel,online_banking,IE,False,
t000904,acc_0017,2026-04-08,50.76,pharmacy,card_not_present,IE,False,
t000970,acc_0018,2026-04-08,83.62,pharmacy,card_present,IE,False,
t001009,acc_0019,2026-04-08,56.11,fuel,card_present,IE,False,
t001095,acc_0020,2026-04-08,168.41,transfer,card_present,IE,False,
t001157,acc_0021,2026-04-08,280.96,groceries,online_banking,IE,False,
t001225,acc_0022,2026-04-08,19.07,travel,mobile_app,IE,False,
t001369,acc_0025,2026-04-08,78.66,transfer,card_present,IE,False,
t001448,acc_0027,2026-04-08,7.83,restaurants,online_banking,IE,False,
t001528,acc_0029,2026-04-08,143.65,groceries,card_present,IE,False,
t001545,acc_0030,2026-04-08,144.74,transfer,card_present,IE,False,
t001593,acc_0031,2026-04-08,58.72,utilities,online_banking,IE,False,
t001764,acc_0034,2026-04-08,174.18,pharmacy,card_not_present,IE,False,
t001851,acc_0035,2026-04-08,53.07,electronics,mobile_app,IE,False,
t001955,acc_0038,2026-04-08,77.5,groceries,online_banking,IE,False,
t001981,acc_0039,2026-04-08,117.11,pharmacy,card_not_present,IE,False,
t002096,acc_0044,2026-04-08,38.74,travel,card_not_present,IE,False,
t002186,acc_0045,2026-04-08,117.73,utilities,card_present,IE,False,
t002292,acc_0047,2026-04-08,139.75,pharmacy,mobile_app,IE,False,
t002366,acc_0049,2026-04-08,117.74,fuel,card_not_present,IE,False,
t002404,acc_0050,2026-04-08,5.68,utilities,card_not_present,IE,False,
t002551,acc_0052,2026-04-08,12.2,groceries,online_banking,IE,False,
t002719,acc_0055,2026-04-08,240.04,transfer,mobile_app,IE,False,
t002795,acc_0057,2026-04-08,207.5,transfer,online_banking,IE,False,
t002885,acc_0058,2026-04-08,123.91,transfer,card_present,IE,False,
t003039,acc_0060,2026-04-08,36.41,groceries,card_present,IE,False,
t003105,acc_0061,2026-04-08,244.38,electronics,mobile_app,IE,False,
t003195,acc_0062,2026-04-08,54.87,electronics,mobile_app,IE,False,
t003285,acc_0063,2026-04-08,193.94,restaurants,mobile_app,IE,False,
t003371,acc_0064,2026-04-08,192.52,travel,card_present,IE,False,
t003418,acc_0065,2026-04-08,33.21,pharmacy,mobile_app,IE,False,
t003569,acc_0067,2026-04-08,36.32,electronics,mobile_app,IE,False,
t003659,acc_0068,2026-04-08,170.67,electronics,card_present,IE,False,
t003831,acc_0071,2026-04-08,10.21,utilities,card_present,IE,False,
t003915,acc_0072,2026-04-08,43.69,electronics,card_not_present,IE,False,
t003942,acc_0073,2026-04-08,106.17,groceries,mobile_app,IE,False,
t003997,acc_0074,2026-04-08,40.03,restaurants,mobile_app,IE,False,
t004081,acc_0076,2026-04-08,431.62,online retail,card_not_present,IE,False,
t004181,acc_0080,2026-04-08,137.7,online retail,online_banking,IE,False,
t004221,acc_0081,2026-04-08,189.62,travel,card_not_present,IE,False,
t004343,acc_0083,2026-04-08,38.13,online retail,card_present,IE,False,
t004437,acc_0085,2026-04-08,334.72,pharmacy,mobile_app,IE,False,
t004479,acc_0086,2026-04-08,97.7,utilities,card_present,IE,False,
t004568,acc_0087,2026-04-08,386.17,electronics,mobile_app,IE,False,
t004637,acc_0088,2026-04-08,39.06,utilities,mobile_app,IE,False,
t004727,acc_0089,2026-04-08,12.42,pharmacy,online_banking,IE,False,
t004814,acc_0090,2026-04-08,150.64,utilities,mobile_app,IE,False,
t004875,acc_0091,2026-04-08,162.7,electronics,online_banking,IE,False,
t004964,acc_0095,2026-04-08,37.37,electronics,card_present,IE,False,
t005154,acc_0099,2026-04-08,140.86,electronics,online_banking,IE,False,
t005279,acc_0101,2026-04-08,20.54,restaurants,mobile_app,IE,False,
t005343,acc_0102,2026-04-08,44.56,electronics,mobile_app,IE,False,
t005387,acc_0103,2026-04-08,75.5,fuel,card_present,IE,False,
t005475,acc_0104,2026-04-08,53.4,groceries,card_not_present,IE,False,
t005538,acc_0105,2026-04-08,185.36,electronics,mobile_app,IE,False,
t005647,acc_0107,2026-04-08,102.24,restaurants,online_banking,IE,False,
t005710,acc_0108,2026-04-08,9.92,travel,online_banking,IE,False,
t005769,acc_0110,2026-04-08,13.29,fuel,mobile_app,IE,False,
t005963,acc_0113,2026-04-08,200.25,utilities,mobile_app,IE,False,
t006049,acc_0114,2026-04-08,11.37,pharmacy,card_present,IE,False,
t006360,acc_0121,2026-04-08,35.79,utilities,mobile_app,IE,False,
t006405,acc_0122,2026-04-08,22.58,pharmacy,online_banking,IE,False,
t006493,acc_0123,2026-04-08,69.99,electronics,mobile_app,IE,False,
t006629,acc_0126,2026-04-08,47.04,utilities,card_present,IE,False,
t006716,acc_0127,2026-04-08,111.06,transfer,card_present,IE,False,
t006780,acc_0128,2026-04-08,16.95,restaurants,card_present,IE,False,
t006885,acc_0130,2026-04-08,70.07,pharmacy,card_present,IE,False,
t006922,acc_0131,2026-04-08,81.32,pharmacy,online_banking,IE,False,
t007160,acc_0136,2026-04-08,48.05,travel,card_present,IE,False,
t007246,acc_0137,2026-04-08,115.05,fuel,card_not_present,IE,False,
t007307,acc_0139,2026-04-08,37.28,utilities,card_present,IE,False,
t007372,acc_0140,2026-04-08,192.86,travel,card_present,IE,False,
t007469,acc_0142,2026-04-08,207.34,restaurants,card_not_present,IE,False,
t007554,acc_0143,2026-04-08,12.78,utilities,card_not_present,IE,False,
t007645,acc_0147,2026-04-08,26.26,travel,mobile_app,IE,False,
t007734,acc_0148,2026-04-08,22.35,groceries,online_banking,IE,False,
t007795,acc_0149,2026-04-08,62.23,travel,mobile_app,IE,False,
t007897,acc_0151,2026-04-08,34.6,groceries,online_banking,IE,False,
t007971,acc_0154,2026-04-08,52.43,electronics,online_banking,IE,False,
t008025,acc_0155,2026-04-08,451.24,groceries,card_present,IE,False,
t008114,acc_0157,2026-04-08,253.09,online retail,card_present,IE,False,
t008202,acc_0158,2026-04-08,25.81,travel,online_banking,IE,False,
t008263,acc_0159,2026-04-08,9.46,online retail,mobile_app,IE,False,
t008325,acc_0160,2026-04-08,179.45,groceries,card_present,IE,False,
t008371,acc_0161,2026-04-08,244.68,restaurants,card_not_present,IE,False,
t008493,acc_0163,2026-04-08,184.59,online retail,card_present,IE,False,
t008552,acc_0164,2026-04-08,248.33,transfer,card_not_present,IE,False,
t008591,acc_0165,2026-04-08,60.75,pharmacy,card_present,IE,False,
t008661,acc_0166,2026-04-08,46.84,electronics,online_banking,IE,False,
t008773,acc_0168,2026-04-08,206.34,fuel,online_banking,IE,False,
t008856,acc_0169,2026-04-08,102.43,pharmacy,mobile_app,IE,False,
t008893,acc_0170,2026-04-08,77.9,utilities,card_present,IE,False,
t008983,acc_0171,2026-04-08,73.51,utilities,card_present,IE,False,
t009073,acc_0172,2026-04-08,81.15,electronics,online_banking,IE,False,
t009199,acc_0174,2026-04-08,79.65,restaurants,card_not_present,IE,False,
t009287,acc_0175,2026-04-08,59.77,fuel,mobile_app,IE,False,
t009356,acc_0176,2026-04-08,64.19,online retail,card_not_present,IE,False,
t009445,acc_0177,2026-04-08,19.63,online retail,card_not_present,IE,False,
t009501,acc_0178,2026-04-08,18.34,pharmacy,card_not_present,IE,False,
t009588,acc_0179,2026-04-08,30.36,transfer,card_present,IE,False,
t009706,acc_0181,2026-04-08,49.49,pharmacy,card_present,IE,False,
t009796,acc_0182,2026-04-08,85.15,fuel,card_present,IE,False,
t009955,acc_0186,2026-04-08,37.17,pharmacy,card_present,IE,False,
t009991,acc_0187,2026-04-08,73.54,restaurants,card_not_present,IE,False,
t010017,acc_0188,2026-04-08,106.48,groceries,card_present,IE,False,
t010059,acc_0189,2026-04-08,105.99,travel,card_not_present,IE,False,
t010149,acc_0190,2026-04-08,121.02,pharmacy,mobile_app,IE,False,
t010379,acc_0195,2026-04-08,179.31,transfer,card_present,IE,False,
t010480,acc_0197,2026-04-08,208.22,utilities,mobile_app,IE,False,
t010569,acc_0199,2026-04-08,9.94,transfer,card_not_present,IE,False,
t000127,acc_0003,2026-04-09,234.18,utilities,card_not_present,IE,False,
t000234,acc_0005,2026-04-09,36.31,restaurants,card_present,IE,False,
t000401,acc_0008,2026-04-09,262.48,utilities,mobile_app,IE,False,
t000450,acc_0009,2026-04-09,53.23,travel,online_banking,IE,False,
t000536,acc_0010,2026-04-09,29.59,pharmacy,card_not_present,IE,False,
t000571,acc_0011,2026-04-09,14.64,transfer,online_banking,IE,False,
t000606,acc_0012,2026-04-09,17.57,groceries,online_banking,IE,False,
t000650,acc_0013,2026-04-09,42.63,restaurants,online_banking,IE,False,
t000715,acc_0014,2026-04-09,14.55,transfer,card_not_present,IE,False,
t000797,acc_0015,2026-04-09,76.71,restaurants,card_not_present,IE,False,
t000818,acc_0016,2026-04-09,28.16,transfer,card_present,IE,False,
t001010,acc_0019,2026-04-09,162.06,pharmacy,online_banking,IE,False,
t001096,acc_0020,2026-04-09,198.09,groceries,mobile_app,IE,False,
t001158,acc_0021,2026-04-09,213.6,utilities,mobile_app,IE,False,
t001226,acc_0022,2026-04-09,26.47,pharmacy,card_not_present,IE,False,
t001594,acc_0031,2026-04-09,34.48,travel,online_banking,IE,False,
t001765,acc_0034,2026-04-09,51.3,electronics,online_banking,IE,False,
t001852,acc_0035,2026-04-09,21.59,utilities,mobile_app,IE,False,
t002031,acc_0041,2026-04-09,158.66,groceries,online_banking,IE,False,
t002097,acc_0044,2026-04-09,39.51,groceries,mobile_app,IE,False,
t002187,acc_0045,2026-04-09,64.99,fuel,online_banking,IE,False,
t002405,acc_0050,2026-04-09,38.39,groceries,card_present,IE,False,
t002491,acc_0051,2026-04-09,79.26,electronics,card_not_present,IE,False,
t002552,acc_0052,2026-04-09,23.17,electronics,card_present,IE,False,
t002588,acc_0053,2026-04-09,11.93,travel,card_present,IE,False,
t002657,acc_0054,2026-04-09,17.36,electronics,online_banking,IE,False,
t002720,acc_0055,2026-04-09,195.07,restaurants,card_not_present,IE,False,
t002756,acc_0056,2026-04-09,26.57,travel,online_banking,IE,False,
t002796,acc_0057,2026-04-09,95.25,utilities,online_banking,IE,False,
t002886,acc_0058,2026-04-09,91.96,electronics,card_present,IE,False,
t002972,acc_0059,2026-04-09,296.73,online retail,card_present,IE,False,
t003040,acc_0060,2026-04-09,26.6,online retail,mobile_app,IE,False,
t003106,acc_0061,2026-04-09,99.71,electronics,mobile_app,IE,False,
t003196,acc_0062,2026-04-09,96.07,pharmacy,online_banking,IE,False,
t003286,acc_0063,2026-04-09,202.56,electronics,online_banking,IE,False,
t003372,acc_0064,2026-04-09,93.19,transfer,card_not_present,IE,False,
t003419,acc_0065,2026-04-09,69.86,groceries,card_present,IE,False,
t003507,acc_0066,2026-04-09,54.9,restaurants,card_not_present,IE,False,
t003570,acc_0067,2026-04-09,16.36,online retail,online_banking,IE,False,
t003660,acc_0068,2026-04-09,163.44,transfer,card_not_present,IE,False,
t003767,acc_0070,2026-04-09,95.22,pharmacy,online_banking,IE,False,
t003832,acc_0071,2026-04-09,19.09,groceries,card_not_present,IE,False,
t003943,acc_0073,2026-04-09,134.87,travel,card_present,IE,False,
t004018,acc_0075,2026-04-09,244.93,electronics,online_banking,IE,False,
t004082,acc_0076,2026-04-09,259.28,electronics,card_present,IE,False,
t004161,acc_0079,2026-04-09,68.31,restaurants,card_present,IE,False,
t004182,acc_0080,2026-04-09,84.19,pharmacy,card_present,IE,False,
t004222,acc_0081,2026-04-09,155.4,groceries,card_not_present,IE,False,
t004309,acc_0082,2026-04-09,26.46,online retail,mobile_app,IE,False,
t004344,acc_0083,2026-04-09,37.03,restaurants,mobile_app,IE,False,
t004438,acc_0085,2026-04-09,152.48,transfer,mobile_app,IE,False,
t004480,acc_0086,2026-04-09,103.25,groceries,online_banking,IE,False,
t004569,acc_0087,2026-04-09,67.39,fuel,mobile_app,IE,False,
t004638,acc_0088,2026-04-09,59.72,travel,card_not_present,IE,False,
t004728,acc_0089,2026-04-09,10.29,pharmacy,online_banking,IE,False,
t004815,acc_0090,2026-04-09,167.02,electronics,mobile_app,IE,False,
t004876,acc_0091,2026-04-09,116.07,travel,mobile_app,IE,False,
t004890,acc_0092,2026-04-09,173.11,fuel,card_not_present,IE,False,
t004965,acc_0095,2026-04-09,11.7,transfer,card_present,IE,False,
t005114,acc_0098,2026-04-09,26.3,pharmacy,card_present,IE,False,
t005155,acc_0099,2026-04-09,28.13,fuel,online_banking,IE,False,
t005239,acc_0100,2026-04-09,227.99,online retail,mobile_app,IE,False,
t005280,acc_0101,2026-04-09,9.54,travel,card_not_present,IE,False,
t005344,acc_0102,2026-04-09,136.51,travel,mobile_app,IE,False,
t005388,acc_0103,2026-04-09,64.42,travel,card_not_present,IE,False,
t005476,acc_0104,2026-04-09,32.19,restaurants,card_present,IE,False,
t005539,acc_0105,2026-04-09,175.42,groceries,card_present,IE,False,
t005770,acc_0110,2026-04-09,21.55,travel,online_banking,IE,False,
t005858,acc_0111,2026-04-09,319.37,travel,mobile_app,IE,False,
t005964,acc_0113,2026-04-09,217.03,electronics,card_not_present,IE,False,
t006128,acc_0116,2026-04-09,148.22,online retail,mobile_app,IE,False,
t006217,acc_0118,2026-04-09,140.57,online retail,card_not_present,IE,False,
t006298,acc_0120,2026-04-09,12.62,travel,online_banking,IE,False,
t006406,acc_0122,2026-04-09,32.4,utilities,online_banking,IE,False,
t006494,acc_0123,2026-04-09,108.82,groceries,card_not_present,IE,False,
t006559,acc_0124,2026-04-09,196.17,travel,mobile_app,IE,False,
t006630,acc_0126,2026-04-09,54.94,restaurants,card_not_present,IE,False,
t006717,acc_0127,2026-04-09,121.87,pharmacy,card_not_present,IE,False,
t006781,acc_0128,2026-04-09,8.97,online retail,mobile_app,IE,False,
t006864,acc_0129,2026-04-09,43.04,groceries,card_present,IE,False,
t006923,acc_0131,2026-04-09,72.51,travel,card_not_present,IE,False,
t007010,acc_0132,2026-04-09,216.98,travel,online_banking,IE,False,
t007120,acc_0135,2026-04-09,61.56,online retail,online_banking,IE,False,
t007161,acc_0136,2026-04-09,62.96,pharmacy,online_banking,IE,False,
t007247,acc_0137,2026-04-09,49.57,electronics,card_present,IE,False,
t007281,acc_0138,2026-04-09,88.81,pharmacy,online_banking,IE,False,
t007308,acc_0139,2026-04-09,37.88,groceries,online_banking,IE,False,
t007470,acc_0142,2026-04-09,353.47,travel,card_not_present,IE,False,
t007555,acc_0143,2026-04-09,18.46,travel,online_banking,IE,False,
t007646,acc_0147,2026-04-09,14.47,transfer,card_not_present,IE,False,
t007735,acc_0148,2026-04-09,67.89,travel,mobile_app,IE,False,
t007796,acc_0149,2026-04-09,217.09,fuel,card_not_present,IE,False,
t007898,acc_0151,2026-04-09,45.15,groceries,card_not_present,IE,False,
t008115,acc_0157,2026-04-09,407.85,pharmacy,mobile_app,IE,False,
t008264,acc_0159,2026-04-09,27.45,pharmacy,online_banking,IE,False,
t008326,acc_0160,2026-04-09,289.82,electronics,mobile_app,IE,False,
t008372,acc_0161,2026-04-09,441.82,electronics,card_not_present,IE,False,
t008494,acc_0163,2026-04-09,186.37,pharmacy,card_not_present,IE,False,
t008553,acc_0164,2026-04-09,66.61,groceries,card_present,IE,False,
t008592,acc_0165,2026-04-09,12.32,groceries,card_not_present,IE,False,
t008662,acc_0166,2026-04-09,45.42,utilities,card_not_present,IE,False,
t008774,acc_0168,2026-04-09,112.52,groceries,online_banking,IE,False,
t008857,acc_0169,2026-04-09,377.32,electronics,online_banking,IE,False,
t008894,acc_0170,2026-04-09,90.0,fuel,online_banking,IE,False,
t008984,acc_0171,2026-04-09,45.17,transfer,card_present,IE,False,
t009074,acc_0172,2026-04-09,128.43,electronics,card_not_present,IE,False,
t009159,acc_0173,2026-04-09,45.9,restaurants,card_present,IE,False,
t009200,acc_0174,2026-04-09,70.03,transfer,card_present,IE,False,
t009288,acc_0175,2026-04-09,105.6,electronics,card_not_present,IE,False,
t009357,acc_0176,2026-04-09,335.52,restaurants,online_banking,IE,False,
t009502,acc_0178,2026-04-09,13.13,transfer,card_present,IE,False,
t009707,acc_0181,2026-04-09,50.08,fuel,card_not_present,IE,False,
t009797,acc_0182,2026-04-09,75.59,transfer,card_not_present,IE,False,
t009992,acc_0187,2026-04-09,15.79,travel,card_not_present,IE,False,
t010018,acc_0188,2026-04-09,15.21,groceries,card_present,IE,False,
t010060,acc_0189,2026-04-09,246.03,pharmacy,card_present,IE,False,
t010150,acc_0190,2026-04-09,110.29,transfer,mobile_app,IE,False,
t010253,acc_0192,2026-04-09,20.95,restaurants,mobile_app,IE,False,
t010380,acc_0195,2026-04-09,85.17,restaurants,online_banking,IE,False,
t010570,acc_0199,2026-04-09,26.96,transfer,card_present,IE,False,
t000005,acc_0000,2026-04-10,32.7,groceries,card_not_present,IE,False,
t000128,acc_0003,2026-04-10,269.54,transfer,card_not_present,IE,False,
t000235,acc_0005,2026-04-10,84.8,fuel,online_banking,IE,False,
t000296,acc_0006,2026-04-10,350.39,fuel,online_banking,IE,False,
t000402,acc_0008,2026-04-10,160.1,online retail,mobile_app,IE,False,
t000451,acc_0009,2026-04-10,26.26,utilities,mobile_app,IE,False,
t000607,acc_0012,2026-04-10,6.96,pharmacy,card_not_present,IE,False,
t000651,acc_0013,2026-04-10,178.64,transfer,card_present,IE,False,
t000716,acc_0014,2026-04-10,13.33,groceries,mobile_app,IE,False,
t000798,acc_0015,2026-04-10,106.81,electronics,card_present,IE,False,
t000819,acc_0016,2026-04-10,64.72,groceries,online_banking,IE,False,
t000905,acc_0017,2026-04-10,115.51,travel,mobile_app,IE,False,
t001011,acc_0019,2026-04-10,131.61,restaurants,card_not_present,IE,False,
t001097,acc_0020,2026-04-10,492.91,fuel,card_not_present,IE,False,
t001227,acc_0022,2026-04-10,27.92,travel,online_banking,IE,False,
t001309,acc_0023,2026-04-10,47.85,transfer,mobile_app,IE,False,
t001333,acc_0024,2026-04-10,158.65,fuel,online_banking,IE,False,
t001449,acc_0027,2026-04-10,22.81,restaurants,mobile_app,IE,False,
t001595,acc_0031,2026-04-10,20.34,travel,card_not_present,IE,False,
t001695,acc_0033,2026-04-10,208.2,restaurants,online_banking,IE,False,
t001766,acc_0034,2026-04-10,137.51,transfer,card_not_present,IE,False,
t001853,acc_0035,2026-04-10,33.04,utilities,card_not_present,IE,False,
t001982,acc_0039,2026-04-10,290.49,travel,mobile_app,IE,False,
t002052,acc_0042,2026-04-10,156.34,groceries,card_not_present,IE,False,
t002098,acc_0044,2026-04-10,51.77,online retail,card_not_present,IE,False,
t002188,acc_0045,2026-04-10,104.49,utilities,online_banking,IE,False,
t002293,acc_0047,2026-04-10,109.0,online retail,mobile_app,IE,False,
t002406,acc_0050,2026-04-10,20.03,travel,card_not_present,IE,False,
t002492,acc_0051,2026-04-10,557.32,pharmacy,card_present,IE,False,
t002658,acc_0054,2026-04-10,33.35,electronics,online_banking,IE,False,
t002721,acc_0055,2026-04-10,346.03,electronics,online_banking,IE,False,
t002797,acc_0057,2026-04-10,320.0,groceries,mobile_app,IE,False,
t002887,acc_0058,2026-04-10,161.27,groceries,mobile_app,IE,False,
t002973,acc_0059,2026-04-10,184.79,electronics,online_banking,IE,False,
t003041,acc_0060,2026-04-10,117.87,groceries,mobile_app,IE,False,
t003107,acc_0061,2026-04-10,116.08,groceries,card_present,IE,False,
t003197,acc_0062,2026-04-10,35.58,transfer,card_present,IE,False,
t003287,acc_0063,2026-04-10,223.05,transfer,mobile_app,IE,False,
t003420,acc_0065,2026-04-10,230.89,fuel,card_present,IE,False,
t003508,acc_0066,2026-04-10,74.59,transfer,card_present,IE,False,
t003571,acc_0067,2026-04-10,111.0,pharmacy,online_banking,IE,False,
t003661,acc_0068,2026-04-10,85.24,pharmacy,card_not_present,IE,False,
t003833,acc_0071,2026-04-10,8.32,online retail,card_present,IE,False,
t003944,acc_0073,2026-04-10,35.93,fuel,card_not_present,IE,False,
t003998,acc_0074,2026-04-10,155.6,pharmacy,online_banking,IE,False,
t004223,acc_0081,2026-04-10,69.15,restaurants,online_banking,IE,False,
t004439,acc_0085,2026-04-10,64.94,transfer,mobile_app,IE,False,
t004481,acc_0086,2026-04-10,38.74,restaurants,online_banking,IE,False,
t004570,acc_0087,2026-04-10,73.37,travel,online_banking,IE,False,
t004639,acc_0088,2026-04-10,75.39,fuel,card_present,IE,False,
t004729,acc_0089,2026-04-10,58.65,travel,online_banking,IE,False,
t004816,acc_0090,2026-04-10,208.65,restaurants,mobile_app,IE,False,
t004877,acc_0091,2026-04-10,23.12,fuel,card_not_present,IE,False,
t004966,acc_0095,2026-04-10,48.08,pharmacy,mobile_app,IE,False,
t005049,acc_0096,2026-04-10,113.62,transfer,mobile_app,IE,False,
t005080,acc_0097,2026-04-10,5.87,pharmacy,card_not_present,IE,False,
t005156,acc_0099,2026-04-10,28.71,utilities,card_not_present,IE,False,
t005240,acc_0100,2026-04-10,212.32,pharmacy,mobile_app,IE,False,
t005281,acc_0101,2026-04-10,32.15,fuel,mobile_app,IE,False,
t005345,acc_0102,2026-04-10,26.15,transfer,card_not_present,IE,False,
t005389,acc_0103,2026-04-10,130.26,pharmacy,mobile_app,IE,False,
t005540,acc_0105,2026-04-10,108.9,online retail,mobile_app,IE,False,
t005648,acc_0107,2026-04-10,161.31,utilities,card_present,IE,False,
t005743,acc_0109,2026-04-10,12.83,electronics,mobile_app,IE,False,
t005771,acc_0110,2026-04-10,14.8,utilities,card_present,IE,False,
t005859,acc_0111,2026-04-10,280.01,pharmacy,card_not_present,IE,False,
t005919,acc_0112,2026-04-10,75.51,restaurants,card_not_present,IE,False,
t005965,acc_0113,2026-04-10,231.1,restaurants,card_not_present,IE,False,
t006050,acc_0114,2026-04-10,17.79,online retail,card_not_present,IE,False,
t006129,acc_0116,2026-04-10,106.71,utilities,card_not_present,IE,False,
t006218,acc_0118,2026-04-10,85.05,electronics,mobile_app,IE,False,
t006299,acc_0120,2026-04-10,23.07,fuel,card_not_present,IE,False,
t006407,acc_0122,2026-04-10,51.05,fuel,card_not_present,IE,False,
t006495,acc_0123,2026-04-10,77.95,travel,online_banking,IE,False,
t006631,acc_0126,2026-04-10,111.7,electronics,card_not_present,IE,False,
t006782,acc_0128,2026-04-10,14.34,utilities,card_present,IE,False,
t006865,acc_0129,2026-04-10,45.52,groceries,mobile_app,IE,False,
t006886,acc_0130,2026-04-10,166.13,electronics,card_present,IE,False,
t006924,acc_0131,2026-04-10,21.56,restaurants,card_not_present,IE,False,
t007011,acc_0132,2026-04-10,56.92,online retail,online_banking,IE,False,
t007071,acc_0133,2026-04-10,150.48,groceries,card_present,IE,False,
t007121,acc_0135,2026-04-10,77.62,transfer,card_present,IE,False,
t007162,acc_0136,2026-04-10,171.81,restaurants,card_present,IE,False,
t007428,acc_0141,2026-04-10,24.25,online retail,card_present,IE,False,
t007471,acc_0142,2026-04-10,218.44,fuel,online_banking,IE,False,
t007556,acc_0143,2026-04-10,23.26,groceries,online_banking,IE,False,
t007621,acc_0146,2026-04-10,459.54,groceries,online_banking,IE,False,
t007647,acc_0147,2026-04-10,88.68,groceries,online_banking,IE,False,
t007736,acc_0148,2026-04-10,90.98,fuel,mobile_app,IE,False,
t007797,acc_0149,2026-04-10,63.52,online retail,online_banking,IE,False,
t007899,acc_0151,2026-04-10,5.06,restaurants,card_not_present,IE,False,
t007949,acc_0153,2026-04-10,92.43,restaurants,card_not_present,IE,False,
t008026,acc_0155,2026-04-10,181.21,online retail,online_banking,IE,False,
t008116,acc_0157,2026-04-10,704.27,fuel,card_not_present,IE,False,
t008203,acc_0158,2026-04-10,12.57,transfer,mobile_app,IE,False,
t008265,acc_0159,2026-04-10,6.84,electronics,card_present,IE,False,
t008327,acc_0160,2026-04-10,148.68,utilities,mobile_app,IE,False,
t008373,acc_0161,2026-04-10,135.0,pharmacy,online_banking,IE,False,
t008495,acc_0163,2026-04-10,388.83,fuel,online_banking,IE,False,
t008593,acc_0165,2026-04-10,23.89,travel,card_not_present,IE,False,
t008663,acc_0166,2026-04-10,39.9,online retail,mobile_app,IE,False,
t008746,acc_0167,2026-04-10,19.72,online retail,card_present,IE,False,
t008775,acc_0168,2026-04-10,125.24,restaurants,mobile_app,IE,False,
t008895,acc_0170,2026-04-10,60.42,travel,mobile_app,IE,False,
t008985,acc_0171,2026-04-10,132.09,travel,mobile_app,IE,False,
t009075,acc_0172,2026-04-10,52.35,utilities,card_not_present,IE,False,
t009201,acc_0174,2026-04-10,86.24,travel,mobile_app,IE,False,
t009289,acc_0175,2026-04-10,52.84,pharmacy,online_banking,IE,False,
t009358,acc_0176,2026-04-10,202.51,fuel,mobile_app,IE,False,
t009446,acc_0177,2026-04-10,31.58,electronics,mobile_app,IE,False,
t009503,acc_0178,2026-04-10,15.96,electronics,card_present,IE,False,
t009644,acc_0180,2026-04-10,73.85,utilities,online_banking,IE,False,
t009708,acc_0181,2026-04-10,62.63,restaurants,online_banking,IE,False,
t009798,acc_0182,2026-04-10,46.4,groceries,card_not_present,IE,False,
t009900,acc_0184,2026-04-10,1249.75,electronics,mobile_app,IE,False,
t010019,acc_0188,2026-04-10,13.76,groceries,card_present,IE,False,
t010061,acc_0189,2026-04-10,190.98,travel,card_present,IE,False,
t010151,acc_0190,2026-04-10,56.22,online retail,card_not_present,IE,False,
t010381,acc_0195,2026-04-10,156.7,utilities,online_banking,IE,False,
t010440,acc_0196,2026-04-10,15.3,fuel,online_banking,IE,False,
t000006,acc_0000,2026-04-11,24.45,fuel,mobile_app,IE,False,
t000042,acc_0001,2026-04-11,172.22,groceries,card_not_present,IE,False,
t000129,acc_0003,2026-04-11,46.72,restaurants,online_banking,IE,False,
t000236,acc_0005,2026-04-11,68.53,fuel,online_banking,IE,False,
t000297,acc_0006,2026-04-11,246.08,groceries,card_not_present,IE,False,
t000338,acc_0007,2026-04-11,50.42,groceries,card_not_present,IE,False,
t000403,acc_0008,2026-04-11,144.84,online retail,card_not_present,IE,False,
t000452,acc_0009,2026-04-11,36.19,utilities,mobile_app,IE,False,
t000537,acc_0010,2026-04-11,10.15,transfer,card_present,IE,False,
t000652,acc_0013,2026-04-11,184.12,electronics,online_banking,IE,False,
t000717,acc_0014,2026-04-11,24.25,electronics,card_present,IE,False,
t000799,acc_0015,2026-04-11,100.01,groceries,mobile_app,IE,False,
t000820,acc_0016,2026-04-11,71.33,utilities,online_banking,IE,False,
t000906,acc_0017,2026-04-11,188.13,transfer,mobile_app,IE,False,
t001012,acc_0019,2026-04-11,109.26,pharmacy,card_present,IE,False,
t001159,acc_0021,2026-04-11,370.98,restaurants,card_present,IE,False,
t001228,acc_0022,2026-04-11,25.85,transfer,mobile_app,IE,False,
t001334,acc_0024,2026-04-11,410.4,electronics,card_present,IE,False,
t001370,acc_0025,2026-04-11,157.99,electronics,card_not_present,IE,False,
t001450,acc_0027,2026-04-11,48.15,online retail,mobile_app,IE,False,
t001499,acc_0028,2026-04-11,52.56,utilities,card_present,IE,False,
t001546,acc_0030,2026-04-11,240.5,fuel,mobile_app,IE,False,
t001596,acc_0031,2026-04-11,42.46,fuel,online_banking,IE,False,
t001677,acc_0032,2026-04-11,63.64,electronics,card_not_present,IE,False,
t001696,acc_0033,2026-04-11,38.48,utilities,card_not_present,IE,False,
t001767,acc_0034,2026-04-11,31.31,electronics,card_not_present,IE,False,
t001854,acc_0035,2026-04-11,11.96,electronics,card_present,IE,False,
t001983,acc_0039,2026-04-11,359.44,fuel,card_not_present,IE,False,
t002099,acc_0044,2026-04-11,48.96,travel,card_present,IE,False,
t002189,acc_0045,2026-04-11,94.9,transfer,card_present,IE,False,
t002294,acc_0047,2026-04-11,96.42,transfer,card_not_present,IE,False,
t002407,acc_0050,2026-04-11,23.93,travel,card_present,IE,False,
t002493,acc_0051,2026-04-11,268.61,online retail,card_present,IE,False,
t002589,acc_0053,2026-04-11,8.9,utilities,card_not_present,IE,False,
t002659,acc_0054,2026-04-11,11.59,transfer,mobile_app,IE,False,
t002757,acc_0056,2026-04-11,22.24,pharmacy,card_present,IE,False,
t002798,acc_0057,2026-04-11,128.17,utilities,card_not_present,IE,False,
t002888,acc_0058,2026-04-11,283.18,fuel,card_present,IE,False,
t002974,acc_0059,2026-04-11,181.29,online retail,mobile_app,IE,False,
t003042,acc_0060,2026-04-11,85.8,fuel,online_banking,IE,False,
t003108,acc_0061,2026-04-11,61.35,restaurants,mobile_app,IE,False,
t003198,acc_0062,2026-04-11,134.37,restaurants,card_not_present,IE,False,
t003288,acc_0063,2026-04-11,227.65,transfer,card_not_present,IE,False,
t003373,acc_0064,2026-04-11,58.19,pharmacy,card_present,IE,False,
t003421,acc_0065,2026-04-11,32.29,electronics,online_banking,IE,False,
t003572,acc_0067,2026-04-11,27.51,restaurants,card_not_present,IE,False,
t003662,acc_0068,2026-04-11,116.3,fuel,mobile_app,IE,False,
t003743,acc_0069,2026-04-11,13.85,groceries,online_banking,IE,False,
t003768,acc_0070,2026-04-11,94.4,online retail,card_not_present,IE,False,
t003834,acc_0071,2026-04-11,11.06,groceries,online_banking,IE,False,
t003945,acc_0073,2026-04-11,89.4,utilities,card_not_present,IE,False,
t004083,acc_0076,2026-04-11,211.84,transfer,card_present,IE,False,
t004183,acc_0080,2026-04-11,29.72,restaurants,card_present,IE,False,
t004224,acc_0081,2026-04-11,114.94,utilities,online_banking,IE,False,
t004310,acc_0082,2026-04-11,7.79,online retail,card_present,IE,False,
t004383,acc_0084,2026-04-11,256.38,electronics,online_banking,IE,False,
t004440,acc_0085,2026-04-11,289.76,online retail,card_present,IE,False,
t004482,acc_0086,2026-04-11,81.05,utilities,card_not_present,IE,False,
t004571,acc_0087,2026-04-11,84.36,transfer,mobile_app,IE,False,
t004640,acc_0088,2026-04-11,15.12,groceries,online_banking,IE,False,
t004730,acc_0089,2026-04-11,26.55,restaurants,online_banking,IE,False,
t004817,acc_0090,2026-04-11,77.15,transfer,mobile_app,IE,False,
t004967,acc_0095,2026-04-11,32.47,electronics,card_present,IE,False,
t005081,acc_0097,2026-04-11,7.47,electronics,card_not_present,IE,False,
t005115,acc_0098,2026-04-11,29.14,utilities,online_banking,IE,False,
t005157,acc_0099,2026-04-11,28.93,restaurants,online_banking,IE,False,
t005346,acc_0102,2026-04-11,38.01,fuel,online_banking,IE,False,
t005390,acc_0103,2026-04-11,81.11,utilities,card_not_present,IE,False,
t005477,acc_0104,2026-04-11,78.36,pharmacy,online_banking,IE,False,
t005541,acc_0105,2026-04-11,75.7,pharmacy,card_present,IE,False,
t005649,acc_0107,2026-04-11,121.46,groceries,card_present,IE,False,
t005744,acc_0109,2026-04-11,38.66,fuel,online_banking,IE,False,
t005772,acc_0110,2026-04-11,9.58,pharmacy,card_present,IE,False,
t005860,acc_0111,2026-04-11,105.03,restaurants,card_not_present,IE,False,
t005920,acc_0112,2026-04-11,53.68,travel,card_present,IE,False,
t005966,acc_0113,2026-04-11,214.04,electronics,mobile_app,IE,False,
t006051,acc_0114,2026-04-11,23.73,utilities,online_banking,IE,False,
t006219,acc_0118,2026-04-11,71.57,online retail,card_not_present,IE,False,
t006279,acc_0119,2026-04-11,51.04,fuel,card_present,IE,False,
t006300,acc_0120,2026-04-11,15.22,transfer,online_banking,IE,False,
t006408,acc_0122,2026-04-11,27.47,groceries,card_present,IE,False,
t006496,acc_0123,2026-04-11,28.32,pharmacy,card_not_present,IE,False,
t006632,acc_0126,2026-04-11,93.95,travel,mobile_app,IE,False,
t006783,acc_0128,2026-04-11,30.82,online retail,online_banking,IE,False,
t006925,acc_0131,2026-04-11,48.61,electronics,online_banking,IE,False,
t007012,acc_0132,2026-04-11,86.21,online retail,card_not_present,IE,False,
t007072,acc_0133,2026-04-11,302.49,travel,card_not_present,IE,False,
t007163,acc_0136,2026-04-11,63.22,fuel,mobile_app,IE,False,
t007373,acc_0140,2026-04-11,209.98,online retail,mobile_app,IE,False,
t007472,acc_0142,2026-04-11,1498.3,groceries,card_present,IE,False,
t007648,acc_0147,2026-04-11,54.62,pharmacy,card_not_present,IE,False,
t007737,acc_0148,2026-04-11,24.06,pharmacy,mobile_app,IE,False,
t007798,acc_0149,2026-04-11,110.18,groceries,card_not_present,IE,False,
t007880,acc_0150,2026-04-11,34.23,transfer,mobile_app,IE,False,
t007900,acc_0151,2026-04-11,26.4,transfer,card_present,IE,False,
t007972,acc_0154,2026-04-11,66.37,transfer,online_banking,IE,False,
t008117,acc_0157,2026-04-11,352.7,transfer,card_not_present,IE,False,
t008374,acc_0161,2026-04-11,108.75,fuel,card_present,IE,False,
t008496,acc_0163,2026-04-11,196.26,fuel,online_banking,IE,False,
t008554,acc_0164,2026-04-11,271.0,electronics,mobile_app,IE,False,
t008594,acc_0165,2026-04-11,29.71,online retail,card_present,IE,False,
t008664,acc_0166,2026-04-11,14.07,pharmacy,card_present,IE,False,
t008776,acc_0168,2026-04-11,180.66,restaurants,mobile_app,IE,False,
t008858,acc_0169,2026-04-11,136.52,electronics,online_banking,IE,False,
t008896,acc_0170,2026-04-11,71.57,groceries,online_banking,IE,False,
t008986,acc_0171,2026-04-11,64.45,restaurants,mobile_app,IE,False,
t009076,acc_0172,2026-04-11,76.76,restaurants,card_present,IE,False,
t009160,acc_0173,2026-04-11,6.7,online retail,mobile_app,IE,False,
t009202,acc_0174,2026-04-11,141.36,online retail,card_present,IE,False,
t009290,acc_0175,2026-04-11,41.38,travel,card_not_present,IE,False,
t009359,acc_0176,2026-04-11,321.14,groceries,card_present,IE,False,
t009504,acc_0178,2026-04-11,14.13,restaurants,card_present,IE,False,
t009589,acc_0179,2026-04-11,20.81,online retail,mobile_app,IE,False,
t009709,acc_0181,2026-04-11,26.88,fuel,online_banking,IE,False,
t009799,acc_0182,2026-04-11,45.02,restaurants,online_banking,IE,False,
t009922,acc_0185,2026-04-11,71.62,fuel,online_banking,IE,False,
t009956,acc_0186,2026-04-11,23.91,groceries,online_banking,IE,False,
t009993,acc_0187,2026-04-11,43.1,groceries,card_not_present,IE,False,
t010020,acc_0188,2026-04-11,15.94,groceries,mobile_app,IE,False,
t010062,acc_0189,2026-04-11,93.82,fuel,mobile_app,IE,False,
t010152,acc_0190,2026-04-11,154.24,groceries,mobile_app,IE,False,
t010273,acc_0193,2026-04-11,59.71,restaurants,card_present,IE,False,
t010441,acc_0196,2026-04-11,6.8,fuel,card_not_present,IE,False,
t010481,acc_0197,2026-04-11,102.95,online retail,mobile_app,IE,False,
t010534,acc_0198,2026-04-11,191.1,pharmacy,card_present,IE,False,
t010571,acc_0199,2026-04-11,16.29,electronics,online_banking,IE,False,
t000007,acc_0000,2026-04-12,49.7,travel,card_present,IE,False,
t000043,acc_0001,2026-04-12,87.78,travel,card_not_present,IE,False,
t000130,acc_0003,2026-04-12,86.32,transfer,card_not_present,IE,False,
t000237,acc_0005,2026-04-12,54.05,transfer,card_present,IE,False,
t000298,acc_0006,2026-04-12,112.77,travel,card_not_present,IE,False,
t000339,acc_0007,2026-04-12,142.2,online retail,mobile_app,IE,False,
t000404,acc_0008,2026-04-12,101.09,online retail,card_present,IE,False,
t000453,acc_0009,2026-04-12,137.89,pharmacy,online_banking,IE,False,
t000572,acc_0011,2026-04-12,34.35,pharmacy,mobile_app,IE,False,
t000608,acc_0012,2026-04-12,14.92,electronics,card_not_present,IE,False,
t000718,acc_0014,2026-04-12,21.27,utilities,card_present,IE,False,
t000821,acc_0016,2026-04-12,34.21,pharmacy,card_present,IE,False,
t000907,acc_0017,2026-04-12,49.05,groceries,card_present,IE,False,
t001013,acc_0019,2026-04-12,123.93,transfer,online_banking,IE,False,
t001160,acc_0021,2026-04-12,117.02,electronics,card_present,IE,False,
t001229,acc_0022,2026-04-12,13.51,fuel,card_present,IE,False,
t001310,acc_0023,2026-04-12,94.46,travel,online_banking,IE,False,
t001335,acc_0024,2026-04-12,100.52,fuel,card_present,IE,False,
t001371,acc_0025,2026-04-12,70.36,fuel,card_not_present,IE,False,
t001431,acc_0026,2026-04-12,48.8,groceries,card_present,IE,False,
t001597,acc_0031,2026-04-12,22.32,travel,online_banking,IE,False,
t001697,acc_0033,2026-04-12,47.5,restaurants,online_banking,IE,False,
t001768,acc_0034,2026-04-12,221.02,restaurants,online_banking,IE,False,
t002014,acc_0040,2026-04-12,129.33,travel,card_present,IE,False,
t002032,acc_0041,2026-04-12,260.7,pharmacy,card_not_present,IE,False,
t002072,acc_0043,2026-04-12,22.29,transfer,online_banking,IE,False,
t002100,acc_0044,2026-04-12,46.32,electronics,card_not_present,IE,False,
t002190,acc_0045,2026-04-12,51.44,transfer,card_present,IE,False,
t002270,acc_0046,2026-04-12,47.0,transfer,card_present,IE,False,
t002408,acc_0050,2026-04-12,20.73,fuel,mobile_app,IE,False,
t002590,acc_0053,2026-04-12,12.63,fuel,online_banking,IE,False,
t002660,acc_0054,2026-04-12,9.66,utilities,card_not_present,IE,False,
t002722,acc_0055,2026-04-12,129.06,electronics,online_banking,IE,False,
t002799,acc_0057,2026-04-12,127.31,utilities,online_banking,IE,False,
t002889,acc_0058,2026-04-12,397.4,online retail,mobile_app,IE,False,
t003043,acc_0060,2026-04-12,36.78,online retail,card_not_present,IE,False,
t003109,acc_0061,2026-04-12,169.26,transfer,card_present,IE,False,
t003199,acc_0062,2026-04-12,94.36,utilities,card_present,IE,False,
t003289,acc_0063,2026-04-12,223.82,online retail,online_banking,IE,False,
t003374,acc_0064,2026-04-12,73.98,fuel,card_not_present,IE,False,
t003422,acc_0065,2026-04-12,70.09,transfer,card_not_present,IE,False,
t003509,acc_0066,2026-04-12,68.54,pharmacy,online_banking,IE,False,
t003573,acc_0067,2026-04-12,15.96,groceries,online_banking,IE,False,
t003663,acc_0068,2026-04-12,93.14,travel,online_banking,IE,False,
t003769,acc_0070,2026-04-12,87.55,online retail,card_present,IE,False,
t003835,acc_0071,2026-04-12,19.92,groceries,mobile_app,IE,False,
t004019,acc_0075,2026-04-12,331.7,electronics,card_present,IE,False,
t004084,acc_0076,2026-04-12,146.34,transfer,card_present,IE,False,
t004225,acc_0081,2026-04-12,38.59,online retail,card_present,IE,False,
t004311,acc_0082,2026-04-12,8.31,groceries,card_not_present,IE,False,
t004441,acc_0085,2026-04-12,232.0,fuel,mobile_app,IE,False,
t004483,acc_0086,2026-04-12,123.88,groceries,mobile_app,IE,False,
t004572,acc_0087,2026-04-12,145.78,travel,card_present,IE,False,
t004641,acc_0088,2026-04-12,61.54,electronics,card_not_present,IE,False,
t004731,acc_0089,2026-04-12,49.32,electronics,card_not_present,IE,False,
t004818,acc_0090,2026-04-12,57.77,electronics,online_banking,IE,False,
t004941,acc_0094,2026-04-12,42.15,travel,card_present,IE,False,
t004968,acc_0095,2026-04-12,33.3,electronics,card_not_present,IE,False,
t005116,acc_0098,2026-04-12,37.3,online retail,card_not_present,IE,False,
t005158,acc_0099,2026-04-12,164.09,groceries,card_not_present,IE,False,
t005241,acc_0100,2026-04-12,186.51,online retail,card_not_present,IE,False,
t005282,acc_0101,2026-04-12,19.83,electronics,online_banking,IE,False,
t005391,acc_0103,2026-04-12,55.66,pharmacy,mobile_app,IE,False,
t005542,acc_0105,2026-04-12,53.36,travel,card_not_present,IE,False,
t005650,acc_0107,2026-04-12,108.35,groceries,online_banking,IE,False,
t005773,acc_0110,2026-04-12,26.98,restaurants,card_not_present,IE,False,
t005861,acc_0111,2026-04-12,41.5,travel,online_banking,IE,False,
t005921,acc_0112,2026-04-12,38.62,online retail,mobile_app,IE,False,
t005967,acc_0113,2026-04-12,320.63,transfer,mobile_app,IE,False,
t006170,acc_0117,2026-04-12,67.3,travel,card_present,IE,False,
t006220,acc_0118,2026-04-12,205.77,online retail,card_not_present,IE,False,
t006361,acc_0121,2026-04-12,10.56,pharmacy,card_not_present,IE,False,
t006409,acc_0122,2026-04-12,46.32,fuel,card_not_present,IE,False,
t006497,acc_0123,2026-04-12,50.75,groceries,online_banking,IE,False,
t006591,acc_0125,2026-04-12,34.68,restaurants,mobile_app,IE,False,
t006633,acc_0126,2026-04-12,73.36,pharmacy,mobile_app,IE,False,
t006718,acc_0127,2026-04-12,127.96,transfer,card_present,IE,False,
t006784,acc_0128,2026-04-12,19.34,restaurants,online_banking,IE,False,
t006926,acc_0131,2026-04-12,35.36,online retail,card_present,IE,False,
t007013,acc_0132,2026-04-12,156.81,restaurants,card_not_present,IE,False,
t007122,acc_0135,2026-04-12,61.63,restaurants,card_present,IE,False,
t007164,acc_0136,2026-04-12,139.09,utilities,mobile_app,IE,False,
t007248,acc_0137,2026-04-12,63.39,restaurants,online_banking,IE,False,
t007374,acc_0140,2026-04-12,94.46,fuel,card_present,IE,False,
t007473,acc_0142,2026-04-12,274.92,electronics,card_present,IE,False,
t007606,acc_0145,2026-04-12,260.19,electronics,online_banking,IE,False,
t007622,acc_0146,2026-04-12,105.08,transfer,online_banking,IE,False,
t007649,acc_0147,2026-04-12,35.04,electronics,card_present,IE,False,
t007738,acc_0148,2026-04-12,31.2,fuel,card_not_present,IE,False,
t007799,acc_0149,2026-04-12,56.43,fuel,card_not_present,IE,False,
t007973,acc_0154,2026-04-12,19.3,online retail,online_banking,IE,False,
t008027,acc_0155,2026-04-12,343.93,groceries,card_present,IE,False,
t008118,acc_0157,2026-04-12,150.92,pharmacy,card_not_present,IE,False,
t008266,acc_0159,2026-04-12,13.56,restaurants,card_present,IE,False,
t008375,acc_0161,2026-04-12,68.6,transfer,online_banking,IE,False,
t008497,acc_0163,2026-04-12,309.29,groceries,mobile_app,IE,False,
t008595,acc_0165,2026-04-12,39.57,pharmacy,online_banking,IE,False,
t008665,acc_0166,2026-04-12,37.9,fuel,mobile_app,IE,False,
t008777,acc_0168,2026-04-12,95.97,transfer,card_not_present,IE,False,
t008897,acc_0170,2026-04-12,66.0,fuel,mobile_app,IE,False,
t008987,acc_0171,2026-04-12,14.65,online retail,mobile_app,IE,False,
t009077,acc_0172,2026-04-12,94.6,travel,mobile_app,IE,False,
t009161,acc_0173,2026-04-12,22.03,transfer,mobile_app,IE,False,
t009203,acc_0174,2026-04-12,291.84,transfer,card_not_present,IE,False,
t009291,acc_0175,2026-04-12,78.82,online retail,card_present,IE,False,
t009360,acc_0176,2026-04-12,132.79,groceries,mobile_app,IE,False,
t009505,acc_0178,2026-04-12,10.54,transfer,online_banking,IE,False,
t009590,acc_0179,2026-04-12,24.65,travel,online_banking,IE,False,
t009645,acc_0180,2026-04-12,23.86,restaurants,online_banking,IE,False,
t009710,acc_0181,2026-04-12,98.96,pharmacy,card_not_present,IE,False,
t009800,acc_0182,2026-04-12,31.07,fuel,card_present,IE,False,
t010021,acc_0188,2026-04-12,21.81,transfer,mobile_app,IE,False,
t010063,acc_0189,2026-04-12,85.87,travel,online_banking,IE,False,
t010153,acc_0190,2026-04-12,60.19,pharmacy,online_banking,IE,False,
t010274,acc_0193,2026-04-12,85.79,electronics,card_not_present,IE,False,
t010382,acc_0195,2026-04-12,389.84,fuel,mobile_app,IE,False,
t010572,acc_0199,2026-04-12,16.78,fuel,card_not_present,IE,False,
t000008,acc_0000,2026-04-13,32.53,travel,card_present,IE,False,
t000044,acc_0001,2026-04-13,71.36,travel,card_not_present,IE,False,
t000131,acc_0003,2026-04-13,113.25,groceries,card_not_present,IE,False,
t000238,acc_0005,2026-04-13,23.53,fuel,online_banking,IE,False,
t000340,acc_0007,2026-04-13,126.52,restaurants,online_banking,IE,False,
t000454,acc_0009,2026-04-13,34.64,online retail,mobile_app,IE,False,
t000609,acc_0012,2026-04-13,28.66,pharmacy,card_not_present,IE,False,
t000719,acc_0014,2026-04-13,53.41,utilities,online_banking,IE,False,
t000822,acc_0016,2026-04-13,59.7,fuel,card_not_present,IE,False,
t000908,acc_0017,2026-04-13,145.31,fuel,online_banking,IE,False,
t000971,acc_0018,2026-04-13,102.01,transfer,card_not_present,IE,False,
t001014,acc_0019,2026-04-13,302.2,travel,online_banking,IE,False,
t001161,acc_0021,2026-04-13,451.85,online retail,online_banking,IE,False,
t001230,acc_0022,2026-04-13,38.68,restaurants,mobile_app,IE,False,
t001451,acc_0027,2026-04-13,11.04,transfer,card_present,IE,False,
t001529,acc_0029,2026-04-13,77.66,fuel,mobile_app,IE,False,
t001547,acc_0030,2026-04-13,239.38,utilities,mobile_app,IE,False,
t001598,acc_0031,2026-04-13,90.41,fuel,mobile_app,IE,False,
t001769,acc_0034,2026-04-13,180.84,electronics,card_not_present,IE,False,
t001855,acc_0035,2026-04-13,60.97,electronics,card_not_present,IE,False,
t001914,acc_0036,2026-04-13,80.41,transfer,online_banking,IE,False,
t002015,acc_0040,2026-04-13,119.81,online retail,mobile_app,IE,False,
t002053,acc_0042,2026-04-13,72.79,transfer,mobile_app,IE,False,
t002101,acc_0044,2026-04-13,50.33,online retail,card_not_present,IE,False,
t002191,acc_0045,2026-04-13,28.33,travel,card_present,IE,False,
t002367,acc_0049,2026-04-13,91.45,restaurants,card_not_present,IE,False,
t002409,acc_0050,2026-04-13,65.62,utilities,mobile_app,IE,False,
t002494,acc_0051,2026-04-13,220.69,fuel,online_banking,IE,False,
t002553,acc_0052,2026-04-13,23.25,travel,online_banking,IE,False,
t002591,acc_0053,2026-04-13,50.51,transfer,card_not_present,IE,False,
t002723,acc_0055,2026-04-13,54.0,travel,mobile_app,IE,False,
t002758,acc_0056,2026-04-13,8.39,restaurants,card_present,IE,False,
t002800,acc_0057,2026-04-13,207.04,utilities,online_banking,IE,False,
t002890,acc_0058,2026-04-13,515.29,pharmacy,online_banking,IE,False,
t003044,acc_0060,2026-04-13,77.08,online retail,mobile_app,IE,False,
t003110,acc_0061,2026-04-13,77.61,transfer,online_banking,IE,False,
t003200,acc_0062,2026-04-13,33.49,travel,mobile_app,IE,False,
t003290,acc_0063,2026-04-13,104.04,restaurants,mobile_app,IE,False,
t003423,acc_0065,2026-04-13,51.91,online retail,mobile_app,IE,False,
t003510,acc_0066,2026-04-13,33.5,travel,online_banking,IE,False,
t003574,acc_0067,2026-04-13,17.87,online retail,card_present,IE,False,
t003664,acc_0068,2026-04-13,91.9,travel,card_not_present,IE,False,
t003770,acc_0070,2026-04-13,80.18,transfer,card_present,IE,False,
t003836,acc_0071,2026-04-13,17.05,transfer,card_not_present,IE,False,
t003946,acc_0073,2026-04-13,90.25,electronics,card_present,IE,False,
t004020,acc_0075,2026-04-13,178.47,electronics,online_banking,IE,False,
t004184,acc_0080,2026-04-13,68.9,electronics,mobile_app,IE,False,
t004226,acc_0081,2026-04-13,104.21,travel,card_not_present,IE,False,
t004345,acc_0083,2026-04-13,73.94,utilities,mobile_app,IE,False,
t004384,acc_0084,2026-04-13,114.2,pharmacy,card_not_present,IE,False,
t004484,acc_0086,2026-04-13,118.06,transfer,online_banking,IE,False,
t004573,acc_0087,2026-04-13,97.98,electronics,card_present,IE,False,
t004642,acc_0088,2026-04-13,34.07,restaurants,online_banking,IE,False,
t004732,acc_0089,2026-04-13,31.31,electronics,card_present,IE,False,
t004819,acc_0090,2026-04-13,106.73,electronics,card_not_present,IE,False,
t004891,acc_0092,2026-04-13,163.28,electronics,card_not_present,IE,False,
t004924,acc_0093,2026-04-13,48.55,travel,card_not_present,IE,False,
t004969,acc_0095,2026-04-13,37.78,online retail,card_not_present,IE,False,
t005159,acc_0099,2026-04-13,34.57,groceries,card_present,IE,False,
t005392,acc_0103,2026-04-13,93.17,groceries,card_present,IE,False,
t005543,acc_0105,2026-04-13,258.46,utilities,online_banking,IE,False,
t005651,acc_0107,2026-04-13,208.92,groceries,card_present,IE,False,
t005774,acc_0110,2026-04-13,32.64,travel,mobile_app,IE,False,
t005968,acc_0113,2026-04-13,75.97,groceries,card_present,IE,False,
t006052,acc_0114,2026-04-13,13.07,online retail,mobile_app,IE,False,
t006130,acc_0116,2026-04-13,121.62,electronics,card_present,IE,False,
t006171,acc_0117,2026-04-13,55.93,fuel,online_banking,IE,False,
t006301,acc_0120,2026-04-13,11.9,travel,card_present,IE,False,
t006410,acc_0122,2026-04-13,40.17,online retail,card_not_present,IE,False,
t006498,acc_0123,2026-04-13,120.69,utilities,online_banking,IE,False,
t006634,acc_0126,2026-04-13,65.62,electronics,online_banking,IE,False,
t006785,acc_0128,2026-04-13,2.56,electronics,card_not_present,IE,False,
t006927,acc_0131,2026-04-13,37.93,restaurants,mobile_app,IE,False,
t007073,acc_0133,2026-04-13,463.79,restaurants,online_banking,IE,False,
t007165,acc_0136,2026-04-13,40.22,pharmacy,mobile_app,IE,False,
t007309,acc_0139,2026-04-13,56.78,fuel,online_banking,IE,False,
t007375,acc_0140,2026-04-13,245.94,online retail,mobile_app,IE,False,
t007474,acc_0142,2026-04-13,409.95,fuel,card_not_present,IE,False,
t007607,acc_0145,2026-04-13,114.68,pharmacy,card_present,IE,False,
t007650,acc_0147,2026-04-13,30.37,pharmacy,online_banking,IE,False,
t007800,acc_0149,2026-04-13,105.53,transfer,card_present,IE,False,
t008028,acc_0155,2026-04-13,258.62,pharmacy,online_banking,IE,False,
t008078,acc_0156,2026-04-13,32.56,fuel,online_banking,IE,False,
t008119,acc_0157,2026-04-13,313.41,restaurants,card_present,IE,False,
t008204,acc_0158,2026-04-13,16.34,electronics,online_banking,IE,False,
t008328,acc_0160,2026-04-13,366.81,transfer,online_banking,IE,False,
t008376,acc_0161,2026-04-13,224.13,pharmacy,online_banking,IE,False,
t008498,acc_0163,2026-04-13,104.52,transfer,card_present,IE,False,
t008555,acc_0164,2026-04-13,181.26,electronics,online_banking,IE,False,
t008666,acc_0166,2026-04-13,47.4,transfer,card_present,IE,False,
t008778,acc_0168,2026-04-13,190.84,electronics,card_not_present,IE,False,
t008898,acc_0170,2026-04-13,143.28,online retail,card_present,IE,False,
t008988,acc_0171,2026-04-13,54.15,groceries,online_banking,IE,False,
t009078,acc_0172,2026-04-13,45.21,transfer,mobile_app,IE,False,
t009204,acc_0174,2026-04-13,94.53,online retail,card_not_present,IE,False,
t009361,acc_0176,2026-04-13,160.69,online retail,card_present,IE,False,
t009506,acc_0178,2026-04-13,8.0,fuel,card_not_present,IE,False,
t009591,acc_0179,2026-04-13,49.53,travel,card_not_present,IE,False,
t009646,acc_0180,2026-04-13,118.11,fuel,card_not_present,IE,False,
t009711,acc_0181,2026-04-13,31.63,groceries,card_present,IE,False,
t009801,acc_0182,2026-04-13,75.6,electronics,card_present,IE,False,
t009901,acc_0184,2026-04-13,113.0,utilities,card_not_present,IE,False,
t009923,acc_0185,2026-04-13,54.88,restaurants,mobile_app,IE,False,
t009994,acc_0187,2026-04-13,54.38,transfer,online_banking,IE,False,
t010022,acc_0188,2026-04-13,64.39,transfer,online_banking,IE,False,
t010064,acc_0189,2026-04-13,132.18,travel,online_banking,IE,False,
t010154,acc_0190,2026-04-13,310.2,fuel,mobile_app,IE,False,
t010338,acc_0194,2026-04-13,91.03,pharmacy,card_present,IE,False,
t010383,acc_0195,2026-04-13,42.39,electronics,online_banking,IE,False,
t010482,acc_0197,2026-04-13,180.8,electronics,online_banking,IE,False,
t010573,acc_0199,2026-04-13,9.55,groceries,mobile_app,IE,False,
t000045,acc_0001,2026-04-14,90.75,online retail,online_banking,IE,False,
t000132,acc_0003,2026-04-14,84.45,electronics,online_banking,IE,False,
t000239,acc_0005,2026-04-14,64.43,electronics,mobile_app,IE,False,
t000299,acc_0006,2026-04-14,71.15,groceries,mobile_app,IE,False,
t000405,acc_0008,2026-04-14,236.9,utilities,card_present,IE,False,
t000455,acc_0009,2026-04-14,40.61,fuel,online_banking,IE,False,
t000573,acc_0011,2026-04-14,60.91,online retail,card_present,IE,False,
t000720,acc_0014,2026-04-14,40.66,electronics,card_present,IE,False,
t000823,acc_0016,2026-04-14,71.47,utilities,mobile_app,IE,False,
t000909,acc_0017,2026-04-14,141.03,groceries,card_present,IE,False,
t000972,acc_0018,2026-04-14,172.42,fuel,card_present,IE,False,
t001015,acc_0019,2026-04-14,520.34,utilities,card_not_present,IE,False,
t001098,acc_0020,2026-04-14,216.52,fuel,online_banking,IE,False,
t001162,acc_0021,2026-04-14,192.59,electronics,online_banking,IE,False,
t001231,acc_0022,2026-04-14,12.7,utilities,online_banking,IE,False,
t001311,acc_0023,2026-04-14,181.9,travel,mobile_app,IE,False,
t001372,acc_0025,2026-04-14,46.96,restaurants,online_banking,IE,False,
t001452,acc_0027,2026-04-14,15.93,pharmacy,mobile_app,IE,False,
t001599,acc_0031,2026-04-14,26.9,electronics,mobile_app,IE,False,
t001698,acc_0033,2026-04-14,105.05,pharmacy,mobile_app,IE,False,
t001770,acc_0034,2026-04-14,115.5,pharmacy,online_banking,IE,False,
t001856,acc_0035,2026-04-14,36.72,pharmacy,card_present,IE,False,
t001936,acc_0037,2026-04-14,257.05,groceries,card_present,IE,False,
t001984,acc_0039,2026-04-14,185.17,utilities,mobile_app,IE,False,
t002016,acc_0040,2026-04-14,528.01,travel,online_banking,IE,False,
t002102,acc_0044,2026-04-14,36.08,transfer,mobile_app,IE,False,
t002192,acc_0045,2026-04-14,72.94,transfer,mobile_app,IE,False,
t002352,acc_0048,2026-04-14,224.52,restaurants,card_present,IE,False,
t002368,acc_0049,2026-04-14,135.45,electronics,online_banking,IE,False,
t002410,acc_0050,2026-04-14,15.24,online retail,mobile_app,IE,False,
t002592,acc_0053,2026-04-14,10.23,utilities,online_banking,IE,False,
t002661,acc_0054,2026-04-14,11.75,transfer,card_not_present,IE,False,
t002801,acc_0057,2026-04-14,100.12,restaurants,card_not_present,IE,False,
t002891,acc_0058,2026-04-14,119.01,online retail,online_banking,IE,False,
t002975,acc_0059,2026-04-14,302.17,online retail,card_present,IE,False,
t003045,acc_0060,2026-04-14,31.46,electronics,card_not_present,IE,False,
t003111,acc_0061,2026-04-14,129.45,utilities,mobile_app,IE,False,
t003201,acc_0062,2026-04-14,57.52,online retail,mobile_app,IE,False,
t003291,acc_0063,2026-04-14,144.84,travel,card_not_present,IE,False,
t003424,acc_0065,2026-04-14,81.64,pharmacy,card_present,IE,False,
t003511,acc_0066,2026-04-14,41.68,travel,card_present,IE,False,
t003575,acc_0067,2026-04-14,18.75,online retail,card_present,IE,False,
t003665,acc_0068,2026-04-14,106.05,transfer,card_present,IE,False,
t003771,acc_0070,2026-04-14,127.5,fuel,card_not_present,IE,False,
t003837,acc_0071,2026-04-14,19.01,transfer,online_banking,IE,False,
t004021,acc_0075,2026-04-14,117.98,pharmacy,online_banking,IE,False,
t004185,acc_0080,2026-04-14,136.5,electronics,card_not_present,IE,False,
t004227,acc_0081,2026-04-14,41.15,travel,card_present,IE,False,
t004346,acc_0083,2026-04-14,121.16,electronics,card_not_present,IE,False,
t004485,acc_0086,2026-04-14,186.1,electronics,online_banking,IE,False,
t004574,acc_0087,2026-04-14,348.82,restaurants,mobile_app,IE,False,
t004643,acc_0088,2026-04-14,85.88,restaurants,card_not_present,IE,False,
t004733,acc_0089,2026-04-14,52.51,transfer,online_banking,IE,False,
t004820,acc_0090,2026-04-14,47.07,travel,card_present,IE,False,
t004970,acc_0095,2026-04-14,22.22,pharmacy,online_banking,IE,False,
t005050,acc_0096,2026-04-14,170.34,pharmacy,online_banking,IE,False,
t005082,acc_0097,2026-04-14,19.27,online retail,mobile_app,IE,False,
t005117,acc_0098,2026-04-14,95.25,restaurants,mobile_app,IE,False,
t005160,acc_0099,2026-04-14,9.6,electronics,card_not_present,IE,False,
t005242,acc_0100,2026-04-14,132.26,transfer,mobile_app,IE,False,
t005283,acc_0101,2026-04-14,39.62,electronics,card_not_present,IE,False,
t005393,acc_0103,2026-04-14,81.2,utilities,mobile_app,IE,False,
t005478,acc_0104,2026-04-14,58.31,groceries,card_present,IE,False,
t005544,acc_0105,2026-04-14,137.67,electronics,online_banking,IE,False,
t005652,acc_0107,2026-04-14,123.96,utilities,mobile_app,IE,False,
t005775,acc_0110,2026-04-14,7.22,travel,online_banking,IE,False,
t005862,acc_0111,2026-04-14,198.29,fuel,card_present,IE,False,
t005922,acc_0112,2026-04-14,60.87,online retail,mobile_app,IE,False,
t005969,acc_0113,2026-04-14,276.64,pharmacy,card_not_present,IE,False,
t006053,acc_0114,2026-04-14,7.54,utilities,mobile_app,IE,False,
t006172,acc_0117,2026-04-14,58.18,electronics,online_banking,IE,False,
t006221,acc_0118,2026-04-14,55.44,pharmacy,mobile_app,IE,False,
t006302,acc_0120,2026-04-14,21.07,electronics,card_present,IE,False,
t006362,acc_0121,2026-04-14,14.78,travel,mobile_app,IE,False,
t006411,acc_0122,2026-04-14,42.6,travel,online_banking,IE,False,
t006499,acc_0123,2026-04-14,34.69,transfer,card_present,IE,False,
t006592,acc_0125,2026-04-14,10.96,pharmacy,card_present,IE,False,
t006635,acc_0126,2026-04-14,77.38,pharmacy,mobile_app,IE,False,
t006719,acc_0127,2026-04-14,28.53,electronics,mobile_app,IE,False,
t006786,acc_0128,2026-04-14,8.41,fuel,card_present,IE,False,
t006928,acc_0131,2026-04-14,74.61,groceries,online_banking,IE,False,
t007014,acc_0132,2026-04-14,93.98,online retail,card_not_present,IE,False,
t007105,acc_0134,2026-04-14,28.62,groceries,card_present,IE,False,
t007166,acc_0136,2026-04-14,33.9,transfer,card_not_present,IE,False,
t007249,acc_0137,2026-04-14,47.13,groceries,mobile_app,IE,False,
t007310,acc_0139,2026-04-14,43.49,groceries,mobile_app,IE,False,
t007376,acc_0140,2026-04-14,135.19,fuel,online_banking,IE,False,
t007429,acc_0141,2026-04-14,40.82,travel,card_not_present,IE,False,
t007475,acc_0142,2026-04-14,319.69,electronics,card_present,IE,False,
t007588,acc_0144,2026-04-14,89.3,transfer,online_banking,IE,False,
t007623,acc_0146,2026-04-14,91.3,pharmacy,online_banking,IE,False,
t007651,acc_0147,2026-04-14,33.89,groceries,mobile_app,IE,False,
t007801,acc_0149,2026-04-14,183.32,travel,online_banking,IE,False,
t007974,acc_0154,2026-04-14,7.56,pharmacy,mobile_app,IE,False,
t008079,acc_0156,2026-04-14,32.76,fuel,card_present,IE,False,
t008120,acc_0157,2026-04-14,141.42,pharmacy,card_present,IE,False,
t008205,acc_0158,2026-04-14,27.26,restaurants,card_present,IE,False,
t008267,acc_0159,2026-04-14,38.54,groceries,card_not_present,IE,False,
t008377,acc_0161,2026-04-14,287.82,transfer,card_not_present,IE,False,
t008596,acc_0165,2026-04-14,29.34,utilities,card_not_present,IE,False,
t008667,acc_0166,2026-04-14,49.16,restaurants,card_present,IE,False,
t008747,acc_0167,2026-04-14,39.87,fuel,card_present,IE,False,
t008779,acc_0168,2026-04-14,193.99,groceries,card_present,IE,False,
t008899,acc_0170,2026-04-14,41.0,transfer,online_banking,IE,False,
t008989,acc_0171,2026-04-14,142.74,transfer,mobile_app,IE,False,
t009079,acc_0172,2026-04-14,39.41,restaurants,online_banking,IE,False,
t009162,acc_0173,2026-04-14,9.57,fuel,card_present,IE,False,
t009205,acc_0174,2026-04-14,31.48,electronics,card_present,IE,False,
t009292,acc_0175,2026-04-14,89.21,travel,online_banking,IE,False,
t009362,acc_0176,2026-04-14,407.67,transfer,card_present,IE,False,
t009447,acc_0177,2026-04-14,10.8,utilities,mobile_app,IE,False,
t009507,acc_0178,2026-04-14,10.98,electronics,card_not_present,IE,False,
t009592,acc_0179,2026-04-14,28.93,restaurants,mobile_app,IE,False,
t009647,acc_0180,2026-04-14,34.45,travel,card_not_present,IE,False,
t009712,acc_0181,2026-04-14,24.38,pharmacy,mobile_app,IE,False,
t009802,acc_0182,2026-04-14,83.06,transfer,card_present,IE,False,
t009924,acc_0185,2026-04-14,66.13,travel,card_not_present,IE,False,
t010065,acc_0189,2026-04-14,358.0,utilities,card_not_present,IE,False,
t010155,acc_0190,2026-04-14,38.0,online retail,card_not_present,IE,False,
t010254,acc_0192,2026-04-14,13.88,electronics,online_banking,IE,False,
t010384,acc_0195,2026-04-14,208.08,pharmacy,online_banking,IE,False,
t010483,acc_0197,2026-04-14,83.67,restaurants,card_not_present,IE,False,
t000009,acc_0000,2026-04-15,6.86,online retail,mobile_app,IE,False,
t000102,acc_0002,2026-04-15,82.72,electronics,card_not_present,IE,False,
t000133,acc_0003,2026-04-15,140.78,groceries,card_not_present,IE,False,
t000341,acc_0007,2026-04-15,107.1,fuel,card_present,IE,False,
t000406,acc_0008,2026-04-15,125.07,travel,mobile_app,IE,False,
t000456,acc_0009,2026-04-15,13.35,restaurants,mobile_app,IE,False,
t000574,acc_0011,2026-04-15,11.23,transfer,card_not_present,IE,False,
t000721,acc_0014,2026-04-15,9.86,groceries,card_present,IE,False,
t000824,acc_0016,2026-04-15,108.82,electronics,card_not_present,IE,False,
t000910,acc_0017,2026-04-15,206.75,fuel,card_not_present,IE,False,
t001016,acc_0019,2026-04-15,85.64,fuel,card_present,IE,False,
t001099,acc_0020,2026-04-15,322.12,groceries,card_not_present,IE,False,
t001163,acc_0021,2026-04-15,171.46,travel,online_banking,IE,False,
t001232,acc_0022,2026-04-15,36.04,fuel,online_banking,IE,False,
t001373,acc_0025,2026-04-15,141.26,transfer,mobile_app,IE,False,
t001453,acc_0027,2026-04-15,9.48,pharmacy,card_present,IE,False,
t001548,acc_0030,2026-04-15,747.64,pharmacy,card_present,IE,False,
t001600,acc_0031,2026-04-15,23.75,transfer,card_not_present,IE,False,
t001699,acc_0033,2026-04-15,121.08,transfer,mobile_app,IE,False,
t001771,acc_0034,2026-04-15,164.3,online retail,online_banking,IE,False,
t001857,acc_0035,2026-04-15,35.75,travel,mobile_app,IE,False,
t001915,acc_0036,2026-04-15,158.35,utilities,card_not_present,IE,False,
t001937,acc_0037,2026-04-15,34.3,electronics,mobile_app,IE,False,
t002103,acc_0044,2026-04-15,29.37,restaurants,card_not_present,IE,False,
t002193,acc_0045,2026-04-15,70.05,electronics,card_present,IE,False,
t002295,acc_0047,2026-04-15,320.46,electronics,card_not_present,IE,False,
t002353,acc_0048,2026-04-15,186.76,transfer,mobile_app,IE,False,
t002411,acc_0050,2026-04-15,14.63,groceries,online_banking,IE,False,
t002495,acc_0051,2026-04-15,137.24,utilities,card_present,IE,False,
t002724,acc_0055,2026-04-15,218.68,transfer,mobile_app,IE,False,
t002759,acc_0056,2026-04-15,52.9,restaurants,mobile_app,IE,False,
t002802,acc_0057,2026-04-15,188.58,pharmacy,card_present,IE,False,
t002892,acc_0058,2026-04-15,124.11,fuel,mobile_app,IE,False,
t002976,acc_0059,2026-04-15,106.66,restaurants,mobile_app,IE,False,
t003112,acc_0061,2026-04-15,114.79,restaurants,mobile_app,IE,False,
t003202,acc_0062,2026-04-15,164.49,utilities,online_banking,IE,False,
t003292,acc_0063,2026-04-15,327.69,fuel,card_not_present,IE,False,
t003425,acc_0065,2026-04-15,98.47,utilities,card_present,IE,False,
t003512,acc_0066,2026-04-15,41.03,pharmacy,online_banking,IE,False,
t003576,acc_0067,2026-04-15,36.45,pharmacy,card_present,IE,False,
t003666,acc_0068,2026-04-15,162.37,travel,mobile_app,IE,False,
t003838,acc_0071,2026-04-15,36.04,travel,card_present,IE,False,
t003916,acc_0072,2026-04-15,72.17,travel,mobile_app,IE,False,
t003947,acc_0073,2026-04-15,204.69,pharmacy,mobile_app,IE,False,
t004022,acc_0075,2026-04-15,194.83,fuel,card_not_present,IE,False,
t004085,acc_0076,2026-04-15,119.59,online retail,card_present,IE,False,
t004186,acc_0080,2026-04-15,155.05,travel,card_not_present,IE,False,
t004228,acc_0081,2026-04-15,160.84,groceries,online_banking,IE,False,
t004347,acc_0083,2026-04-15,127.33,pharmacy,card_not_present,IE,False,
t004385,acc_0084,2026-04-15,205.06,groceries,mobile_app,IE,False,
t004442,acc_0085,2026-04-15,1099.92,online retail,mobile_app,IE,False,
t004486,acc_0086,2026-04-15,171.53,online retail,card_present,IE,False,
t004575,acc_0087,2026-04-15,202.74,utilities,card_present,IE,False,
t004644,acc_0088,2026-04-15,105.59,transfer,mobile_app,IE,False,
t004734,acc_0089,2026-04-15,71.46,groceries,online_banking,IE,False,
t004821,acc_0090,2026-04-15,149.52,pharmacy,mobile_app,IE,False,
t004892,acc_0092,2026-04-15,129.38,restaurants,mobile_app,IE,False,
t004971,acc_0095,2026-04-15,79.17,restaurants,online_banking,IE,False,
t005118,acc_0098,2026-04-15,16.53,pharmacy,card_not_present,IE,False,
t005161,acc_0099,2026-04-15,24.42,restaurants,mobile_app,IE,False,
t005284,acc_0101,2026-04-15,41.43,electronics,mobile_app,IE,False,
t005394,acc_0103,2026-04-15,120.59,travel,online_banking,IE,False,
t005479,acc_0104,2026-04-15,14.6,online retail,mobile_app,IE,False,
t005545,acc_0105,2026-04-15,222.18,groceries,mobile_app,IE,False,
t005653,acc_0107,2026-04-15,134.24,restaurants,mobile_app,IE,False,
t005745,acc_0109,2026-04-15,40.81,utilities,online_banking,IE,False,
t005776,acc_0110,2026-04-15,13.85,utilities,mobile_app,IE,False,
t005923,acc_0112,2026-04-15,119.39,groceries,online_banking,IE,False,
t005970,acc_0113,2026-04-15,199.96,restaurants,card_present,IE,False,
t006054,acc_0114,2026-04-15,7.45,groceries,online_banking,IE,False,
t006105,acc_0115,2026-04-15,15.13,restaurants,card_not_present,IE,False,
t006173,acc_0117,2026-04-15,170.31,online retail,mobile_app,IE,False,
t006303,acc_0120,2026-04-15,28.59,fuel,card_present,IE,False,
t006412,acc_0122,2026-04-15,39.01,utilities,mobile_app,IE,False,
t006500,acc_0123,2026-04-15,156.97,restaurants,mobile_app,IE,False,
t006636,acc_0126,2026-04-15,55.41,fuel,card_present,IE,False,
t006787,acc_0128,2026-04-15,17.72,fuel,online_banking,IE,False,
t006887,acc_0130,2026-04-15,72.03,electronics,online_banking,IE,False,
t006929,acc_0131,2026-04-15,54.81,electronics,card_not_present,IE,False,
t007015,acc_0132,2026-04-15,551.34,pharmacy,card_not_present,IE,False,
t007167,acc_0136,2026-04-15,40.0,transfer,online_banking,IE,False,
t007282,acc_0138,2026-04-15,464.44,restaurants,card_present,IE,False,
t007311,acc_0139,2026-04-15,102.3,pharmacy,card_present,IE,False,
t007430,acc_0141,2026-04-15,122.76,electronics,online_banking,IE,False,
t007476,acc_0142,2026-04-15,190.45,fuel,card_present,IE,False,
t007589,acc_0144,2026-04-15,83.47,travel,mobile_app,IE,False,
t007652,acc_0147,2026-04-15,32.26,electronics,card_not_present,IE,False,
t007802,acc_0149,2026-04-15,45.08,groceries,card_present,IE,False,
t007929,acc_0152,2026-04-15,139.63,pharmacy,card_not_present,IE,False,
t007975,acc_0154,2026-04-15,40.04,electronics,card_present,IE,False,
t008080,acc_0156,2026-04-15,35.8,travel,mobile_app,IE,False,
t008121,acc_0157,2026-04-15,130.61,electronics,mobile_app,IE,False,
t008206,acc_0158,2026-04-15,23.24,groceries,mobile_app,IE,False,
t008378,acc_0161,2026-04-15,127.35,restaurants,card_present,IE,False,
t008499,acc_0163,2026-04-15,301.16,restaurants,card_not_present,IE,False,
t008597,acc_0165,2026-04-15,19.44,electronics,online_banking,IE,False,
t008668,acc_0166,2026-04-15,22.91,travel,card_not_present,IE,False,
t008748,acc_0167,2026-04-15,75.47,electronics,online_banking,IE,False,
t008780,acc_0168,2026-04-15,154.18,electronics,card_not_present,IE,False,
t008900,acc_0170,2026-04-15,70.75,electronics,card_present,IE,False,
t008990,acc_0171,2026-04-15,62.34,restaurants,online_banking,IE,False,
t009080,acc_0172,2026-04-15,146.97,pharmacy,card_not_present,IE,False,
t009206,acc_0174,2026-04-15,111.52,travel,card_not_present,IE,False,
t009293,acc_0175,2026-04-15,95.58,travel,online_banking,IE,False,
t009363,acc_0176,2026-04-15,250.24,fuel,card_not_present,IE,False,
t009448,acc_0177,2026-04-15,14.43,groceries,card_not_present,IE,False,
t009508,acc_0178,2026-04-15,7.11,electronics,online_banking,IE,False,
t009648,acc_0180,2026-04-15,57.26,fuel,mobile_app,IE,False,
t009713,acc_0181,2026-04-15,28.35,groceries,card_present,IE,False,
t009803,acc_0182,2026-04-15,56.94,groceries,online_banking,IE,False,
t009925,acc_0185,2026-04-15,67.4,travel,card_not_present,IE,False,
t010023,acc_0188,2026-04-15,21.27,restaurants,card_not_present,IE,False,
t010066,acc_0189,2026-04-15,252.05,electronics,mobile_app,IE,False,
t010156,acc_0190,2026-04-15,81.66,travel,card_present,IE,False,
t010275,acc_0193,2026-04-15,148.73,transfer,online_banking,IE,False,
t010339,acc_0194,2026-04-15,332.17,transfer,card_present,IE,False,
t010385,acc_0195,2026-04-15,87.79,utilities,card_not_present,IE,False,
t010442,acc_0196,2026-04-15,14.73,fuel,mobile_app,IE,False,
t010535,acc_0198,2026-04-15,356.42,pharmacy,card_not_present,IE,False,
t000134,acc_0003,2026-04-16,144.52,electronics,mobile_app,IE,False,
t000209,acc_0004,2026-04-16,118.55,restaurants,mobile_app,IE,False,
t000240,acc_0005,2026-04-16,47.86,fuel,card_present,IE,False,
t000342,acc_0007,2026-04-16,48.13,utilities,mobile_app,IE,False,
t000407,acc_0008,2026-04-16,127.11,transfer,online_banking,IE,False,
t000457,acc_0009,2026-04-16,36.5,restaurants,card_present,IE,False,
t000610,acc_0012,2026-04-16,27.25,transfer,card_present,IE,False,
t000653,acc_0013,2026-04-16,364.39,travel,card_not_present,IE,False,
t000722,acc_0014,2026-04-16,12.22,fuel,online_banking,IE,False,
t000825,acc_0016,2026-04-16,50.86,pharmacy,card_not_present,IE,False,
t000911,acc_0017,2026-04-16,163.72,travel,card_present,IE,False,
t000973,acc_0018,2026-04-16,121.94,pharmacy,card_not_present,IE,False,
t001017,acc_0019,2026-04-16,85.38,groceries,card_not_present,IE,False,
t001100,acc_0020,2026-04-16,215.84,travel,online_banking,IE,False,
t001233,acc_0022,2026-04-16,25.56,electronics,online_banking,IE,False,
t001374,acc_0025,2026-04-16,56.42,transfer,card_not_present,IE,False,
t001601,acc_0031,2026-04-16,40.55,utilities,card_not_present,IE,False,
t001678,acc_0032,2026-04-16,373.98,transfer,online_banking,IE,False,
t001772,acc_0034,2026-04-16,139.99,transfer,online_banking,IE,False,
t001858,acc_0035,2026-04-16,53.58,travel,online_banking,IE,False,
t002054,acc_0042,2026-04-16,62.0,utilities,card_not_present,IE,False,
t002104,acc_0044,2026-04-16,21.2,travel,mobile_app,IE,False,
t002194,acc_0045,2026-04-16,57.26,online retail,card_present,IE,False,
t002369,acc_0049,2026-04-16,92.73,restaurants,card_present,IE,False,
t002412,acc_0050,2026-04-16,9.72,electronics,mobile_app,IE,False,
t002554,acc_0052,2026-04-16,19.57,transfer,online_banking,IE,False,
t002725,acc_0055,2026-04-16,74.13,utilities,card_not_present,IE,False,
t002760,acc_0056,2026-04-16,18.5,electronics,card_present,IE,False,
t002803,acc_0057,2026-04-16,62.11,pharmacy,mobile_app,IE,False,
t002893,acc_0058,2026-04-16,196.44,travel,mobile_app,IE,False,
t003113,acc_0061,2026-04-16,155.21,travel,card_present,IE,False,
t003203,acc_0062,2026-04-16,166.43,fuel,card_not_present,IE,False,
t003293,acc_0063,2026-04-16,374.45,restaurants,online_banking,IE,False,
t003375,acc_0064,2026-04-16,71.2,groceries,card_present,IE,False,
t003426,acc_0065,2026-04-16,29.65,utilities,online_banking,IE,False,
t003513,acc_0066,2026-04-16,73.58,utilities,mobile_app,IE,False,
t003577,acc_0067,2026-04-16,106.82,electronics,card_not_present,IE,False,
t003667,acc_0068,2026-04-16,123.79,restaurants,card_present,IE,False,
t003772,acc_0070,2026-04-16,41.97,groceries,online_banking,IE,False,
t003839,acc_0071,2026-04-16,15.79,online retail,card_not_present,IE,False,
t003948,acc_0073,2026-04-16,93.73,fuel,online_banking,IE,False,
t004121,acc_0077,2026-04-16,107.83,groceries,mobile_app,IE,False,
t004139,acc_0078,2026-04-16,43.25,electronics,mobile_app,IE,False,
t004229,acc_0081,2026-04-16,61.95,utilities,card_not_present,IE,False,
t004386,acc_0084,2026-04-16,367.77,utilities,card_present,IE,False,
t004487,acc_0086,2026-04-16,120.18,online retail,online_banking,IE,False,
t004576,acc_0087,2026-04-16,65.14,fuel,card_not_present,IE,False,
t004645,acc_0088,2026-04-16,77.56,pharmacy,mobile_app,IE,False,
t004735,acc_0089,2026-04-16,57.12,online retail,online_banking,IE,False,
t004822,acc_0090,2026-04-16,87.2,travel,mobile_app,IE,False,
t004942,acc_0094,2026-04-16,53.57,groceries,card_present,IE,False,
t004972,acc_0095,2026-04-16,30.15,groceries,card_not_present,IE,False,
t005083,acc_0097,2026-04-16,25.05,groceries,online_banking,IE,False,
t005119,acc_0098,2026-04-16,129.05,transfer,mobile_app,IE,False,
t005162,acc_0099,2026-04-16,107.7,pharmacy,online_banking,IE,False,
t005285,acc_0101,2026-04-16,18.87,online retail,mobile_app,IE,False,
t005347,acc_0102,2026-04-16,71.5,fuel,card_present,IE,False,
t005395,acc_0103,2026-04-16,81.46,online retail,card_not_present,IE,False,
t005480,acc_0104,2026-04-16,18.48,fuel,online_banking,IE,False,
t005546,acc_0105,2026-04-16,42.34,groceries,card_present,IE,False,
t005654,acc_0107,2026-04-16,79.42,utilities,card_not_present,IE,False,
t005746,acc_0109,2026-04-16,22.02,groceries,online_banking,IE,False,
t005777,acc_0110,2026-04-16,13.19,fuel,mobile_app,IE,False,
t005924,acc_0112,2026-04-16,190.43,online retail,mobile_app,IE,False,
t005971,acc_0113,2026-04-16,199.41,pharmacy,mobile_app,IE,False,
t006106,acc_0115,2026-04-16,7.64,fuel,online_banking,IE,False,
t006131,acc_0116,2026-04-16,86.28,electronics,card_not_present,IE,False,
t006174,acc_0117,2026-04-16,42.57,fuel,card_present,IE,False,
t006222,acc_0118,2026-04-16,102.63,fuel,card_present,IE,False,
t006304,acc_0120,2026-04-16,16.19,transfer,online_banking,IE,False,
t006413,acc_0122,2026-04-16,33.81,electronics,card_not_present,IE,False,
t006593,acc_0125,2026-04-16,81.71,fuel,card_present,IE,False,
t006637,acc_0126,2026-04-16,95.17,electronics,mobile_app,IE,False,
t006788,acc_0128,2026-04-16,4.37,online retail,online_banking,IE,False,
t006930,acc_0131,2026-04-16,45.56,pharmacy,online_banking,IE,False,
t007016,acc_0132,2026-04-16,310.57,fuel,card_present,IE,False,
t007106,acc_0134,2026-04-16,44.5,utilities,card_not_present,IE,False,
t007123,acc_0135,2026-04-16,71.54,electronics,card_present,IE,False,
t007168,acc_0136,2026-04-16,29.71,electronics,card_not_present,IE,False,
t007377,acc_0140,2026-04-16,190.46,travel,online_banking,IE,False,
t007477,acc_0142,2026-04-16,416.38,restaurants,online_banking,IE,False,
t007653,acc_0147,2026-04-16,81.63,restaurants,card_not_present,IE,False,
t007739,acc_0148,2026-04-16,45.0,electronics,card_not_present,IE,False,
t007803,acc_0149,2026-04-16,161.93,online retail,mobile_app,IE,False,
t008029,acc_0155,2026-04-16,283.69,groceries,card_not_present,IE,False,
t008122,acc_0157,2026-04-16,158.73,electronics,card_not_present,IE,False,
t008268,acc_0159,2026-04-16,2.86,online retail,mobile_app,IE,False,
t008329,acc_0160,2026-04-16,120.26,restaurants,card_present,IE,False,
t008379,acc_0161,2026-04-16,462.14,groceries,card_not_present,IE,False,
t008455,acc_0162,2026-04-16,50.87,electronics,mobile_app,IE,False,
t008500,acc_0163,2026-04-16,177.77,online retail,card_not_present,IE,False,
t008598,acc_0165,2026-04-16,20.42,groceries,card_not_present,IE,False,
t008669,acc_0166,2026-04-16,60.23,electronics,card_not_present,IE,False,
t008781,acc_0168,2026-04-16,233.57,transfer,mobile_app,IE,False,
t008901,acc_0170,2026-04-16,49.35,transfer,card_present,IE,False,
t008991,acc_0171,2026-04-16,38.09,travel,online_banking,IE,False,
t009081,acc_0172,2026-04-16,83.67,fuel,online_banking,IE,False,
t009207,acc_0174,2026-04-16,39.27,online retail,card_not_present,IE,False,
t009294,acc_0175,2026-04-16,37.55,utilities,mobile_app,IE,False,
t009364,acc_0176,2026-04-16,439.79,electronics,online_banking,IE,False,
t009509,acc_0178,2026-04-16,27.98,groceries,online_banking,IE,False,
t009593,acc_0179,2026-04-16,53.26,travel,online_banking,IE,False,
t009649,acc_0180,2026-04-16,161.93,utilities,online_banking,IE,False,
t009714,acc_0181,2026-04-16,70.85,restaurants,mobile_app,IE,False,
t009804,acc_0182,2026-04-16,41.84,utilities,online_banking,IE,False,
t009926,acc_0185,2026-04-16,20.79,travel,mobile_app,IE,False,
t010067,acc_0189,2026-04-16,453.8,pharmacy,card_not_present,IE,False,
t010157,acc_0190,2026-04-16,78.66,fuel,card_not_present,IE,False,
t010276,acc_0193,2026-04-16,56.37,transfer,online_banking,IE,False,
t010340,acc_0194,2026-04-16,173.73,groceries,online_banking,IE,False,
t010386,acc_0195,2026-04-16,270.55,utilities,mobile_app,IE,False,
t010484,acc_0197,2026-04-16,115.47,online retail,mobile_app,IE,False,
t010574,acc_0199,2026-04-16,18.82,fuel,online_banking,IE,False,
t000046,acc_0001,2026-04-17,135.9,pharmacy,card_present,IE,False,
t000135,acc_0003,2026-04-17,107.16,utilities,online_banking,IE,False,
t000241,acc_0005,2026-04-17,48.67,travel,card_present,IE,False,
t000300,acc_0006,2026-04-17,101.54,pharmacy,mobile_app,IE,False,
t000343,acc_0007,2026-04-17,33.0,groceries,mobile_app,IE,False,
t000458,acc_0009,2026-04-17,110.66,utilities,mobile_app,IE,False,
t000611,acc_0012,2026-04-17,22.73,pharmacy,mobile_app,IE,False,
t000723,acc_0014,2026-04-17,11.5,electronics,card_present,IE,False,
t000826,acc_0016,2026-04-17,134.48,pharmacy,card_not_present,IE,False,
t000912,acc_0017,2026-04-17,129.75,electronics,online_banking,IE,False,
t001018,acc_0019,2026-04-17,83.64,fuel,mobile_app,IE,False,
t001101,acc_0020,2026-04-17,139.26,travel,card_present,IE,False,
t001164,acc_0021,2026-04-17,190.83,groceries,online_banking,IE,False,
t001234,acc_0022,2026-04-17,64.91,groceries,mobile_app,IE,False,
t001375,acc_0025,2026-04-17,45.56,utilities,card_not_present,IE,False,
t001432,acc_0026,2026-04-17,15.84,restaurants,card_present,IE,False,
t001530,acc_0029,2026-04-17,158.65,electronics,mobile_app,IE,False,
t001549,acc_0030,2026-04-17,141.82,pharmacy,card_present,IE,False,
t001602,acc_0031,2026-04-17,44.72,online retail,online_banking,IE,False,
t001773,acc_0034,2026-04-17,265.41,fuel,card_not_present,IE,False,
t001859,acc_0035,2026-04-17,21.54,groceries,card_present,IE,False,
t001985,acc_0039,2026-04-17,127.75,restaurants,card_present,IE,False,
t002055,acc_0042,2026-04-17,52.7,groceries,mobile_app,IE,False,
t002105,acc_0044,2026-04-17,17.87,online retail,card_present,IE,False,
t002195,acc_0045,2026-04-17,69.33,travel,mobile_app,IE,False,
t002271,acc_0046,2026-04-17,34.26,groceries,card_not_present,IE,False,
t002370,acc_0049,2026-04-17,72.06,utilities,mobile_app,IE,False,
t002413,acc_0050,2026-04-17,14.46,electronics,mobile_app,IE,False,
t002496,acc_0051,2026-04-17,126.57,restaurants,mobile_app,IE,False,
t002555,acc_0052,2026-04-17,11.36,online retail,card_present,IE,False,
t002593,acc_0053,2026-04-17,11.41,pharmacy,online_banking,IE,False,
t002662,acc_0054,2026-04-17,10.77,fuel,mobile_app,IE,False,
t002761,acc_0056,2026-04-17,10.18,online retail,card_present,IE,False,
t002804,acc_0057,2026-04-17,182.05,online retail,mobile_app,IE,False,
t002894,acc_0058,2026-04-17,246.9,restaurants,card_not_present,IE,False,
t002977,acc_0059,2026-04-17,313.81,online retail,online_banking,IE,False,
t003046,acc_0060,2026-04-17,47.64,pharmacy,mobile_app,IE,False,
t003114,acc_0061,2026-04-17,212.47,restaurants,online_banking,IE,False,
t003204,acc_0062,2026-04-17,49.96,transfer,card_present,IE,False,
t003294,acc_0063,2026-04-17,245.16,electronics,card_not_present,IE,False,
t003376,acc_0064,2026-04-17,133.55,fuel,online_banking,IE,False,
t003427,acc_0065,2026-04-17,29.42,transfer,card_not_present,IE,False,
t003514,acc_0066,2026-04-17,49.58,transfer,card_present,IE,False,
t003578,acc_0067,2026-04-17,56.82,utilities,card_not_present,IE,False,
t003668,acc_0068,2026-04-17,71.01,restaurants,card_present,IE,False,
t003744,acc_0069,2026-04-17,23.78,electronics,card_present,IE,False,
t003773,acc_0070,2026-04-17,89.76,groceries,mobile_app,IE,False,
t003840,acc_0071,2026-04-17,35.37,travel,online_banking,IE,False,
t003949,acc_0073,2026-04-17,146.08,restaurants,card_not_present,IE,False,
t004023,acc_0075,2026-04-17,143.77,groceries,card_present,IE,False,
t004086,acc_0076,2026-04-17,211.45,online retail,card_present,IE,False,
t004230,acc_0081,2026-04-17,54.06,transfer,mobile_app,IE,False,
t004387,acc_0084,2026-04-17,212.61,fuel,card_present,IE,False,
t004443,acc_0085,2026-04-17,191.79,electronics,mobile_app,IE,False,
t004488,acc_0086,2026-04-17,197.53,fuel,online_banking,IE,False,
t004577,acc_0087,2026-04-17,204.96,transfer,card_not_present,IE,False,
t004646,acc_0088,2026-04-17,87.63,online retail,mobile_app,IE,False,
t004736,acc_0089,2026-04-17,21.39,utilities,card_present,IE,False,
t004973,acc_0095,2026-04-17,19.1,utilities,card_present,IE,False,
t005084,acc_0097,2026-04-17,17.36,electronics,online_banking,IE,False,
t005120,acc_0098,2026-04-17,36.31,online retail,card_not_present,IE,False,
t005163,acc_0099,2026-04-17,71.35,fuel,card_present,IE,False,
t005243,acc_0100,2026-04-17,190.1,travel,card_not_present,IE,False,
t005348,acc_0102,2026-04-17,40.72,restaurants,card_not_present,IE,False,
t005396,acc_0103,2026-04-17,139.29,restaurants,card_not_present,IE,False,
t005481,acc_0104,2026-04-17,16.91,groceries,card_present,IE,False,
t005547,acc_0105,2026-04-17,157.85,groceries,card_present,IE,False,
t005778,acc_0110,2026-04-17,15.52,restaurants,card_present,IE,False,
t005863,acc_0111,2026-04-17,108.95,pharmacy,card_present,IE,False,
t005972,acc_0113,2026-04-17,160.46,electronics,online_banking,IE,False,
t006132,acc_0116,2026-04-17,31.26,groceries,card_not_present,IE,False,
t006175,acc_0117,2026-04-17,91.86,transfer,online_banking,IE,False,
t006280,acc_0119,2026-04-17,35.46,online retail,card_present,IE,False,
t006305,acc_0120,2026-04-17,24.08,transfer,online_banking,IE,False,
t006414,acc_0122,2026-04-17,41.22,groceries,card_present,IE,False,
t006560,acc_0124,2026-04-17,70.53,pharmacy,online_banking,IE,False,
t006594,acc_0125,2026-04-17,6.8,travel,mobile_app,IE,False,
t006638,acc_0126,2026-04-17,86.4,transfer,card_present,IE,False,
t006720,acc_0127,2026-04-17,50.35,electronics,card_not_present,IE,False,
t006789,acc_0128,2026-04-17,21.65,fuel,mobile_app,IE,False,
t006888,acc_0130,2026-04-17,33.42,electronics,card_present,IE,False,
t006931,acc_0131,2026-04-17,81.04,transfer,card_present,IE,False,
t007169,acc_0136,2026-04-17,36.95,groceries,card_present,IE,False,
t007378,acc_0140,2026-04-17,404.31,electronics,mobile_app,IE,False,
t007431,acc_0141,2026-04-17,26.52,restaurants,online_banking,IE,False,
t007478,acc_0142,2026-04-17,353.54,groceries,online_banking,IE,False,
t007654,acc_0147,2026-04-17,99.97,transfer,card_not_present,IE,False,
t007804,acc_0149,2026-04-17,63.91,travel,online_banking,IE,False,
t007901,acc_0151,2026-04-17,28.6,fuel,mobile_app,IE,False,
t007950,acc_0153,2026-04-17,29.03,utilities,mobile_app,IE,False,
t008030,acc_0155,2026-04-17,106.03,electronics,online_banking,IE,False,
t008123,acc_0157,2026-04-17,400.92,pharmacy,card_not_present,IE,False,
t008207,acc_0158,2026-04-17,29.31,pharmacy,mobile_app,IE,False,
t008269,acc_0159,2026-04-17,4.9,utilities,online_banking,IE,False,
t008330,acc_0160,2026-04-17,387.1,travel,online_banking,IE,False,
t008380,acc_0161,2026-04-17,113.54,groceries,card_not_present,IE,False,
t008501,acc_0163,2026-04-17,155.66,transfer,mobile_app,IE,False,
t008599,acc_0165,2026-04-17,40.5,transfer,card_present,IE,False,
t008670,acc_0166,2026-04-17,61.94,groceries,mobile_app,IE,False,
t008782,acc_0168,2026-04-17,78.49,utilities,card_present,IE,False,
t008902,acc_0170,2026-04-17,191.82,pharmacy,card_present,IE,False,
t008992,acc_0171,2026-04-17,73.09,electronics,mobile_app,IE,False,
t009082,acc_0172,2026-04-17,159.39,fuel,online_banking,IE,False,
t009163,acc_0173,2026-04-17,9.73,online retail,online_banking,IE,False,
t009208,acc_0174,2026-04-17,199.8,travel,online_banking,IE,False,
t009365,acc_0176,2026-04-17,83.62,online retail,mobile_app,IE,False,
t009510,acc_0178,2026-04-17,6.79,electronics,card_present,IE,False,
t009650,acc_0180,2026-04-17,76.64,online retail,card_not_present,IE,False,
t009715,acc_0181,2026-04-17,45.35,transfer,online_banking,IE,False,
t009805,acc_0182,2026-04-17,81.68,transfer,mobile_app,IE,False,
t009880,acc_0183,2026-04-17,19.77,groceries,mobile_app,IE,False,
t009927,acc_0185,2026-04-17,39.73,fuel,mobile_app,IE,False,
t010068,acc_0189,2026-04-17,771.72,pharmacy,mobile_app,IE,False,
t010158,acc_0190,2026-04-17,38.0,fuel,online_banking,IE,False,
t010277,acc_0193,2026-04-17,47.66,groceries,card_not_present,IE,False,
t010341,acc_0194,2026-04-17,392.58,utilities,card_not_present,IE,False,
t010387,acc_0195,2026-04-17,220.07,fuel,card_not_present,IE,False,
t010443,acc_0196,2026-04-17,26.21,transfer,card_present,IE,False,
t010575,acc_0199,2026-04-17,19.06,electronics,online_banking,IE,False,
t000010,acc_0000,2026-04-18,50.35,electronics,online_banking,IE,False,
t000047,acc_0001,2026-04-18,247.41,utilities,card_not_present,IE,False,
t000136,acc_0003,2026-04-18,110.64,restaurants,card_not_present,IE,False,
t000210,acc_0004,2026-04-18,392.73,utilities,card_present,IE,False,
t000242,acc_0005,2026-04-18,27.84,utilities,online_banking,IE,False,
t000301,acc_0006,2026-04-18,47.62,fuel,mobile_app,IE,False,
t000344,acc_0007,2026-04-18,31.71,utilities,online_banking,IE,False,
t000459,acc_0009,2026-04-18,30.97,online retail,online_banking,IE,False,
t000575,acc_0011,2026-04-18,4.66,travel,online_banking,IE,False,
t000724,acc_0014,2026-04-18,19.75,electronics,mobile_app,IE,False,
t000827,acc_0016,2026-04-18,61.84,pharmacy,card_not_present,IE,False,
t000913,acc_0017,2026-04-18,404.24,groceries,online_banking,IE,False,
t001019,acc_0019,2026-04-18,124.54,groceries,mobile_app,IE,False,
t001102,acc_0020,2026-04-18,436.28,groceries,online_banking,IE,False,
t001235,acc_0022,2026-04-18,31.39,fuel,online_banking,IE,False,
t001312,acc_0023,2026-04-18,44.96,pharmacy,mobile_app,IE,False,
t001433,acc_0026,2026-04-18,62.69,fuel,online_banking,IE,False,
t001454,acc_0027,2026-04-18,13.68,electronics,card_not_present,IE,False,
t001500,acc_0028,2026-04-18,115.01,online retail,card_present,IE,False,
t001550,acc_0030,2026-04-18,346.25,restaurants,card_present,IE,False,
t001603,acc_0031,2026-04-18,60.99,electronics,online_banking,IE,False,
t001700,acc_0033,2026-04-18,253.09,online retail,card_not_present,IE,False,
t001774,acc_0034,2026-04-18,338.46,online retail,online_banking,IE,False,
t001916,acc_0036,2026-04-18,172.83,restaurants,card_present,IE,False,
t001986,acc_0039,2026-04-18,252.81,pharmacy,mobile_app,IE,False,
t002033,acc_0041,2026-04-18,830.01,electronics,online_banking,IE,False,
t002106,acc_0044,2026-04-18,39.74,restaurants,mobile_app,IE,False,
t002196,acc_0045,2026-04-18,137.49,groceries,mobile_app,IE,False,
t002296,acc_0047,2026-04-18,381.79,restaurants,online_banking,IE,False,
t002371,acc_0049,2026-04-18,77.68,pharmacy,card_not_present,IE,False,
t002414,acc_0050,2026-04-18,42.54,utilities,card_present,IE,False,
t002594,acc_0053,2026-04-18,17.38,restaurants,mobile_app,IE,False,
t002663,acc_0054,2026-04-18,41.06,fuel,card_present,IE,False,
t002726,acc_0055,2026-04-18,288.09,utilities,mobile_app,IE,False,
t002805,acc_0057,2026-04-18,149.16,online retail,online_banking,IE,False,
t002895,acc_0058,2026-04-18,297.9,electronics,card_not_present,IE,False,
t002978,acc_0059,2026-04-18,160.9,electronics,online_banking,IE,False,
t003047,acc_0060,2026-04-18,47.6,restaurants,mobile_app,IE,False,
t003115,acc_0061,2026-04-18,223.24,transfer,online_banking,IE,False,
t003205,acc_0062,2026-04-18,211.94,pharmacy,card_not_present,IE,False,
t003295,acc_0063,2026-04-18,124.56,restaurants,card_present,IE,False,
t003428,acc_0065,2026-04-18,41.12,utilities,online_banking,IE,False,
t003515,acc_0066,2026-04-18,17.45,electronics,mobile_app,IE,False,
t003579,acc_0067,2026-04-18,45.14,fuel,card_not_present,IE,False,
t003669,acc_0068,2026-04-18,55.84,utilities,card_present,IE,False,
t003774,acc_0070,2026-04-18,75.95,groceries,card_not_present,IE,False,
t003841,acc_0071,2026-04-18,10.55,pharmacy,mobile_app,IE,False,
t004024,acc_0075,2026-04-18,189.56,restaurants,mobile_app,IE,False,
t004087,acc_0076,2026-04-18,279.54,travel,card_not_present,IE,False,
t004122,acc_0077,2026-04-18,70.48,groceries,card_present,IE,False,
t004187,acc_0080,2026-04-18,327.1,groceries,card_present,IE,False,
t004231,acc_0081,2026-04-18,152.16,transfer,mobile_app,IE,False,
t004348,acc_0083,2026-04-18,77.55,travel,card_present,IE,False,
t004388,acc_0084,2026-04-18,236.45,travel,card_not_present,IE,False,
t004444,acc_0085,2026-04-18,108.97,utilities,card_not_present,IE,False,
t004489,acc_0086,2026-04-18,160.22,transfer,online_banking,IE,False,
t004578,acc_0087,2026-04-18,79.74,pharmacy,card_not_present,IE,False,
t004647,acc_0088,2026-04-18,33.54,groceries,card_present,IE,False,
t004737,acc_0089,2026-04-18,31.44,travel,mobile_app,IE,False,
t004878,acc_0091,2026-04-18,81.21,utilities,card_not_present,IE,False,
t004974,acc_0095,2026-04-18,40.49,fuel,card_not_present,IE,False,
t005121,acc_0098,2026-04-18,210.27,groceries,card_not_present,IE,False,
t005164,acc_0099,2026-04-18,54.35,fuel,online_banking,IE,False,
t005244,acc_0100,2026-04-18,261.72,utilities,card_present,IE,False,
t005397,acc_0103,2026-04-18,159.57,pharmacy,online_banking,IE,False,
t005482,acc_0104,2026-04-18,6.82,restaurants,card_present,IE,False,
t005548,acc_0105,2026-04-18,89.97,groceries,online_banking,IE,False,
t005621,acc_0106,2026-04-18,349.93,groceries,mobile_app,IE,False,
t005655,acc_0107,2026-04-18,94.39,fuel,online_banking,IE,False,
t005747,acc_0109,2026-04-18,20.78,electronics,online_banking,IE,False,
t005779,acc_0110,2026-04-18,17.65,utilities,card_present,IE,False,
t005864,acc_0111,2026-04-18,187.06,online retail,card_not_present,IE,False,
t005973,acc_0113,2026-04-18,248.28,restaurants,mobile_app,IE,False,
t006055,acc_0114,2026-04-18,18.34,electronics,online_banking,IE,False,
t006133,acc_0116,2026-04-18,87.28,restaurants,card_present,IE,False,
t006223,acc_0118,2026-04-18,192.09,pharmacy,card_present,IE,False,
t006306,acc_0120,2026-04-18,28.44,utilities,card_present,IE,False,
t006363,acc_0121,2026-04-18,18.82,travel,online_banking,IE,False,
t006415,acc_0122,2026-04-18,24.37,restaurants,mobile_app,IE,False,
t006501,acc_0123,2026-04-18,169.62,fuel,mobile_app,IE,False,
t006595,acc_0125,2026-04-18,13.56,online retail,card_present,IE,False,
t006639,acc_0126,2026-04-18,112.78,restaurants,card_present,IE,False,
t006790,acc_0128,2026-04-18,50.32,utilities,online_banking,IE,False,
t006889,acc_0130,2026-04-18,261.6,fuel,card_not_present,IE,False,
t006932,acc_0131,2026-04-18,23.21,utilities,online_banking,IE,False,
t007017,acc_0132,2026-04-18,316.11,utilities,mobile_app,IE,False,
t007170,acc_0136,2026-04-18,140.27,online retail,card_not_present,IE,False,
t007250,acc_0137,2026-04-18,50.4,groceries,online_banking,IE,False,
t007312,acc_0139,2026-04-18,111.89,electronics,card_not_present,IE,False,
t007379,acc_0140,2026-04-18,356.8,online retail,card_present,IE,False,
t007479,acc_0142,2026-04-18,231.54,transfer,mobile_app,IE,False,
t007608,acc_0145,2026-04-18,124.78,utilities,mobile_app,IE,False,
t007655,acc_0147,2026-04-18,62.28,utilities,online_banking,IE,False,
t007740,acc_0148,2026-04-18,65.04,electronics,mobile_app,IE,False,
t007805,acc_0149,2026-04-18,129.16,electronics,card_not_present,IE,False,
t007881,acc_0150,2026-04-18,22.85,pharmacy,card_present,IE,False,
t007951,acc_0153,2026-04-18,22.13,electronics,online_banking,IE,False,
t007976,acc_0154,2026-04-18,42.52,fuel,card_present,IE,False,
t008124,acc_0157,2026-04-18,179.82,restaurants,card_present,IE,False,
t008331,acc_0160,2026-04-18,241.29,transfer,online_banking,IE,False,
t008381,acc_0161,2026-04-18,210.61,pharmacy,online_banking,IE,False,
t008671,acc_0166,2026-04-18,39.68,groceries,card_not_present,IE,False,
t008783,acc_0168,2026-04-18,170.63,travel,online_banking,IE,False,
t008903,acc_0170,2026-04-18,56.69,restaurants,mobile_app,IE,False,
t008993,acc_0171,2026-04-18,32.88,electronics,card_not_present,IE,False,
t009083,acc_0172,2026-04-18,105.04,restaurants,card_not_present,IE,False,
t009209,acc_0174,2026-04-18,50.88,travel,mobile_app,IE,False,
t009366,acc_0176,2026-04-18,493.95,pharmacy,card_present,IE,False,
t009449,acc_0177,2026-04-18,54.39,electronics,card_not_present,IE,False,
t009511,acc_0178,2026-04-18,9.16,electronics,card_not_present,IE,False,
t009716,acc_0181,2026-04-18,61.07,groceries,card_present,IE,False,
t009806,acc_0182,2026-04-18,51.4,groceries,card_present,IE,False,
t009902,acc_0184,2026-04-18,401.47,fuel,card_not_present,IE,False,
t010024,acc_0188,2026-04-18,20.33,fuel,card_not_present,IE,False,
t010069,acc_0189,2026-04-18,242.0,online retail,online_banking,IE,False,
t010159,acc_0190,2026-04-18,93.03,travel,card_present,IE,False,
t010255,acc_0192,2026-04-18,33.9,fuel,online_banking,IE,False,
t010278,acc_0193,2026-04-18,91.61,online retail,card_present,IE,False,
t010342,acc_0194,2026-04-18,123.27,electronics,card_not_present,IE,False,
t010388,acc_0195,2026-04-18,253.06,transfer,card_present,IE,False,
t000048,acc_0001,2026-04-19,95.85,restaurants,card_present,IE,False,
t000103,acc_0002,2026-04-19,150.13,pharmacy,card_present,IE,False,
t000137,acc_0003,2026-04-19,68.42,online retail,card_not_present,IE,False,
t000243,acc_0005,2026-04-19,44.73,transfer,card_not_present,IE,False,
t000460,acc_0009,2026-04-19,151.8,online retail,card_not_present,IE,False,
t000576,acc_0011,2026-04-19,24.05,pharmacy,online_banking,IE,False,
t000654,acc_0013,2026-04-19,49.93,utilities,card_not_present,IE,False,
t000725,acc_0014,2026-04-19,5.08,online retail,card_not_present,IE,False,
t000800,acc_0015,2026-04-19,170.88,restaurants,card_present,IE,False,
t000828,acc_0016,2026-04-19,61.1,travel,mobile_app,IE,False,
t001020,acc_0019,2026-04-19,82.02,pharmacy,card_present,IE,False,
t001103,acc_0020,2026-04-19,229.54,transfer,card_present,IE,False,
t001165,acc_0021,2026-04-19,431.62,utilities,online_banking,IE,False,
t001236,acc_0022,2026-04-19,29.61,pharmacy,card_not_present,IE,False,
t001376,acc_0025,2026-04-19,60.92,groceries,online_banking,IE,False,
t001501,acc_0028,2026-04-19,58.32,pharmacy,card_not_present,IE,False,
t001531,acc_0029,2026-04-19,76.3,transfer,card_present,IE,False,
t001551,acc_0030,2026-04-19,201.3,transfer,card_present,IE,False,
t001604,acc_0031,2026-04-19,27.17,groceries,mobile_app,IE,False,
t001775,acc_0034,2026-04-19,110.38,electronics,online_banking,IE,False,
t002107,acc_0044,2026-04-19,36.29,utilities,card_present,IE,False,
t002197,acc_0045,2026-04-19,47.63,pharmacy,card_not_present,IE,False,
t002272,acc_0046,2026-04-19,38.09,groceries,online_banking,IE,False,
t002297,acc_0047,2026-04-19,81.37,pharmacy,mobile_app,IE,False,
t002372,acc_0049,2026-04-19,67.41,groceries,mobile_app,IE,False,
t002415,acc_0050,2026-04-19,12.9,fuel,card_present,IE,False,
t002497,acc_0051,2026-04-19,188.06,utilities,card_not_present,IE,False,
t002556,acc_0052,2026-04-19,22.69,electronics,mobile_app,IE,False,
t002595,acc_0053,2026-04-19,35.52,online retail,mobile_app,IE,False,
t002806,acc_0057,2026-04-19,94.7,transfer,online_banking,IE,False,
t002896,acc_0058,2026-04-19,220.48,travel,online_banking,IE,False,
t002979,acc_0059,2026-04-19,162.83,pharmacy,mobile_app,IE,False,
t003048,acc_0060,2026-04-19,36.8,restaurants,mobile_app,IE,False,
t003116,acc_0061,2026-04-19,304.41,restaurants,card_present,IE,False,
t003206,acc_0062,2026-04-19,76.3,fuel,card_not_present,IE,False,
t003296,acc_0063,2026-04-19,263.73,electronics,card_present,IE,False,
t003429,acc_0065,2026-04-19,26.5,travel,mobile_app,IE,False,
t003516,acc_0066,2026-04-19,12.13,transfer,mobile_app,IE,False,
t003580,acc_0067,2026-04-19,21.86,restaurants,card_not_present,IE,False,
t003670,acc_0068,2026-04-19,48.98,groceries,online_banking,IE,False,
t003842,acc_0071,2026-04-19,12.87,groceries,mobile_app,IE,False,
t004025,acc_0075,2026-04-19,221.88,restaurants,mobile_app,IE,False,
t004123,acc_0077,2026-04-19,103.12,travel,card_not_present,IE,False,
t004140,acc_0078,2026-04-19,29.34,electronics,card_present,IE,False,
t004232,acc_0081,2026-04-19,91.48,restaurants,mobile_app,IE,False,
t004389,acc_0084,2026-04-19,201.48,pharmacy,card_not_present,IE,False,
t004445,acc_0085,2026-04-19,132.81,electronics,card_present,IE,False,
t004490,acc_0086,2026-04-19,198.8,travel,card_not_present,IE,False,
t004579,acc_0087,2026-04-19,146.43,travel,mobile_app,IE,False,
t004648,acc_0088,2026-04-19,48.55,groceries,mobile_app,IE,False,
t004738,acc_0089,2026-04-19,41.7,fuel,online_banking,IE,False,
t004925,acc_0093,2026-04-19,89.61,transfer,card_not_present,IE,False,
t004975,acc_0095,2026-04-19,45.45,transfer,online_banking,IE,False,
t005085,acc_0097,2026-04-19,2.24,groceries,card_not_present,IE,False,
t005165,acc_0099,2026-04-19,45.84,electronics,mobile_app,IE,False,
t005245,acc_0100,2026-04-19,169.55,online retail,mobile_app,IE,False,
t005286,acc_0101,2026-04-19,35.37,travel,online_banking,IE,False,
t005398,acc_0103,2026-04-19,81.87,pharmacy,online_banking,IE,False,
t005483,acc_0104,2026-04-19,26.9,travel,online_banking,IE,False,
t005549,acc_0105,2026-04-19,56.1,fuel,card_not_present,IE,False,
t005622,acc_0106,2026-04-19,85.62,electronics,online_banking,IE,False,
t005656,acc_0107,2026-04-19,169.52,pharmacy,mobile_app,IE,False,
t005711,acc_0108,2026-04-19,59.83,pharmacy,mobile_app,IE,False,
t005748,acc_0109,2026-04-19,36.21,fuel,card_not_present,IE,False,
t005780,acc_0110,2026-04-19,11.56,travel,online_banking,IE,False,
t005865,acc_0111,2026-04-19,222.99,restaurants,card_present,IE,False,
t005974,acc_0113,2026-04-19,94.22,travel,online_banking,IE,False,
t006056,acc_0114,2026-04-19,20.31,transfer,online_banking,IE,False,
t006107,acc_0115,2026-04-19,19.9,pharmacy,online_banking,IE,False,
t006224,acc_0118,2026-04-19,150.96,restaurants,card_present,IE,False,
t006364,acc_0121,2026-04-19,16.45,utilities,card_present,IE,False,
t006416,acc_0122,2026-04-19,31.19,utilities,card_present,IE,False,
t006502,acc_0123,2026-04-19,56.94,restaurants,card_not_present,IE,False,
t006640,acc_0126,2026-04-19,143.51,travel,mobile_app,IE,False,
t006721,acc_0127,2026-04-19,66.85,groceries,online_banking,IE,False,
t006791,acc_0128,2026-04-19,9.94,groceries,card_present,IE,False,
t006933,acc_0131,2026-04-19,114.22,electronics,card_present,IE,False,
t007074,acc_0133,2026-04-19,253.76,transfer,mobile_app,IE,False,
t007124,acc_0135,2026-04-19,68.58,pharmacy,card_present,IE,False,
t007171,acc_0136,2026-04-19,51.21,travel,card_present,IE,False,
t007380,acc_0140,2026-04-19,322.48,utilities,online_banking,IE,False,
t007480,acc_0142,2026-04-19,288.07,fuel,online_banking,IE,False,
t007656,acc_0147,2026-04-19,47.61,groceries,card_present,IE,False,
t007806,acc_0149,2026-04-19,112.61,transfer,online_banking,IE,False,
t007902,acc_0151,2026-04-19,22.67,travel,online_banking,IE,False,
t007977,acc_0154,2026-04-19,9.27,electronics,card_present,IE,False,
t008031,acc_0155,2026-04-19,371.85,pharmacy,online_banking,IE,False,
t008125,acc_0157,2026-04-19,148.49,utilities,card_not_present,IE,False,
t008270,acc_0159,2026-04-19,31.96,electronics,online_banking,IE,False,
t008332,acc_0160,2026-04-19,136.1,pharmacy,card_present,IE,False,
t008382,acc_0161,2026-04-19,41.42,electronics,card_present,IE,False,
t008456,acc_0162,2026-04-19,55.5,online retail,online_banking,IE,False,
t008502,acc_0163,2026-04-19,205.75,utilities,online_banking,IE,False,
t008600,acc_0165,2026-04-19,52.84,restaurants,online_banking,IE,False,
t008672,acc_0166,2026-04-19,32.88,transfer,mobile_app,IE,False,
t008749,acc_0167,2026-04-19,179.01,electronics,card_not_present,IE,False,
t008784,acc_0168,2026-04-19,135.24,pharmacy,online_banking,IE,False,
t008904,acc_0170,2026-04-19,246.08,restaurants,card_not_present,IE,False,
t008994,acc_0171,2026-04-19,67.22,utilities,card_not_present,IE,False,
t009084,acc_0172,2026-04-19,84.92,electronics,mobile_app,IE,False,
t009210,acc_0174,2026-04-19,50.11,electronics,mobile_app,IE,False,
t009295,acc_0175,2026-04-19,63.37,online retail,online_banking,IE,False,
t009367,acc_0176,2026-04-19,699.73,utilities,card_present,IE,False,
t009450,acc_0177,2026-04-19,10.36,utilities,card_present,IE,False,
t009512,acc_0178,2026-04-19,31.14,electronics,card_not_present,IE,False,
t009594,acc_0179,2026-04-19,43.16,transfer,card_not_present,IE,False,
t009717,acc_0181,2026-04-19,98.3,groceries,card_not_present,IE,False,
t009807,acc_0182,2026-04-19,115.42,utilities,mobile_app,IE,False,
t009881,acc_0183,2026-04-19,50.33,pharmacy,online_banking,IE,False,
t010070,acc_0189,2026-04-19,144.55,restaurants,card_not_present,IE,False,
t010160,acc_0190,2026-04-19,43.97,electronics,card_not_present,IE,False,
t010256,acc_0192,2026-04-19,11.51,travel,online_banking,IE,False,
t010343,acc_0194,2026-04-19,261.57,transfer,card_present,IE,False,
t010389,acc_0195,2026-04-19,167.71,transfer,card_present,IE,False,
t010536,acc_0198,2026-04-19,180.48,utilities,card_present,IE,False,
t000049,acc_0001,2026-04-20,283.34,restaurants,card_present,IE,False,
t000138,acc_0003,2026-04-20,93.28,pharmacy,online_banking,IE,False,
t000244,acc_0005,2026-04-20,35.08,restaurants,card_present,IE,False,
t000302,acc_0006,2026-04-20,122.08,fuel,card_not_present,IE,False,
t000345,acc_0007,2026-04-20,83.62,online retail,mobile_app,IE,False,
t000408,acc_0008,2026-04-20,166.12,travel,card_not_present,IE,False,
t000461,acc_0009,2026-04-20,42.25,groceries,mobile_app,IE,False,
t000612,acc_0012,2026-04-20,26.27,transfer,mobile_app,IE,False,
t000655,acc_0013,2026-04-20,293.14,electronics,online_banking,IE,False,
t000726,acc_0014,2026-04-20,27.11,transfer,card_present,IE,False,
t000829,acc_0016,2026-04-20,41.51,fuel,card_not_present,IE,False,
t000914,acc_0017,2026-04-20,461.25,restaurants,online_banking,IE,False,
t001021,acc_0019,2026-04-20,241.85,transfer,card_not_present,IE,False,
t001104,acc_0020,2026-04-20,122.43,travel,mobile_app,IE,False,
t001166,acc_0021,2026-04-20,312.84,online retail,card_present,IE,False,
t001237,acc_0022,2026-04-20,41.95,groceries,card_present,IE,False,
t001434,acc_0026,2026-04-20,62.75,travel,card_not_present,IE,False,
t001455,acc_0027,2026-04-20,12.52,pharmacy,mobile_app,IE,False,
t001502,acc_0028,2026-04-20,45.57,fuel,mobile_app,IE,False,
t001552,acc_0030,2026-04-20,109.48,fuel,mobile_app,IE,False,
t001605,acc_0031,2026-04-20,28.17,electronics,card_not_present,IE,False,
t001701,acc_0033,2026-04-20,75.06,pharmacy,online_banking,IE,False,
t001776,acc_0034,2026-04-20,85.38,electronics,card_present,IE,False,
t001860,acc_0035,2026-04-20,15.01,utilities,card_present,IE,False,
t001938,acc_0037,2026-04-20,35.78,fuel,mobile_app,IE,False,
t002108,acc_0044,2026-04-20,40.41,pharmacy,card_present,IE,False,
t002198,acc_0045,2026-04-20,69.54,pharmacy,card_present,IE,False,
t002273,acc_0046,2026-04-20,82.7,electronics,card_present,IE,False,
t002298,acc_0047,2026-04-20,281.54,electronics,card_present,IE,False,
t002354,acc_0048,2026-04-20,82.13,utilities,mobile_app,IE,False,
t002416,acc_0050,2026-04-20,19.28,utilities,online_banking,IE,False,
t002498,acc_0051,2026-04-20,103.6,pharmacy,card_not_present,IE,False,
t002664,acc_0054,2026-04-20,17.78,online retail,card_not_present,IE,False,
t002807,acc_0057,2026-04-20,195.18,transfer,card_present,IE,False,
t002897,acc_0058,2026-04-20,367.45,pharmacy,mobile_app,IE,False,
t002980,acc_0059,2026-04-20,320.55,electronics,mobile_app,IE,False,
t003117,acc_0061,2026-04-20,193.94,pharmacy,mobile_app,IE,False,
t003207,acc_0062,2026-04-20,132.25,restaurants,mobile_app,IE,False,
t003297,acc_0063,2026-04-20,100.37,travel,mobile_app,IE,False,
t003377,acc_0064,2026-04-20,70.34,restaurants,card_not_present,IE,False,
t003430,acc_0065,2026-04-20,89.17,transfer,card_not_present,IE,False,
t003581,acc_0067,2026-04-20,45.86,transfer,mobile_app,IE,False,
t003671,acc_0068,2026-04-20,84.23,groceries,mobile_app,IE,False,
t003843,acc_0071,2026-04-20,32.8,online retail,online_banking,IE,False,
t003950,acc_0073,2026-04-20,128.98,transfer,card_not_present,IE,False,
t004026,acc_0075,2026-04-20,326.45,groceries,online_banking,IE,False,
t004088,acc_0076,2026-04-20,316.37,electronics,mobile_app,IE,False,
t004141,acc_0078,2026-04-20,33.2,online retail,mobile_app,IE,False,
t004188,acc_0080,2026-04-20,389.22,fuel,card_not_present,IE,False,
t004233,acc_0081,2026-04-20,49.47,electronics,mobile_app,IE,False,
t004312,acc_0082,2026-04-20,14.02,electronics,mobile_app,IE,False,
t004349,acc_0083,2026-04-20,73.62,travel,online_banking,IE,False,
t004390,acc_0084,2026-04-20,381.49,groceries,online_banking,IE,False,
t004446,acc_0085,2026-04-20,180.59,pharmacy,online_banking,IE,False,
t004491,acc_0086,2026-04-20,412.68,fuel,mobile_app,IE,False,
t004649,acc_0088,2026-04-20,52.89,restaurants,card_not_present,IE,False,
t004739,acc_0089,2026-04-20,54.06,pharmacy,mobile_app,IE,False,
t004823,acc_0090,2026-04-20,66.59,travel,card_not_present,IE,False,
t004976,acc_0095,2026-04-20,25.69,fuel,online_banking,IE,False,
t005086,acc_0097,2026-04-20,16.66,fuel,card_present,IE,False,
t005166,acc_0099,2026-04-20,34.23,transfer,card_not_present,IE,False,
t005287,acc_0101,2026-04-20,38.03,transfer,card_present,IE,False,
t005399,acc_0103,2026-04-20,72.25,groceries,card_not_present,IE,False,
t005484,acc_0104,2026-04-20,23.66,restaurants,card_not_present,IE,False,
t005550,acc_0105,2026-04-20,155.96,groceries,card_present,IE,False,
t005623,acc_0106,2026-04-20,244.71,electronics,online_banking,IE,False,
t005657,acc_0107,2026-04-20,154.41,utilities,card_present,IE,False,
t005781,acc_0110,2026-04-20,17.23,fuel,mobile_app,IE,False,
t005866,acc_0111,2026-04-20,219.09,electronics,card_not_present,IE,False,
t005925,acc_0112,2026-04-20,20.88,transfer,mobile_app,IE,False,
t005975,acc_0113,2026-04-20,183.21,online retail,mobile_app,IE,False,
t006057,acc_0114,2026-04-20,12.4,online retail,online_banking,IE,False,
t006134,acc_0116,2026-04-20,95.22,transfer,card_not_present,IE,False,
t006176,acc_0117,2026-04-20,46.0,pharmacy,card_not_present,IE,False,
t006225,acc_0118,2026-04-20,120.8,pharmacy,card_not_present,IE,False,
t006307,acc_0120,2026-04-20,26.47,utilities,online_banking,IE,False,
t006417,acc_0122,2026-04-20,21.44,fuel,card_present,IE,False,
t006503,acc_0123,2026-04-20,48.9,fuel,card_present,IE,False,
t006561,acc_0124,2026-04-20,167.92,travel,mobile_app,IE,False,
t006641,acc_0126,2026-04-20,120.85,groceries,online_banking,IE,False,
t006722,acc_0127,2026-04-20,48.16,transfer,card_present,IE,False,
t006792,acc_0128,2026-04-20,35.48,restaurants,card_present,IE,False,
t006890,acc_0130,2026-04-20,66.94,pharmacy,card_present,IE,False,
t006934,acc_0131,2026-04-20,52.15,restaurants,mobile_app,IE,False,
t007018,acc_0132,2026-04-20,303.3,pharmacy,card_present,IE,False,
t007172,acc_0136,2026-04-20,82.23,fuel,card_present,IE,False,
t007313,acc_0139,2026-04-20,34.94,fuel,card_not_present,IE,False,
t007481,acc_0142,2026-04-20,201.83,pharmacy,card_present,IE,False,
t007657,acc_0147,2026-04-20,75.96,transfer,card_not_present,IE,False,
t007807,acc_0149,2026-04-20,72.58,utilities,mobile_app,IE,False,
t007882,acc_0150,2026-04-20,40.44,fuel,online_banking,IE,False,
t007930,acc_0152,2026-04-20,170.9,pharmacy,card_present,IE,False,
t007978,acc_0154,2026-04-20,30.53,pharmacy,card_not_present,IE,False,
t008032,acc_0155,2026-04-20,154.79,groceries,card_present,IE,False,
t008126,acc_0157,2026-04-20,277.23,pharmacy,card_present,IE,False,
t008208,acc_0158,2026-04-20,24.66,travel,card_present,IE,False,
t008271,acc_0159,2026-04-20,29.53,utilities,card_present,IE,False,
t008333,acc_0160,2026-04-20,198.29,groceries,card_present,IE,False,
t008383,acc_0161,2026-04-20,110.04,restaurants,card_not_present,IE,False,
t008503,acc_0163,2026-04-20,459.1,online retail,online_banking,IE,False,
t008601,acc_0165,2026-04-20,35.41,restaurants,mobile_app,IE,False,
t008673,acc_0166,2026-04-20,64.92,utilities,card_present,IE,False,
t008785,acc_0168,2026-04-20,34.33,electronics,card_present,IE,False,
t008905,acc_0170,2026-04-20,177.32,groceries,mobile_app,IE,False,
t008995,acc_0171,2026-04-20,28.11,travel,online_banking,IE,False,
t009085,acc_0172,2026-04-20,204.56,travel,online_banking,IE,False,
t009211,acc_0174,2026-04-20,113.15,fuel,online_banking,IE,False,
t009296,acc_0175,2026-04-20,155.63,transfer,online_banking,IE,False,
t009368,acc_0176,2026-04-20,259.27,online retail,card_present,IE,False,
t009451,acc_0177,2026-04-20,25.56,online retail,online_banking,IE,False,
t009513,acc_0178,2026-04-20,30.4,electronics,card_not_present,IE,False,
t009718,acc_0181,2026-04-20,44.36,utilities,card_not_present,IE,False,
t009808,acc_0182,2026-04-20,63.58,utilities,mobile_app,IE,False,
t009928,acc_0185,2026-04-20,133.39,pharmacy,card_present,IE,False,
t009995,acc_0187,2026-04-20,42.61,pharmacy,card_present,IE,False,
t010071,acc_0189,2026-04-20,154.69,fuel,card_present,IE,False,
t010161,acc_0190,2026-04-20,203.97,online retail,mobile_app,IE,False,
t010279,acc_0193,2026-04-20,46.59,travel,mobile_app,IE,False,
t010344,acc_0194,2026-04-20,214.01,electronics,online_banking,IE,False,
t010576,acc_0199,2026-04-20,15.38,fuel,card_not_present,IE,False,
t000050,acc_0001,2026-04-21,127.0,restaurants,card_not_present,IE,False,
t000104,acc_0002,2026-04-21,32.52,utilities,card_present,IE,False,
t000139,acc_0003,2026-04-21,22.75,electronics,card_not_present,IE,False,
t000211,acc_0004,2026-04-21,174.28,groceries,mobile_app,IE,False,
t000245,acc_0005,2026-04-21,52.26,pharmacy,online_banking,IE,False,
t000346,acc_0007,2026-04-21,92.41,restaurants,online_banking,IE,False,
t000462,acc_0009,2026-04-21,45.98,online retail,card_present,IE,False,
t000613,acc_0012,2026-04-21,20.75,pharmacy,card_not_present,IE,False,
t000727,acc_0014,2026-04-21,13.03,fuel,card_not_present,IE,False,
t000830,acc_0016,2026-04-21,127.35,fuel,card_not_present,IE,False,
t001022,acc_0019,2026-04-21,72.72,electronics,card_present,IE,False,
t001105,acc_0020,2026-04-21,264.93,groceries,card_not_present,IE,False,
t001167,acc_0021,2026-04-21,218.33,electronics,online_banking,IE,False,
t001238,acc_0022,2026-04-21,19.87,fuel,card_not_present,IE,False,
t001377,acc_0025,2026-04-21,26.58,fuel,card_not_present,IE,False,
t001456,acc_0027,2026-04-21,26.38,travel,mobile_app,IE,False,
t001532,acc_0029,2026-04-21,92.22,groceries,online_banking,IE,False,
t001553,acc_0030,2026-04-21,336.14,electronics,card_not_present,IE,False,
t001606,acc_0031,2026-04-21,21.56,utilities,card_not_present,IE,False,
t001702,acc_0033,2026-04-21,92.16,groceries,card_present,IE,False,
t001777,acc_0034,2026-04-21,112.59,travel,online_banking,IE,False,
t002109,acc_0044,2026-04-21,47.03,pharmacy,card_not_present,IE,False,
t002199,acc_0045,2026-04-21,59.41,fuel,card_not_present,IE,False,
t002299,acc_0047,2026-04-21,65.7,fuel,card_present,IE,False,
t002373,acc_0049,2026-04-21,32.06,groceries,card_not_present,IE,False,
t002417,acc_0050,2026-04-21,14.74,pharmacy,mobile_app,IE,False,
t002499,acc_0051,2026-04-21,255.85,fuel,mobile_app,IE,False,
t002596,acc_0053,2026-04-21,29.96,travel,mobile_app,IE,False,
t002808,acc_0057,2026-04-21,100.28,electronics,card_present,IE,False,
t002898,acc_0058,2026-04-21,168.26,restaurants,online_banking,IE,False,
t002981,acc_0059,2026-04-21,345.61,restaurants,card_present,IE,False,
t003049,acc_0060,2026-04-21,68.55,groceries,card_not_present,IE,False,
t003118,acc_0061,2026-04-21,107.2,fuel,card_not_present,IE,False,
t003208,acc_0062,2026-04-21,67.5,online retail,mobile_app,IE,False,
t003298,acc_0063,2026-04-21,368.58,travel,mobile_app,IE,False,
t003378,acc_0064,2026-04-21,173.06,pharmacy,card_not_present,IE,False,
t003431,acc_0065,2026-04-21,46.43,restaurants,online_banking,IE,False,
t003517,acc_0066,2026-04-21,100.68,online retail,online_banking,IE,False,
t003582,acc_0067,2026-04-21,25.03,electronics,card_not_present,IE,False,
t003672,acc_0068,2026-04-21,170.92,transfer,online_banking,IE,False,
t003775,acc_0070,2026-04-21,90.42,transfer,card_present,IE,False,
t003844,acc_0071,2026-04-21,23.61,restaurants,card_present,IE,False,
t004027,acc_0075,2026-04-21,314.28,electronics,card_not_present,IE,False,
t004089,acc_0076,2026-04-21,112.3,online retail,card_present,IE,False,
t004234,acc_0081,2026-04-21,75.19,fuel,card_not_present,IE,False,
t004350,acc_0083,2026-04-21,130.79,online retail,card_present,IE,False,
t004391,acc_0084,2026-04-21,383.89,fuel,card_not_present,IE,False,
t004492,acc_0086,2026-04-21,41.36,pharmacy,online_banking,IE,False,
t004580,acc_0087,2026-04-21,76.5,groceries,card_present,IE,False,
t004650,acc_0088,2026-04-21,27.78,travel,card_not_present,IE,False,
t004740,acc_0089,2026-04-21,28.26,utilities,card_not_present,IE,False,
t004824,acc_0090,2026-04-21,82.56,online retail,card_present,IE,False,
t004893,acc_0092,2026-04-21,202.0,transfer,card_present,IE,False,
t004977,acc_0095,2026-04-21,25.96,pharmacy,online_banking,IE,False,
t005051,acc_0096,2026-04-21,125.27,online retail,card_present,IE,False,
t005167,acc_0099,2026-04-21,79.31,travel,online_banking,IE,False,
t005246,acc_0100,2026-04-21,106.18,transfer,card_present,IE,False,
t005288,acc_0101,2026-04-21,17.8,utilities,online_banking,IE,False,
t005400,acc_0103,2026-04-21,109.79,utilities,card_not_present,IE,False,
t005485,acc_0104,2026-04-21,16.24,fuel,mobile_app,IE,False,
t005551,acc_0105,2026-04-21,255.12,online retail,card_present,IE,False,
t005749,acc_0109,2026-04-21,21.24,restaurants,online_banking,IE,False,
t005782,acc_0110,2026-04-21,14.28,utilities,online_banking,IE,False,
t005976,acc_0113,2026-04-21,227.39,pharmacy,card_not_present,IE,False,
t006058,acc_0114,2026-04-21,26.85,travel,card_present,IE,False,
t006177,acc_0117,2026-04-21,28.97,fuel,online_banking,IE,False,
t006226,acc_0118,2026-04-21,113.92,fuel,mobile_app,IE,False,
t006308,acc_0120,2026-04-21,13.01,travel,card_present,IE,False,
t006365,acc_0121,2026-04-21,8.98,fuel,online_banking,IE,False,
t006418,acc_0122,2026-04-21,14.18,travel,card_present,IE,False,
t006504,acc_0123,2026-04-21,52.4,transfer,card_present,IE,False,
t006596,acc_0125,2026-04-21,18.18,pharmacy,online_banking,IE,False,
t006642,acc_0126,2026-04-21,112.86,pharmacy,online_banking,IE,False,
t006723,acc_0127,2026-04-21,44.12,fuel,card_not_present,IE,False,
t006793,acc_0128,2026-04-21,11.04,transfer,online_banking,IE,False,
t006891,acc_0130,2026-04-21,147.57,transfer,mobile_app,IE,False,
t006935,acc_0131,2026-04-21,55.86,pharmacy,card_present,IE,False,
t007019,acc_0132,2026-04-21,343.0,transfer,online_banking,IE,False,
t007125,acc_0135,2026-04-21,72.69,transfer,card_present,IE,False,
t007173,acc_0136,2026-04-21,34.77,restaurants,card_present,IE,False,
t007251,acc_0137,2026-04-21,30.59,fuel,online_banking,IE,False,
t007283,acc_0138,2026-04-21,191.32,electronics,card_present,IE,False,
t007314,acc_0139,2026-04-21,46.14,transfer,mobile_app,IE,False,
t007432,acc_0141,2026-04-21,92.64,pharmacy,card_not_present,IE,False,
t007482,acc_0142,2026-04-21,194.32,pharmacy,card_not_present,IE,False,
t007557,acc_0143,2026-04-21,26.5,utilities,card_present,IE,False,
t007624,acc_0146,2026-04-21,147.53,transfer,card_not_present,IE,False,
t007658,acc_0147,2026-04-21,32.65,groceries,mobile_app,IE,False,
t007808,acc_0149,2026-04-21,144.07,fuel,card_present,IE,False,
t008033,acc_0155,2026-04-21,244.58,travel,mobile_app,IE,False,
t008127,acc_0157,2026-04-21,179.14,transfer,online_banking,IE,False,
t008209,acc_0158,2026-04-21,8.71,restaurants,mobile_app,IE,False,
t008272,acc_0159,2026-04-21,17.71,restaurants,mobile_app,IE,False,
t008334,acc_0160,2026-04-21,142.74,fuel,card_not_present,IE,False,
t008384,acc_0161,2026-04-21,96.92,utilities,online_banking,IE,False,
t008457,acc_0162,2026-04-21,71.79,restaurants,card_not_present,IE,False,
t008602,acc_0165,2026-04-21,40.85,utilities,mobile_app,IE,False,
t008674,acc_0166,2026-04-21,23.48,pharmacy,mobile_app,IE,False,
t008786,acc_0168,2026-04-21,129.78,restaurants,card_not_present,IE,False,
t008859,acc_0169,2026-04-21,224.0,fuel,card_present,IE,False,
t008906,acc_0170,2026-04-21,153.08,pharmacy,card_present,IE,False,
t008996,acc_0171,2026-04-21,92.02,travel,card_not_present,IE,False,
t009086,acc_0172,2026-04-21,67.46,fuel,card_present,IE,False,
t009164,acc_0173,2026-04-21,27.2,pharmacy,card_present,IE,False,
t009212,acc_0174,2026-04-21,104.13,groceries,mobile_app,IE,False,
t009369,acc_0176,2026-04-21,134.29,restaurants,mobile_app,IE,False,
t009452,acc_0177,2026-04-21,20.78,online retail,card_not_present,IE,False,
t009514,acc_0178,2026-04-21,10.15,electronics,card_present,IE,False,
t009595,acc_0179,2026-04-21,71.69,travel,card_present,IE,False,
t009651,acc_0180,2026-04-21,33.53,pharmacy,card_present,IE,False,
t009719,acc_0181,2026-04-21,55.79,groceries,card_not_present,IE,False,
t009809,acc_0182,2026-04-21,74.54,utilities,online_banking,IE,False,
t009903,acc_0184,2026-04-21,257.47,transfer,card_present,IE,False,
t009929,acc_0185,2026-04-21,48.09,electronics,card_not_present,IE,False,
t009957,acc_0186,2026-04-21,29.02,travel,mobile_app,IE,False,
t009996,acc_0187,2026-04-21,30.89,restaurants,mobile_app,IE,False,
t010025,acc_0188,2026-04-21,38.01,pharmacy,online_banking,IE,False,
t010072,acc_0189,2026-04-21,136.03,pharmacy,online_banking,IE,False,
t010162,acc_0190,2026-04-21,65.6,transfer,online_banking,IE,False,
t010280,acc_0193,2026-04-21,163.89,restaurants,online_banking,IE,False,
t010390,acc_0195,2026-04-21,97.58,utilities,online_banking,IE,False,
t010444,acc_0196,2026-04-21,52.87,pharmacy,card_present,IE,False,
t010853,acc_0113,2026-04-21,214.74,online retail,card_not_present,IE,False,rapid_burst
t010854,acc_0113,2026-04-21,281.64,online retail,card_not_present,IE,False,rapid_burst
t010855,acc_0113,2026-04-21,174.17,online retail,card_not_present,IE,False,rapid_burst
t010856,acc_0113,2026-04-21,193.11,online retail,card_not_present,IE,False,rapid_burst
t010857,acc_0113,2026-04-21,285.63,online retail,card_not_present,IE,False,rapid_burst
t010858,acc_0113,2026-04-21,174.93,online retail,card_not_present,IE,False,rapid_burst
t010859,acc_0113,2026-04-21,235.39,online retail,card_not_present,IE,False,rapid_burst
t010860,acc_0113,2026-04-21,239.2,online retail,card_not_present,IE,False,rapid_burst
t010861,acc_0113,2026-04-21,174.29,online retail,card_not_present,IE,False,rapid_burst
t010862,acc_0113,2026-04-21,283.96,online retail,card_not_present,IE,False,rapid_burst
t010863,acc_0113,2026-04-21,169.59,online retail,card_not_present,IE,False,rapid_burst
t000011,acc_0000,2026-04-22,35.2,groceries,online_banking,IE,False,
t000140,acc_0003,2026-04-22,126.36,groceries,card_not_present,IE,False,
t000246,acc_0005,2026-04-22,85.03,transfer,mobile_app,IE,False,
t000303,acc_0006,2026-04-22,47.77,electronics,card_present,IE,False,
t000347,acc_0007,2026-04-22,83.24,groceries,card_present,IE,False,
t000463,acc_0009,2026-04-22,127.05,transfer,card_not_present,IE,False,
t000614,acc_0012,2026-04-22,22.52,travel,card_present,IE,False,
t000728,acc_0014,2026-04-22,33.72,electronics,card_not_present,IE,False,
t000801,acc_0015,2026-04-22,116.51,transfer,online_banking,IE,False,
t000831,acc_0016,2026-04-22,36.36,restaurants,online_banking,IE,False,
t000915,acc_0017,2026-04-22,106.33,fuel,card_not_present,IE,False,
t001023,acc_0019,2026-04-22,123.02,online retail,card_present,IE,False,
t001106,acc_0020,2026-04-22,66.52,fuel,online_banking,IE,False,
t001168,acc_0021,2026-04-22,255.85,fuel,card_present,IE,False,
t001239,acc_0022,2026-04-22,107.68,online retail,online_banking,IE,False,
t001336,acc_0024,2026-04-22,186.15,fuel,card_not_present,IE,False,
t001607,acc_0031,2026-04-22,52.91,groceries,card_present,IE,False,
t001703,acc_0033,2026-04-22,154.41,groceries,online_banking,IE,False,
t001778,acc_0034,2026-04-22,494.52,pharmacy,mobile_app,IE,False,
t001861,acc_0035,2026-04-22,48.95,fuel,online_banking,IE,False,
t002056,acc_0042,2026-04-22,202.76,online retail,online_banking,IE,False,
t002073,acc_0043,2026-04-22,13.18,restaurants,mobile_app,IE,False,
t002110,acc_0044,2026-04-22,61.03,fuel,mobile_app,IE,False,
t002200,acc_0045,2026-04-22,150.52,electronics,mobile_app,IE,False,
t002300,acc_0047,2026-04-22,153.76,travel,mobile_app,IE,False,
t002418,acc_0050,2026-04-22,23.66,fuel,online_banking,IE,False,
t002557,acc_0052,2026-04-22,12.05,utilities,card_present,IE,False,
t002597,acc_0053,2026-04-22,8.88,electronics,online_banking,IE,False,
t002665,acc_0054,2026-04-22,9.2,groceries,online_banking,IE,False,
t002809,acc_0057,2026-04-22,218.43,travel,card_present,IE,False,
t002899,acc_0058,2026-04-22,134.08,transfer,mobile_app,IE,False,
t003119,acc_0061,2026-04-22,203.19,utilities,online_banking,IE,False,
t003209,acc_0062,2026-04-22,43.75,restaurants,card_present,IE,False,
t003299,acc_0063,2026-04-22,349.47,transfer,mobile_app,IE,False,
t003379,acc_0064,2026-04-22,36.91,groceries,card_present,IE,False,
t003432,acc_0065,2026-04-22,32.98,utilities,online_banking,IE,False,
t003518,acc_0066,2026-04-22,75.51,fuel,card_present,IE,False,
t003583,acc_0067,2026-04-22,16.32,electronics,mobile_app,IE,False,
t003673,acc_0068,2026-04-22,85.94,electronics,card_not_present,IE,False,
t003845,acc_0071,2026-04-22,23.19,online retail,mobile_app,IE,False,
t004028,acc_0075,2026-04-22,317.7,utilities,online_banking,IE,False,
t004090,acc_0076,2026-04-22,261.6,online retail,online_banking,IE,False,
t004189,acc_0080,2026-04-22,47.87,groceries,mobile_app,IE,False,
t004235,acc_0081,2026-04-22,47.52,electronics,card_present,IE,False,
t004313,acc_0082,2026-04-22,7.35,utilities,online_banking,IE,False,
t004392,acc_0084,2026-04-22,270.06,fuel,card_present,IE,False,
t004493,acc_0086,2026-04-22,214.87,groceries,card_not_present,IE,False,
t004581,acc_0087,2026-04-22,177.09,transfer,online_banking,IE,False,
t004651,acc_0088,2026-04-22,28.35,electronics,card_present,IE,False,
t004741,acc_0089,2026-04-22,49.11,restaurants,mobile_app,IE,False,
t004825,acc_0090,2026-04-22,52.56,online retail,mobile_app,IE,False,
t004894,acc_0092,2026-04-22,796.4,restaurants,card_present,IE,False,
t004978,acc_0095,2026-04-22,16.57,travel,card_present,IE,False,
t005052,acc_0096,2026-04-22,90.08,groceries,card_not_present,IE,False,
t005168,acc_0099,2026-04-22,32.4,electronics,card_not_present,IE,False,
t005247,acc_0100,2026-04-22,285.1,fuel,card_not_present,IE,False,
t005349,acc_0102,2026-04-22,86.42,online retail,card_not_present,IE,False,
t005401,acc_0103,2026-04-22,59.93,electronics,mobile_app,IE,False,
t005552,acc_0105,2026-04-22,92.86,travel,online_banking,IE,False,
t005712,acc_0108,2026-04-22,10.84,travel,card_present,IE,False,
t005783,acc_0110,2026-04-22,9.87,electronics,card_present,IE,False,
t005867,acc_0111,2026-04-22,94.34,utilities,card_not_present,IE,False,
t005977,acc_0113,2026-04-22,107.7,utilities,card_present,IE,False,
t006059,acc_0114,2026-04-22,17.29,utilities,mobile_app,IE,False,
t006178,acc_0117,2026-04-22,28.74,groceries,mobile_app,IE,False,
t006227,acc_0118,2026-04-22,53.2,pharmacy,mobile_app,IE,False,
t006281,acc_0119,2026-04-22,73.07,utilities,card_present,IE,False,
t006309,acc_0120,2026-04-22,7.83,travel,card_present,IE,False,
t006419,acc_0122,2026-04-22,18.91,travel,online_banking,IE,False,
t006562,acc_0124,2026-04-22,212.18,restaurants,card_not_present,IE,False,
t006643,acc_0126,2026-04-22,72.08,online retail,card_present,IE,False,
t006794,acc_0128,2026-04-22,34.58,online retail,mobile_app,IE,False,
t006936,acc_0131,2026-04-22,44.9,groceries,card_present,IE,False,
t007020,acc_0132,2026-04-22,178.46,travel,card_not_present,IE,False,
t007075,acc_0133,2026-04-22,813.75,electronics,card_present,IE,False,
t007174,acc_0136,2026-04-22,39.32,electronics,mobile_app,IE,False,
t007315,acc_0139,2026-04-22,97.76,restaurants,online_banking,IE,False,
t007381,acc_0140,2026-04-22,329.71,travel,card_present,IE,False,
t007433,acc_0141,2026-04-22,152.95,restaurants,card_not_present,IE,False,
t007483,acc_0142,2026-04-22,139.52,online retail,mobile_app,IE,False,
t007590,acc_0144,2026-04-22,51.74,pharmacy,card_present,IE,False,
t007659,acc_0147,2026-04-22,28.38,restaurants,mobile_app,IE,False,
t007809,acc_0149,2026-04-22,36.75,groceries,online_banking,IE,False,
t007979,acc_0154,2026-04-22,14.85,fuel,online_banking,IE,False,
t008034,acc_0155,2026-04-22,145.09,fuel,online_banking,IE,False,
t008128,acc_0157,2026-04-22,181.7,utilities,mobile_app,IE,False,
t008210,acc_0158,2026-04-22,15.63,restaurants,card_not_present,IE,False,
t008273,acc_0159,2026-04-22,20.43,electronics,card_not_present,IE,False,
t008385,acc_0161,2026-04-22,209.6,fuel,card_present,IE,False,
t008603,acc_0165,2026-04-22,8.66,transfer,card_present,IE,False,
t008675,acc_0166,2026-04-22,62.28,restaurants,mobile_app,IE,False,
t008787,acc_0168,2026-04-22,352.0,groceries,card_not_present,IE,False,
t008860,acc_0169,2026-04-22,78.9,electronics,mobile_app,IE,False,
t008907,acc_0170,2026-04-22,92.48,groceries,card_present,IE,False,
t008997,acc_0171,2026-04-22,23.55,transfer,card_not_present,IE,False,
t009087,acc_0172,2026-04-22,37.63,transfer,online_banking,IE,False,
t009165,acc_0173,2026-04-22,11.77,transfer,mobile_app,IE,False,
t009213,acc_0174,2026-04-22,130.68,groceries,mobile_app,IE,False,
t009297,acc_0175,2026-04-22,64.35,utilities,online_banking,IE,False,
t009370,acc_0176,2026-04-22,235.4,restaurants,card_not_present,IE,False,
t009453,acc_0177,2026-04-22,28.71,travel,card_not_present,IE,False,
t009515,acc_0178,2026-04-22,68.91,fuel,card_not_present,IE,False,
t009596,acc_0179,2026-04-22,20.05,pharmacy,online_banking,IE,False,
t009720,acc_0181,2026-04-22,123.09,travel,mobile_app,IE,False,
t009810,acc_0182,2026-04-22,36.55,pharmacy,online_banking,IE,False,
t009882,acc_0183,2026-04-22,14.13,pharmacy,online_banking,IE,False,
t009958,acc_0186,2026-04-22,13.15,transfer,mobile_app,IE,False,
t009997,acc_0187,2026-04-22,49.09,electronics,card_not_present,IE,False,
t010026,acc_0188,2026-04-22,29.02,restaurants,mobile_app,IE,False,
t010073,acc_0189,2026-04-22,323.45,electronics,online_banking,IE,False,
t010163,acc_0190,2026-04-22,48.36,pharmacy,card_not_present,IE,False,
t010235,acc_0191,2026-04-22,94.13,groceries,mobile_app,IE,False,
t010281,acc_0193,2026-04-22,79.97,groceries,online_banking,IE,False,
t010391,acc_0195,2026-04-22,193.88,restaurants,card_not_present,IE,False,
t010667,acc_0016,2026-04-22,881.57,electronics,card_not_present,IE,False,amount_spike
t010763,acc_0052,2026-04-22,537.26,electronics,card_not_present,IE,False,amount_spike
t011090,acc_0197,2026-04-22,109.43,online retail,card_not_present,IE,False,rapid_burst
t011091,acc_0197,2026-04-22,107.97,online retail,card_not_present,IE,False,rapid_burst
t011092,acc_0197,2026-04-22,77.66,online retail,card_not_present,IE,False,rapid_burst
t011093,acc_0197,2026-04-22,73.46,online retail,card_not_present,IE,False,rapid_burst
t011094,acc_0197,2026-04-22,63.38,online retail,card_not_present,IE,False,rapid_burst
t011095,acc_0197,2026-04-22,74.03,online retail,card_not_present,IE,False,rapid_burst
t011096,acc_0197,2026-04-22,81.3,online retail,card_not_present,IE,False,rapid_burst
t011097,acc_0197,2026-04-22,71.63,online retail,card_not_present,IE,False,rapid_burst
t011098,acc_0197,2026-04-22,110.34,online retail,card_not_present,IE,False,rapid_burst
t011099,acc_0197,2026-04-22,110.92,online retail,card_not_present,IE,False,rapid_burst
t011100,acc_0197,2026-04-22,78.51,online retail,card_not_present,IE,False,rapid_burst
t000012,acc_0000,2026-04-23,14.87,transfer,mobile_app,IE,False,
t000051,acc_0001,2026-04-23,217.41,travel,mobile_app,IE,False,
t000105,acc_0002,2026-04-23,138.54,groceries,online_banking,IE,False,
t000141,acc_0003,2026-04-23,93.84,fuel,card_not_present,IE,False,
t000247,acc_0005,2026-04-23,45.26,restaurants,online_banking,IE,False,
t000348,acc_0007,2026-04-23,33.83,travel,card_not_present,IE,False,
t000464,acc_0009,2026-04-23,66.41,fuel,card_not_present,IE,False,
t000538,acc_0010,2026-04-23,20.6,pharmacy,card_not_present,IE,False,
t000577,acc_0011,2026-04-23,11.46,pharmacy,online_banking,IE,False,
t000615,acc_0012,2026-04-23,16.67,online retail,online_banking,IE,False,
t000656,acc_0013,2026-04-23,342.56,online retail,mobile_app,IE,False,
t000729,acc_0014,2026-04-23,6.56,groceries,card_not_present,IE,False,
t000832,acc_0016,2026-04-23,46.12,travel,card_not_present,IE,False,
t000916,acc_0017,2026-04-23,110.5,fuel,card_not_present,IE,False,
t000974,acc_0018,2026-04-23,147.37,travel,card_present,IE,False,
t001024,acc_0019,2026-04-23,38.04,travel,card_present,IE,False,
t001107,acc_0020,2026-04-23,237.26,fuel,card_not_present,IE,False,
t001169,acc_0021,2026-04-23,363.36,groceries,online_banking,IE,False,
t001240,acc_0022,2026-04-23,26.09,transfer,card_not_present,IE,False,
t001337,acc_0024,2026-04-23,290.24,utilities,card_present,IE,False,
t001554,acc_0030,2026-04-23,161.0,fuel,card_present,IE,False,
t001608,acc_0031,2026-04-23,31.76,transfer,mobile_app,IE,False,
t001679,acc_0032,2026-04-23,343.36,groceries,mobile_app,IE,False,
t001704,acc_0033,2026-04-23,73.38,online retail,card_not_present,IE,False,
t001779,acc_0034,2026-04-23,247.58,restaurants,mobile_app,IE,False,
t001862,acc_0035,2026-04-23,28.79,electronics,card_not_present,IE,False,
t001956,acc_0038,2026-04-23,161.23,electronics,card_not_present,IE,False,
t002111,acc_0044,2026-04-23,10.41,travel,card_present,IE,False,
t002201,acc_0045,2026-04-23,92.33,electronics,card_not_present,IE,False,
t002301,acc_0047,2026-04-23,48.05,fuel,card_present,IE,False,
t002419,acc_0050,2026-04-23,29.55,online retail,online_banking,IE,False,
t002598,acc_0053,2026-04-23,8.88,restaurants,card_present,IE,False,
t002810,acc_0057,2026-04-23,307.64,electronics,card_present,IE,False,
t002900,acc_0058,2026-04-23,193.07,utilities,mobile_app,IE,False,
t003050,acc_0060,2026-04-23,35.35,pharmacy,card_present,IE,False,
t003120,acc_0061,2026-04-23,159.66,travel,card_not_present,IE,False,
t003210,acc_0062,2026-04-23,50.39,restaurants,card_present,IE,False,
t003300,acc_0063,2026-04-23,246.47,electronics,card_not_present,IE,False,
t003380,acc_0064,2026-04-23,94.82,online retail,online_banking,IE,False,
t003433,acc_0065,2026-04-23,137.35,electronics,mobile_app,IE,False,
t003584,acc_0067,2026-04-23,70.34,online retail,card_present,IE,False,
t003674,acc_0068,2026-04-23,46.56,restaurants,mobile_app,IE,False,
t003776,acc_0070,2026-04-23,73.18,online retail,online_banking,IE,False,
t003846,acc_0071,2026-04-23,11.2,groceries,online_banking,IE,False,
t003917,acc_0072,2026-04-23,253.65,utilities,mobile_app,IE,False,
t003951,acc_0073,2026-04-23,204.4,transfer,card_present,IE,False,
t004029,acc_0075,2026-04-23,209.67,transfer,online_banking,IE,False,
t004091,acc_0076,2026-04-23,299.26,pharmacy,online_banking,IE,False,
t004142,acc_0078,2026-04-23,19.93,transfer,mobile_app,IE,False,
t004162,acc_0079,2026-04-23,123.01,travel,online_banking,IE,False,
t004190,acc_0080,2026-04-23,55.39,utilities,mobile_app,IE,False,
t004236,acc_0081,2026-04-23,112.34,groceries,card_present,IE,False,
t004314,acc_0082,2026-04-23,15.57,travel,card_not_present,IE,False,
t004393,acc_0084,2026-04-23,125.39,groceries,card_not_present,IE,False,
t004494,acc_0086,2026-04-23,115.52,groceries,card_not_present,IE,False,
t004582,acc_0087,2026-04-23,328.15,transfer,mobile_app,IE,False,
t004652,acc_0088,2026-04-23,90.86,online retail,card_present,IE,False,
t004742,acc_0089,2026-04-23,47.6,pharmacy,card_not_present,IE,False,
t004826,acc_0090,2026-04-23,152.4,electronics,online_banking,IE,False,
t004979,acc_0095,2026-04-23,55.79,fuel,mobile_app,IE,False,
t005053,acc_0096,2026-04-23,114.71,restaurants,online_banking,IE,False,
t005169,acc_0099,2026-04-23,58.28,pharmacy,card_present,IE,False,
t005350,acc_0102,2026-04-23,139.01,electronics,online_banking,IE,False,
t005402,acc_0103,2026-04-23,103.16,online retail,card_present,IE,False,
t005486,acc_0104,2026-04-23,38.2,electronics,card_not_present,IE,False,
t005553,acc_0105,2026-04-23,150.33,groceries,mobile_app,IE,False,
t005658,acc_0107,2026-04-23,276.71,restaurants,card_not_present,IE,False,
t005784,acc_0110,2026-04-23,12.02,utilities,card_present,IE,False,
t005868,acc_0111,2026-04-23,244.79,electronics,card_not_present,IE,False,
t005978,acc_0113,2026-04-23,114.44,transfer,mobile_app,IE,False,
t006135,acc_0116,2026-04-23,80.84,fuel,online_banking,IE,False,
t006179,acc_0117,2026-04-23,34.41,transfer,online_banking,IE,False,
t006228,acc_0118,2026-04-23,31.8,transfer,mobile_app,IE,False,
t006310,acc_0120,2026-04-23,27.68,electronics,mobile_app,IE,False,
t006366,acc_0121,2026-04-23,23.3,utilities,online_banking,IE,False,
t006420,acc_0122,2026-04-23,35.78,electronics,mobile_app,IE,False,
t006505,acc_0123,2026-04-23,74.61,pharmacy,mobile_app,IE,False,
t006563,acc_0124,2026-04-23,127.34,restaurants,mobile_app,IE,False,
t006644,acc_0126,2026-04-23,50.81,utilities,online_banking,IE,False,
t006795,acc_0128,2026-04-23,5.54,online retail,card_present,IE,False,
t006937,acc_0131,2026-04-23,37.36,travel,mobile_app,IE,False,
t007021,acc_0132,2026-04-23,244.28,utilities,card_present,IE,False,
t007175,acc_0136,2026-04-23,38.5,restaurants,mobile_app,IE,False,
t007316,acc_0139,2026-04-23,31.64,groceries,online_banking,IE,False,
t007382,acc_0140,2026-04-23,322.54,utilities,mobile_app,IE,False,
t007434,acc_0141,2026-04-23,26.09,travel,mobile_app,IE,False,
t007484,acc_0142,2026-04-23,181.53,travel,card_present,IE,False,
t007558,acc_0143,2026-04-23,18.42,fuel,card_not_present,IE,False,
t007609,acc_0145,2026-04-23,155.5,electronics,mobile_app,IE,False,
t007660,acc_0147,2026-04-23,110.58,online retail,card_present,IE,False,
t007741,acc_0148,2026-04-23,34.22,restaurants,card_present,IE,False,
t007810,acc_0149,2026-04-23,139.84,electronics,card_not_present,IE,False,
t007903,acc_0151,2026-04-23,11.14,groceries,card_present,IE,False,
t008081,acc_0156,2026-04-23,56.65,utilities,mobile_app,IE,False,
t008129,acc_0157,2026-04-23,329.9,electronics,mobile_app,IE,False,
t008211,acc_0158,2026-04-23,13.27,electronics,card_not_present,IE,False,
t008274,acc_0159,2026-04-23,22.09,groceries,online_banking,IE,False,
t008386,acc_0161,2026-04-23,180.62,travel,mobile_app,IE,False,
t008458,acc_0162,2026-04-23,64.67,pharmacy,card_not_present,IE,False,
t008504,acc_0163,2026-04-23,204.21,online retail,online_banking,IE,False,
t008604,acc_0165,2026-04-23,11.8,fuel,mobile_app,IE,False,
t008676,acc_0166,2026-04-23,43.34,restaurants,online_banking,IE,False,
t008750,acc_0167,2026-04-23,47.03,pharmacy,online_banking,IE,False,
t008788,acc_0168,2026-04-23,198.35,travel,card_not_present,IE,False,
t008908,acc_0170,2026-04-23,119.63,groceries,card_present,IE,False,
t008998,acc_0171,2026-04-23,98.1,transfer,card_not_present,IE,False,
t009088,acc_0172,2026-04-23,154.85,pharmacy,card_present,IE,False,
t009214,acc_0174,2026-04-23,86.53,transfer,card_not_present,IE,False,
t009298,acc_0175,2026-04-23,117.11,transfer,mobile_app,IE,False,
t009371,acc_0176,2026-04-23,609.95,fuel,online_banking,IE,False,
t009454,acc_0177,2026-04-23,20.54,electronics,card_present,IE,False,
t009516,acc_0178,2026-04-23,12.92,fuel,online_banking,IE,False,
t009652,acc_0180,2026-04-23,93.62,restaurants,card_present,IE,False,
t009721,acc_0181,2026-04-23,69.94,groceries,online_banking,IE,False,
t009811,acc_0182,2026-04-23,100.31,transfer,card_not_present,IE,False,
t009930,acc_0185,2026-04-23,48.9,electronics,card_present,IE,False,
t009959,acc_0186,2026-04-23,14.0,electronics,online_banking,IE,False,
t010074,acc_0189,2026-04-23,533.62,pharmacy,card_present,IE,False,
t010164,acc_0190,2026-04-23,136.75,transfer,card_present,IE,False,
t010282,acc_0193,2026-04-23,92.02,pharmacy,card_present,IE,False,
t010445,acc_0196,2026-04-23,22.35,groceries,card_not_present,IE,False,
t010485,acc_0197,2026-04-23,135.19,online retail,card_present,IE,False,
t010813,acc_0087,2026-04-23,980.0,transfer,online_banking,IE,False,threshold_structuring
t010814,acc_0087,2026-04-23,995.0,transfer,online_banking,IE,False,threshold_structuring
t010949,acc_0144,2026-04-23,1693.42,electronics,card_not_present,IE,False,amount_spike
t000052,acc_0001,2026-04-24,111.11,travel,card_present,IE,False,
t000142,acc_0003,2026-04-24,238.17,pharmacy,online_banking,IE,False,
t000349,acc_0007,2026-04-24,35.42,travel,online_banking,IE,False,
t000465,acc_0009,2026-04-24,40.57,online retail,card_not_present,IE,False,
t000578,acc_0011,2026-04-24,28.6,online retail,online_banking,IE,False,
t000657,acc_0013,2026-04-24,349.97,fuel,card_not_present,IE,False,
t000730,acc_0014,2026-04-24,37.22,groceries,card_not_present,IE,False,
t000833,acc_0016,2026-04-24,40.86,utilities,card_present,IE,False,
t000917,acc_0017,2026-04-24,146.96,groceries,online_banking,IE,False,
t000975,acc_0018,2026-04-24,53.26,fuel,online_banking,IE,False,
t001025,acc_0019,2026-04-24,203.03,pharmacy,online_banking,IE,False,
t001108,acc_0020,2026-04-24,232.26,online retail,online_banking,IE,False,
t001241,acc_0022,2026-04-24,109.64,online retail,online_banking,IE,False,
t001338,acc_0024,2026-04-24,302.87,fuel,online_banking,IE,False,
t001378,acc_0025,2026-04-24,56.77,online retail,card_present,IE,False,
t001457,acc_0027,2026-04-24,4.89,travel,card_not_present,IE,False,
t001503,acc_0028,2026-04-24,49.37,pharmacy,card_not_present,IE,False,
t001609,acc_0031,2026-04-24,17.67,transfer,card_not_present,IE,False,
t001705,acc_0033,2026-04-24,320.3,pharmacy,card_present,IE,False,
t001780,acc_0034,2026-04-24,166.6,restaurants,card_not_present,IE,False,
t001863,acc_0035,2026-04-24,21.82,utilities,card_not_present,IE,False,
t001987,acc_0039,2026-04-24,299.49,online retail,card_not_present,IE,False,
t002017,acc_0040,2026-04-24,237.32,transfer,card_present,IE,False,
t002112,acc_0044,2026-04-24,65.74,restaurants,mobile_app,IE,False,
t002202,acc_0045,2026-04-24,35.85,transfer,card_not_present,IE,False,
t002274,acc_0046,2026-04-24,62.13,travel,card_not_present,IE,False,
t002374,acc_0049,2026-04-24,99.61,travel,card_not_present,IE,False,
t002420,acc_0050,2026-04-24,18.71,utilities,card_not_present,IE,False,
t002500,acc_0051,2026-04-24,532.57,electronics,mobile_app,IE,False,
t002599,acc_0053,2026-04-24,13.18,utilities,card_present,IE,False,
t002666,acc_0054,2026-04-24,13.1,restaurants,card_not_present,IE,False,
t002762,acc_0056,2026-04-24,32.32,travel,card_not_present,IE,False,
t002811,acc_0057,2026-04-24,121.85,restaurants,mobile_app,IE,False,
t002901,acc_0058,2026-04-24,118.73,restaurants,card_present,IE,False,
t002982,acc_0059,2026-04-24,65.27,groceries,card_not_present,IE,False,
t003051,acc_0060,2026-04-24,69.44,transfer,online_banking,IE,False,
t003121,acc_0061,2026-04-24,101.92,pharmacy,card_present,IE,False,
t003211,acc_0062,2026-04-24,51.31,travel,mobile_app,IE,False,
t003301,acc_0063,2026-04-24,337.36,utilities,mobile_app,IE,False,
t003381,acc_0064,2026-04-24,98.43,utilities,card_not_present,IE,False,
t003434,acc_0065,2026-04-24,90.26,pharmacy,mobile_app,IE,False,
t003519,acc_0066,2026-04-24,49.08,restaurants,card_not_present,IE,False,
t003585,acc_0067,2026-04-24,27.7,fuel,online_banking,IE,False,
t003675,acc_0068,2026-04-24,83.27,groceries,card_not_present,IE,False,
t003745,acc_0069,2026-04-24,25.44,groceries,card_not_present,IE,False,
t003777,acc_0070,2026-04-24,49.06,restaurants,card_not_present,IE,False,
t003847,acc_0071,2026-04-24,8.08,transfer,card_present,IE,False,
t003918,acc_0072,2026-04-24,161.09,fuel,online_banking,IE,False,
t003952,acc_0073,2026-04-24,190.5,electronics,card_present,IE,False,
t003999,acc_0074,2026-04-24,59.44,restaurants,card_present,IE,False,
t004092,acc_0076,2026-04-24,198.83,online retail,online_banking,IE,False,
t004237,acc_0081,2026-04-24,125.9,transfer,online_banking,IE,False,
t004394,acc_0084,2026-04-24,117.83,restaurants,mobile_app,IE,False,
t004495,acc_0086,2026-04-24,137.43,restaurants,card_not_present,IE,False,
t004583,acc_0087,2026-04-24,112.64,utilities,online_banking,IE,False,
t004653,acc_0088,2026-04-24,36.59,fuel,card_not_present,IE,False,
t004743,acc_0089,2026-04-24,88.91,fuel,mobile_app,IE,False,
t004827,acc_0090,2026-04-24,112.18,electronics,card_present,IE,False,
t004980,acc_0095,2026-04-24,40.32,groceries,online_banking,IE,False,
t005122,acc_0098,2026-04-24,40.66,pharmacy,card_not_present,IE,False,
t005170,acc_0099,2026-04-24,24.49,fuel,mobile_app,IE,False,
t005289,acc_0101,2026-04-24,24.37,groceries,online_banking,IE,False,
t005403,acc_0103,2026-04-24,70.37,pharmacy,card_not_present,IE,False,
t005487,acc_0104,2026-04-24,22.59,transfer,card_present,IE,False,
t005554,acc_0105,2026-04-24,190.91,restaurants,mobile_app,IE,False,
t005624,acc_0106,2026-04-24,338.31,pharmacy,card_present,IE,False,
t005659,acc_0107,2026-04-24,82.64,groceries,card_present,IE,False,
t005713,acc_0108,2026-04-24,16.19,travel,card_not_present,IE,False,
t005750,acc_0109,2026-04-24,16.1,travel,card_present,IE,False,
t005785,acc_0110,2026-04-24,17.89,fuel,card_present,IE,False,
t005869,acc_0111,2026-04-24,207.24,restaurants,online_banking,IE,False,
t005926,acc_0112,2026-04-24,66.83,fuel,mobile_app,IE,False,
t005979,acc_0113,2026-04-24,254.32,utilities,online_banking,IE,False,
t006136,acc_0116,2026-04-24,102.83,electronics,online_banking,IE,False,
t006229,acc_0118,2026-04-24,90.14,pharmacy,mobile_app,IE,False,
t006282,acc_0119,2026-04-24,23.27,pharmacy,mobile_app,IE,False,
t006421,acc_0122,2026-04-24,46.51,online retail,card_not_present,IE,False,
t006506,acc_0123,2026-04-24,39.96,travel,mobile_app,IE,False,
t006564,acc_0124,2026-04-24,163.58,fuel,card_present,IE,False,
t006645,acc_0126,2026-04-24,408.64,fuel,card_present,IE,False,
t006724,acc_0127,2026-04-24,67.49,electronics,online_banking,IE,False,
t006796,acc_0128,2026-04-24,18.09,groceries,card_not_present,IE,False,
t006892,acc_0130,2026-04-24,62.58,groceries,card_present,IE,False,
t006938,acc_0131,2026-04-24,30.66,transfer,mobile_app,IE,False,
t007022,acc_0132,2026-04-24,201.5,online retail,card_present,IE,False,
t007076,acc_0133,2026-04-24,256.38,utilities,mobile_app,IE,False,
t007176,acc_0136,2026-04-24,130.59,travel,card_present,IE,False,
t007485,acc_0142,2026-04-24,157.71,travel,card_not_present,IE,False,
t007559,acc_0143,2026-04-24,13.13,utilities,card_present,IE,False,
t007591,acc_0144,2026-04-24,75.44,transfer,online_banking,IE,False,
t007661,acc_0147,2026-04-24,15.83,pharmacy,card_present,IE,False,
t007742,acc_0148,2026-04-24,41.4,groceries,mobile_app,IE,False,
t007811,acc_0149,2026-04-24,81.34,electronics,online_banking,IE,False,
t007904,acc_0151,2026-04-24,15.57,travel,online_banking,IE,False,
t007952,acc_0153,2026-04-24,65.42,pharmacy,mobile_app,IE,False,
t007980,acc_0154,2026-04-24,21.72,pharmacy,card_not_present,IE,False,
t008035,acc_0155,2026-04-24,162.64,online retail,mobile_app,IE,False,
t008130,acc_0157,2026-04-24,374.89,pharmacy,card_not_present,IE,False,
t008212,acc_0158,2026-04-24,11.32,groceries,online_banking,IE,False,
t008275,acc_0159,2026-04-24,18.54,travel,online_banking,IE,False,
t008387,acc_0161,2026-04-24,534.44,travel,online_banking,IE,False,
t008505,acc_0163,2026-04-24,132.28,utilities,card_not_present,IE,False,
t008556,acc_0164,2026-04-24,97.03,online retail,card_present,IE,False,
t008605,acc_0165,2026-04-24,42.28,pharmacy,online_banking,IE,False,
t008677,acc_0166,2026-04-24,49.48,utilities,online_banking,IE,False,
t008789,acc_0168,2026-04-24,110.62,fuel,card_present,IE,False,
t008909,acc_0170,2026-04-24,129.87,pharmacy,card_not_present,IE,False,
t008999,acc_0171,2026-04-24,54.22,utilities,online_banking,IE,False,
t009089,acc_0172,2026-04-24,199.84,travel,card_present,IE,False,
t009215,acc_0174,2026-04-24,77.18,electronics,card_not_present,IE,False,
t009299,acc_0175,2026-04-24,43.09,restaurants,online_banking,IE,False,
t009372,acc_0176,2026-04-24,189.37,utilities,card_present,IE,False,
t009517,acc_0178,2026-04-24,21.64,electronics,online_banking,IE,False,
t009597,acc_0179,2026-04-24,46.04,groceries,online_banking,IE,False,
t009653,acc_0180,2026-04-24,107.41,online retail,card_present,IE,False,
t009722,acc_0181,2026-04-24,51.5,restaurants,mobile_app,IE,False,
t009812,acc_0182,2026-04-24,36.13,online retail,mobile_app,IE,False,
t009904,acc_0184,2026-04-24,226.49,fuel,online_banking,IE,False,
t009960,acc_0186,2026-04-24,6.51,transfer,mobile_app,IE,False,
t010075,acc_0189,2026-04-24,350.42,pharmacy,card_not_present,IE,False,
t010165,acc_0190,2026-04-24,115.42,utilities,online_banking,IE,False,
t010283,acc_0193,2026-04-24,94.17,online retail,mobile_app,IE,False,
t010345,acc_0194,2026-04-24,204.5,electronics,mobile_app,IE,False,
t010392,acc_0195,2026-04-24,221.8,restaurants,card_present,IE,False,
t010446,acc_0196,2026-04-24,31.11,electronics,card_not_present,IE,False,
t010486,acc_0197,2026-04-24,70.54,pharmacy,card_present,IE,False,
t010577,acc_0199,2026-04-24,18.39,groceries,mobile_app,IE,False,
t010815,acc_0087,2026-04-24,995.0,transfer,online_banking,IE,False,threshold_structuring
t010837,acc_0100,2026-04-24,4282.9,electronics,card_not_present,IE,False,amount_spike
t000013,acc_0000,2026-04-25,42.35,electronics,mobile_app,IE,False,
t000053,acc_0001,2026-04-25,130.03,transfer,card_present,IE,False,
t000143,acc_0003,2026-04-25,84.43,travel,card_present,IE,False,
t000248,acc_0005,2026-04-25,39.82,online retail,online_banking,IE,False,
t000304,acc_0006,2026-04-25,183.85,electronics,mobile_app,IE,False,
t000350,acc_0007,2026-04-25,168.79,utilities,online_banking,IE,False,
t000466,acc_0009,2026-04-25,51.53,travel,online_banking,IE,False,
t000579,acc_0011,2026-04-25,9.65,pharmacy,card_not_present,IE,False,
t000658,acc_0013,2026-04-25,313.87,pharmacy,card_not_present,IE,False,
t000731,acc_0014,2026-04-25,5.14,fuel,online_banking,IE,False,
t000834,acc_0016,2026-04-25,42.46,utilities,online_banking,IE,False,
t000918,acc_0017,2026-04-25,169.91,restaurants,mobile_app,IE,False,
t001026,acc_0019,2026-04-25,43.84,travel,card_not_present,IE,False,
t001109,acc_0020,2026-04-25,312.91,electronics,card_present,IE,False,
t001242,acc_0022,2026-04-25,76.53,restaurants,mobile_app,IE,False,
t001339,acc_0024,2026-04-25,201.46,groceries,online_banking,IE,False,
t001379,acc_0025,2026-04-25,27.54,restaurants,card_not_present,IE,False,
t001610,acc_0031,2026-04-25,11.77,online retail,mobile_app,IE,False,
t001706,acc_0033,2026-04-25,96.22,online retail,mobile_app,IE,False,
t001781,acc_0034,2026-04-25,112.9,electronics,card_not_present,IE,False,
t001864,acc_0035,2026-04-25,14.67,online retail,online_banking,IE,False,
t002018,acc_0040,2026-04-25,71.48,online retail,card_present,IE,False,
t002034,acc_0041,2026-04-25,267.33,pharmacy,online_banking,IE,False,
t002057,acc_0042,2026-04-25,27.46,utilities,mobile_app,IE,False,
t002113,acc_0044,2026-04-25,14.37,fuel,online_banking,IE,False,
t002203,acc_0045,2026-04-25,39.39,online retail,mobile_app,IE,False,
t002302,acc_0047,2026-04-25,248.03,transfer,card_not_present,IE,False,
t002355,acc_0048,2026-04-25,133.87,utilities,mobile_app,IE,False,
t002421,acc_0050,2026-04-25,9.69,fuel,online_banking,IE,False,
t002501,acc_0051,2026-04-25,266.44,travel,mobile_app,IE,False,
t002600,acc_0053,2026-04-25,12.73,travel,card_present,IE,False,
t002667,acc_0054,2026-04-25,53.12,restaurants,card_not_present,IE,False,
t002812,acc_0057,2026-04-25,178.12,utilities,online_banking,IE,False,
t002902,acc_0058,2026-04-25,234.95,electronics,online_banking,IE,False,
t003122,acc_0061,2026-04-25,239.97,pharmacy,card_not_present,IE,False,
t003212,acc_0062,2026-04-25,117.63,restaurants,card_not_present,IE,False,
t003302,acc_0063,2026-04-25,160.77,electronics,card_not_present,IE,False,
t003435,acc_0065,2026-04-25,63.83,restaurants,card_present,IE,False,
t003520,acc_0066,2026-04-25,38.83,groceries,card_not_present,IE,False,
t003586,acc_0067,2026-04-25,31.77,travel,card_not_present,IE,False,
t003676,acc_0068,2026-04-25,75.19,restaurants,card_not_present,IE,False,
t003848,acc_0071,2026-04-25,24.56,utilities,mobile_app,IE,False,
t003919,acc_0072,2026-04-25,32.23,electronics,online_banking,IE,False,
t003953,acc_0073,2026-04-25,130.06,restaurants,mobile_app,IE,False,
t004030,acc_0075,2026-04-25,106.87,transfer,online_banking,IE,False,
t004191,acc_0080,2026-04-25,348.51,fuel,card_not_present,IE,False,
t004238,acc_0081,2026-04-25,93.92,pharmacy,mobile_app,IE,False,
t004315,acc_0082,2026-04-25,23.41,pharmacy,card_present,IE,False,
t004351,acc_0083,2026-04-25,179.47,transfer,online_banking,IE,False,
t004496,acc_0086,2026-04-25,146.38,utilities,card_not_present,IE,False,
t004654,acc_0088,2026-04-25,91.85,transfer,card_present,IE,False,
t004744,acc_0089,2026-04-25,19.04,utilities,online_banking,IE,False,
t004828,acc_0090,2026-04-25,144.17,utilities,card_not_present,IE,False,
t004895,acc_0092,2026-04-25,207.79,online retail,online_banking,IE,False,
t004981,acc_0095,2026-04-25,29.9,pharmacy,mobile_app,IE,False,
t005054,acc_0096,2026-04-25,49.05,transfer,card_not_present,IE,False,
t005123,acc_0098,2026-04-25,49.86,electronics,card_not_present,IE,False,
t005171,acc_0099,2026-04-25,87.9,utilities,online_banking,IE,False,
t005290,acc_0101,2026-04-25,23.6,pharmacy,card_present,IE,False,
t005404,acc_0103,2026-04-25,113.44,transfer,card_not_present,IE,False,
t005488,acc_0104,2026-04-25,31.21,utilities,card_not_present,IE,False,
t005555,acc_0105,2026-04-25,139.83,online retail,card_present,IE,False,
t005625,acc_0106,2026-04-25,221.61,transfer,card_present,IE,False,
t005660,acc_0107,2026-04-25,99.43,travel,mobile_app,IE,False,
t005786,acc_0110,2026-04-25,11.88,pharmacy,online_banking,IE,False,
t005870,acc_0111,2026-04-25,142.07,pharmacy,online_banking,IE,False,
t005980,acc_0113,2026-04-25,301.73,pharmacy,card_present,IE,False,
t006060,acc_0114,2026-04-25,10.66,fuel,card_present,IE,False,
t006180,acc_0117,2026-04-25,67.56,travel,card_present,IE,False,
t006230,acc_0118,2026-04-25,72.63,transfer,card_not_present,IE,False,
t006311,acc_0120,2026-04-25,17.06,travel,card_not_present,IE,False,
t006422,acc_0122,2026-04-25,24.35,utilities,card_present,IE,False,
t006507,acc_0123,2026-04-25,93.9,fuel,mobile_app,IE,False,
t006646,acc_0126,2026-04-25,61.3,groceries,card_present,IE,False,
t006797,acc_0128,2026-04-25,13.46,travel,online_banking,IE,False,
t006939,acc_0131,2026-04-25,94.51,pharmacy,card_present,IE,False,
t007023,acc_0132,2026-04-25,147.71,restaurants,mobile_app,IE,False,
t007107,acc_0134,2026-04-25,10.37,utilities,mobile_app,IE,False,
t007177,acc_0136,2026-04-25,29.46,groceries,card_not_present,IE,False,
t007252,acc_0137,2026-04-25,124.05,online retail,card_not_present,IE,False,
t007317,acc_0139,2026-04-25,105.89,online retail,card_present,IE,False,
t007435,acc_0141,2026-04-25,20.69,online retail,card_present,IE,False,
t007486,acc_0142,2026-04-25,508.39,travel,card_not_present,IE,False,
t007625,acc_0146,2026-04-25,509.74,utilities,card_present,IE,False,
t007662,acc_0147,2026-04-25,29.45,travel,card_not_present,IE,False,
t007812,acc_0149,2026-04-25,355.97,electronics,card_present,IE,False,
t007883,acc_0150,2026-04-25,45.23,utilities,card_present,IE,False,
t008036,acc_0155,2026-04-25,233.79,pharmacy,online_banking,IE,False,
t008082,acc_0156,2026-04-25,54.84,fuel,mobile_app,IE,False,
t008131,acc_0157,2026-04-25,311.55,fuel,online_banking,IE,False,
t008213,acc_0158,2026-04-25,11.84,online retail,online_banking,IE,False,
t008276,acc_0159,2026-04-25,17.56,pharmacy,card_not_present,IE,False,
t008388,acc_0161,2026-04-25,287.59,fuel,online_banking,IE,False,
t008506,acc_0163,2026-04-25,275.77,groceries,card_present,IE,False,
t008557,acc_0164,2026-04-25,240.5,transfer,card_present,IE,False,
t008606,acc_0165,2026-04-25,71.02,online retail,online_banking,IE,False,
t008678,acc_0166,2026-04-25,49.75,utilities,mobile_app,IE,False,
t008790,acc_0168,2026-04-25,412.21,pharmacy,mobile_app,IE,False,
t008861,acc_0169,2026-04-25,128.37,travel,online_banking,IE,False,
t008910,acc_0170,2026-04-25,49.41,fuel,card_present,IE,False,
t009000,acc_0171,2026-04-25,41.41,fuel,card_present,IE,False,
t009090,acc_0172,2026-04-25,95.4,travel,mobile_app,IE,False,
t009166,acc_0173,2026-04-25,43.41,restaurants,card_not_present,IE,False,
t009216,acc_0174,2026-04-25,69.27,travel,card_present,IE,False,
t009300,acc_0175,2026-04-25,95.07,electronics,card_not_present,IE,False,
t009373,acc_0176,2026-04-25,218.2,electronics,online_banking,IE,False,
t009455,acc_0177,2026-04-25,22.16,restaurants,card_not_present,IE,False,
t009518,acc_0178,2026-04-25,25.33,travel,online_banking,IE,False,
t009598,acc_0179,2026-04-25,18.35,transfer,card_present,IE,False,
t009654,acc_0180,2026-04-25,44.65,electronics,mobile_app,IE,False,
t009723,acc_0181,2026-04-25,115.81,groceries,mobile_app,IE,False,
t009813,acc_0182,2026-04-25,35.96,utilities,card_present,IE,False,
t009883,acc_0183,2026-04-25,59.92,transfer,card_not_present,IE,False,
t009998,acc_0187,2026-04-25,41.55,pharmacy,card_present,IE,False,
t010076,acc_0189,2026-04-25,327.1,groceries,card_present,IE,False,
t010166,acc_0190,2026-04-25,54.47,restaurants,card_present,IE,False,
t010236,acc_0191,2026-04-25,129.64,electronics,card_present,IE,False,
t010284,acc_0193,2026-04-25,76.36,pharmacy,card_present,IE,False,
t010578,acc_0199,2026-04-25,32.04,online retail,mobile_app,IE,False,
t010740,acc_0044,2026-04-25,807.24,electronics,card_not_present,IE,False,amount_spike
t011079,acc_0188,2026-04-25,693.99,electronics,card_not_present,IE,False,amount_spike
t000014,acc_0000,2026-04-26,67.09,pharmacy,card_not_present,IE,False,
t000054,acc_0001,2026-04-26,157.47,fuel,online_banking,IE,False,
t000144,acc_0003,2026-04-26,44.83,pharmacy,card_not_present,IE,False,
t000249,acc_0005,2026-04-26,21.69,fuel,online_banking,IE,False,
t000305,acc_0006,2026-04-26,133.38,electronics,mobile_app,IE,False,
t000351,acc_0007,2026-04-26,121.72,utilities,mobile_app,IE,False,
t000409,acc_0008,2026-04-26,161.71,electronics,online_banking,IE,False,
t000467,acc_0009,2026-04-26,26.22,utilities,card_not_present,IE,False,
t000539,acc_0010,2026-04-26,24.96,online retail,online_banking,IE,False,
t000580,acc_0011,2026-04-26,13.21,restaurants,card_not_present,IE,False,
t000616,acc_0012,2026-04-26,27.4,pharmacy,mobile_app,IE,False,
t000659,acc_0013,2026-04-26,79.22,utilities,card_not_present,IE,False,
t000732,acc_0014,2026-04-26,13.42,pharmacy,card_not_present,IE,False,
t000835,acc_0016,2026-04-26,63.92,utilities,mobile_app,IE,False,
t000919,acc_0017,2026-04-26,90.2,fuel,card_not_present,IE,False,
t000976,acc_0018,2026-04-26,59.67,travel,card_not_present,IE,False,
t001027,acc_0019,2026-04-26,43.67,travel,card_present,IE,False,
t001170,acc_0021,2026-04-26,255.41,online retail,mobile_app,IE,False,
t001243,acc_0022,2026-04-26,26.17,online retail,online_banking,IE,False,
t001380,acc_0025,2026-04-26,116.81,travel,card_present,IE,False,
t001435,acc_0026,2026-04-26,43.1,transfer,card_not_present,IE,False,
t001458,acc_0027,2026-04-26,24.87,electronics,online_banking,IE,False,
t001504,acc_0028,2026-04-26,136.77,pharmacy,card_present,IE,False,
t001533,acc_0029,2026-04-26,220.05,transfer,mobile_app,IE,False,
t001555,acc_0030,2026-04-26,181.14,transfer,online_banking,IE,False,
t001611,acc_0031,2026-04-26,69.42,travel,card_present,IE,False,
t001707,acc_0033,2026-04-26,63.31,travel,online_banking,IE,False,
t001782,acc_0034,2026-04-26,143.7,transfer,card_present,IE,False,
t002058,acc_0042,2026-04-26,53.2,pharmacy,online_banking,IE,False,
t002074,acc_0043,2026-04-26,33.43,restaurants,card_not_present,IE,False,
t002114,acc_0044,2026-04-26,26.46,groceries,online_banking,IE,False,
t002204,acc_0045,2026-04-26,81.81,electronics,card_not_present,IE,False,
t002422,acc_0050,2026-04-26,8.64,travel,card_present,IE,False,
t002601,acc_0053,2026-04-26,28.49,transfer,card_present,IE,False,
t002763,acc_0056,2026-04-26,11.19,utilities,mobile_app,IE,False,
t002813,acc_0057,2026-04-26,153.36,transfer,card_present,IE,False,
t002903,acc_0058,2026-04-26,159.89,electronics,mobile_app,IE,False,
t002983,acc_0059,2026-04-26,149.09,groceries,online_banking,IE,False,
t003123,acc_0061,2026-04-26,130.61,restaurants,card_present,IE,False,
t003213,acc_0062,2026-04-26,101.25,travel,online_banking,IE,False,
t003303,acc_0063,2026-04-26,167.97,electronics,mobile_app,IE,False,
t003436,acc_0065,2026-04-26,141.32,electronics,card_not_present,IE,False,
t003521,acc_0066,2026-04-26,88.48,groceries,card_present,IE,False,
t003587,acc_0067,2026-04-26,10.98,pharmacy,online_banking,IE,False,
t003677,acc_0068,2026-04-26,61.11,travel,online_banking,IE,False,
t003778,acc_0070,2026-04-26,215.16,fuel,card_not_present,IE,False,
t003849,acc_0071,2026-04-26,39.13,travel,mobile_app,IE,False,
t004124,acc_0077,2026-04-26,36.13,fuel,card_not_present,IE,False,
t004239,acc_0081,2026-04-26,122.53,groceries,card_present,IE,False,
t004316,acc_0082,2026-04-26,6.48,fuel,online_banking,IE,False,
t004497,acc_0086,2026-04-26,138.76,groceries,card_not_present,IE,False,
t004655,acc_0088,2026-04-26,12.06,utilities,mobile_app,IE,False,
t004745,acc_0089,2026-04-26,23.82,restaurants,card_not_present,IE,False,
t004829,acc_0090,2026-04-26,117.25,pharmacy,mobile_app,IE,False,
t004896,acc_0092,2026-04-26,379.05,online retail,mobile_app,IE,False,
t004926,acc_0093,2026-04-26,156.08,restaurants,mobile_app,IE,False,
t004982,acc_0095,2026-04-26,43.48,electronics,mobile_app,IE,False,
t005124,acc_0098,2026-04-26,56.55,groceries,card_present,IE,False,
t005172,acc_0099,2026-04-26,70.41,transfer,mobile_app,IE,False,
t005248,acc_0100,2026-04-26,1186.1,fuel,card_not_present,IE,False,
t005291,acc_0101,2026-04-26,36.52,transfer,mobile_app,IE,False,
t005351,acc_0102,2026-04-26,115.78,groceries,card_present,IE,False,
t005405,acc_0103,2026-04-26,30.65,pharmacy,mobile_app,IE,False,
t005489,acc_0104,2026-04-26,22.02,restaurants,online_banking,IE,False,
t005556,acc_0105,2026-04-26,151.81,restaurants,card_not_present,IE,False,
t005661,acc_0107,2026-04-26,360.42,online retail,card_not_present,IE,False,
t005714,acc_0108,2026-04-26,15.43,pharmacy,card_not_present,IE,False,
t005787,acc_0110,2026-04-26,28.69,restaurants,mobile_app,IE,False,
t005871,acc_0111,2026-04-26,170.75,groceries,mobile_app,IE,False,
t005981,acc_0113,2026-04-26,166.26,transfer,card_present,IE,False,
t006061,acc_0114,2026-04-26,16.38,restaurants,card_present,IE,False,
t006137,acc_0116,2026-04-26,375.63,transfer,mobile_app,IE,False,
t006181,acc_0117,2026-04-26,77.51,online retail,card_not_present,IE,False,
t006231,acc_0118,2026-04-26,65.11,groceries,online_banking,IE,False,
t006312,acc_0120,2026-04-26,26.4,travel,mobile_app,IE,False,
t006423,acc_0122,2026-04-26,35.76,restaurants,card_present,IE,False,
t006508,acc_0123,2026-04-26,37.31,fuel,online_banking,IE,False,
t006565,acc_0124,2026-04-26,221.98,groceries,mobile_app,IE,False,
t006647,acc_0126,2026-04-26,80.63,online retail,online_banking,IE,False,
t006725,acc_0127,2026-04-26,100.02,transfer,mobile_app,IE,False,
t006798,acc_0128,2026-04-26,11.61,pharmacy,mobile_app,IE,False,
t006893,acc_0130,2026-04-26,71.03,travel,card_not_present,IE,False,
t006940,acc_0131,2026-04-26,159.95,online retail,card_present,IE,False,
t007024,acc_0132,2026-04-26,243.61,restaurants,card_not_present,IE,False,
t007126,acc_0135,2026-04-26,31.84,pharmacy,online_banking,IE,False,
t007178,acc_0136,2026-04-26,55.68,pharmacy,card_not_present,IE,False,
t007318,acc_0139,2026-04-26,146.34,travel,online_banking,IE,False,
t007487,acc_0142,2026-04-26,225.02,transfer,card_not_present,IE,False,
t007663,acc_0147,2026-04-26,21.11,restaurants,mobile_app,IE,False,
t007813,acc_0149,2026-04-26,73.5,pharmacy,mobile_app,IE,False,
t007953,acc_0153,2026-04-26,15.27,utilities,card_present,IE,False,
t008037,acc_0155,2026-04-26,398.48,groceries,mobile_app,IE,False,
t008083,acc_0156,2026-04-26,58.69,transfer,card_present,IE,False,
t008132,acc_0157,2026-04-26,492.69,utilities,card_present,IE,False,
t008214,acc_0158,2026-04-26,25.48,restaurants,card_present,IE,False,
t008277,acc_0159,2026-04-26,13.29,transfer,card_not_present,IE,False,
t008335,acc_0160,2026-04-26,163.06,pharmacy,card_present,IE,False,
t008389,acc_0161,2026-04-26,144.68,travel,card_not_present,IE,False,
t008607,acc_0165,2026-04-26,10.05,pharmacy,online_banking,IE,False,
t008679,acc_0166,2026-04-26,60.85,groceries,mobile_app,IE,False,
t008751,acc_0167,2026-04-26,86.08,online retail,card_present,IE,False,
t008791,acc_0168,2026-04-26,73.58,groceries,card_not_present,IE,False,
t008911,acc_0170,2026-04-26,115.69,restaurants,card_not_present,IE,False,
t009001,acc_0171,2026-04-26,39.72,online retail,mobile_app,IE,False,
t009091,acc_0172,2026-04-26,69.1,pharmacy,mobile_app,IE,False,
t009167,acc_0173,2026-04-26,17.4,fuel,mobile_app,IE,False,
t009217,acc_0174,2026-04-26,172.09,travel,online_banking,IE,False,
t009374,acc_0176,2026-04-26,63.48,utilities,card_present,IE,False,
t009456,acc_0177,2026-04-26,31.6,transfer,card_present,IE,False,
t009519,acc_0178,2026-04-26,30.43,electronics,card_not_present,IE,False,
t009599,acc_0179,2026-04-26,37.48,restaurants,mobile_app,IE,False,
t009655,acc_0180,2026-04-26,33.14,utilities,card_not_present,IE,False,
t009724,acc_0181,2026-04-26,62.06,pharmacy,online_banking,IE,False,
t009814,acc_0182,2026-04-26,59.45,utilities,online_banking,IE,False,
t009961,acc_0186,2026-04-26,16.67,restaurants,online_banking,IE,False,
t010077,acc_0189,2026-04-26,292.79,utilities,card_present,IE,False,
t010167,acc_0190,2026-04-26,120.55,utilities,online_banking,IE,False,
t010393,acc_0195,2026-04-26,143.23,restaurants,card_present,IE,False,
t010487,acc_0197,2026-04-26,252.23,groceries,card_not_present,IE,False,
t010537,acc_0198,2026-04-26,261.4,transfer,mobile_app,IE,False,
t010579,acc_0199,2026-04-26,16.78,electronics,online_banking,IE,False,
t000145,acc_0003,2026-04-27,88.75,transfer,online_banking,IE,False,
t000250,acc_0005,2026-04-27,79.39,travel,mobile_app,IE,False,
t000306,acc_0006,2026-04-27,106.22,fuel,card_present,IE,False,
t000468,acc_0009,2026-04-27,87.54,fuel,card_present,IE,False,
t000660,acc_0013,2026-04-27,89.83,electronics,card_present,IE,False,
t000733,acc_0014,2026-04-27,20.79,online retail,card_present,IE,False,
t000836,acc_0016,2026-04-27,50.86,travel,mobile_app,IE,False,
t000920,acc_0017,2026-04-27,103.67,fuel,card_present,IE,False,
t001028,acc_0019,2026-04-27,116.08,restaurants,online_banking,IE,False,
t001110,acc_0020,2026-04-27,336.08,fuel,mobile_app,IE,False,
t001171,acc_0021,2026-04-27,139.29,electronics,mobile_app,IE,False,
t001244,acc_0022,2026-04-27,32.04,utilities,mobile_app,IE,False,
t001340,acc_0024,2026-04-27,521.65,transfer,mobile_app,IE,False,
t001556,acc_0030,2026-04-27,143.6,electronics,mobile_app,IE,False,
t001612,acc_0031,2026-04-27,24.64,fuel,card_present,IE,False,
t001708,acc_0033,2026-04-27,467.33,groceries,card_present,IE,False,
t001783,acc_0034,2026-04-27,165.03,transfer,card_present,IE,False,
t001865,acc_0035,2026-04-27,37.83,transfer,online_banking,IE,False,
t001939,acc_0037,2026-04-27,23.62,restaurants,mobile_app,IE,False,
t002115,acc_0044,2026-04-27,22.08,transfer,mobile_app,IE,False,
t002205,acc_0045,2026-04-27,148.06,groceries,online_banking,IE,False,
t002275,acc_0046,2026-04-27,142.44,pharmacy,card_present,IE,False,
t002303,acc_0047,2026-04-27,62.24,online retail,card_present,IE,False,
t002375,acc_0049,2026-04-27,161.53,online retail,mobile_app,IE,False,
t002423,acc_0050,2026-04-27,62.63,travel,online_banking,IE,False,
t002602,acc_0053,2026-04-27,7.97,groceries,online_banking,IE,False,
t002668,acc_0054,2026-04-27,13.41,electronics,card_present,IE,False,
t002727,acc_0055,2026-04-27,215.67,restaurants,card_present,IE,False,
t002814,acc_0057,2026-04-27,147.5,utilities,online_banking,IE,False,
t002904,acc_0058,2026-04-27,144.96,utilities,card_not_present,IE,False,
t003052,acc_0060,2026-04-27,103.28,transfer,online_banking,IE,False,
t003124,acc_0061,2026-04-27,78.41,online retail,card_not_present,IE,False,
t003214,acc_0062,2026-04-27,115.8,restaurants,card_not_present,IE,False,
t003304,acc_0063,2026-04-27,421.63,utilities,online_banking,IE,False,
t003437,acc_0065,2026-04-27,30.89,utilities,card_present,IE,False,
t003588,acc_0067,2026-04-27,17.8,online retail,card_not_present,IE,False,
t003678,acc_0068,2026-04-27,250.91,restaurants,card_not_present,IE,False,
t003779,acc_0070,2026-04-27,208.97,transfer,online_banking,IE,False,
t003850,acc_0071,2026-04-27,15.53,travel,online_banking,IE,False,
t003954,acc_0073,2026-04-27,99.33,transfer,mobile_app,IE,False,
t004000,acc_0074,2026-04-27,28.45,utilities,online_banking,IE,False,
t004031,acc_0075,2026-04-27,200.82,groceries,card_not_present,IE,False,
t004093,acc_0076,2026-04-27,271.64,restaurants,online_banking,IE,False,
t004192,acc_0080,2026-04-27,73.09,fuel,mobile_app,IE,False,
t004240,acc_0081,2026-04-27,44.02,utilities,card_present,IE,False,
t004352,acc_0083,2026-04-27,88.94,fuel,card_present,IE,False,
t004395,acc_0084,2026-04-27,273.76,electronics,mobile_app,IE,False,
t004498,acc_0086,2026-04-27,110.72,transfer,card_not_present,IE,False,
t004584,acc_0087,2026-04-27,78.24,pharmacy,card_present,IE,False,
t004656,acc_0088,2026-04-27,63.14,electronics,online_banking,IE,False,
t004746,acc_0089,2026-04-27,22.54,fuel,card_not_present,IE,False,
t004830,acc_0090,2026-04-27,39.2,groceries,online_banking,IE,False,
t004879,acc_0091,2026-04-27,50.15,online retail,card_present,IE,False,
t004897,acc_0092,2026-04-27,241.75,pharmacy,card_present,IE,False,
t004983,acc_0095,2026-04-27,15.11,pharmacy,mobile_app,IE,False,
t005173,acc_0099,2026-04-27,55.65,pharmacy,card_present,IE,False,
t005406,acc_0103,2026-04-27,141.41,electronics,card_not_present,IE,False,
t005490,acc_0104,2026-04-27,21.0,pharmacy,mobile_app,IE,False,
t005557,acc_0105,2026-04-27,541.2,electronics,card_not_present,IE,False,
t005626,acc_0106,2026-04-27,137.43,transfer,card_present,IE,False,
t005788,acc_0110,2026-04-27,18.91,travel,card_not_present,IE,False,
t005872,acc_0111,2026-04-27,104.24,transfer,online_banking,IE,False,
t005982,acc_0113,2026-04-27,82.36,travel,online_banking,IE,False,
t006062,acc_0114,2026-04-27,17.35,pharmacy,card_present,IE,False,
t006138,acc_0116,2026-04-27,243.41,electronics,card_present,IE,False,
t006182,acc_0117,2026-04-27,62.39,transfer,mobile_app,IE,False,
t006232,acc_0118,2026-04-27,25.29,travel,card_present,IE,False,
t006313,acc_0120,2026-04-27,9.62,fuel,card_present,IE,False,
t006367,acc_0121,2026-04-27,26.04,pharmacy,card_present,IE,False,
t006424,acc_0122,2026-04-27,20.99,online retail,mobile_app,IE,False,
t006648,acc_0126,2026-04-27,102.45,groceries,card_not_present,IE,False,
t006726,acc_0127,2026-04-27,99.45,electronics,card_present,IE,False,
t006799,acc_0128,2026-04-27,26.66,travel,card_present,IE,False,
t006894,acc_0130,2026-04-27,66.79,electronics,online_banking,IE,False,
t006941,acc_0131,2026-04-27,79.82,utilities,mobile_app,IE,False,
t007025,acc_0132,2026-04-27,216.14,transfer,mobile_app,IE,False,
t007179,acc_0136,2026-04-27,42.87,pharmacy,mobile_app,IE,False,
t007253,acc_0137,2026-04-27,58.71,electronics,mobile_app,IE,False,
t007383,acc_0140,2026-04-27,172.37,restaurants,card_not_present,IE,False,
t007488,acc_0142,2026-04-27,230.74,fuel,online_banking,IE,False,
t007560,acc_0143,2026-04-27,14.29,travel,card_present,IE,False,
t007626,acc_0146,2026-04-27,494.12,pharmacy,card_present,IE,False,
t007664,acc_0147,2026-04-27,104.0,travel,online_banking,IE,False,
t007743,acc_0148,2026-04-27,23.25,fuel,card_present,IE,False,
t007814,acc_0149,2026-04-27,102.78,transfer,card_present,IE,False,
t007905,acc_0151,2026-04-27,10.6,utilities,card_present,IE,False,
t007931,acc_0152,2026-04-27,103.85,travel,online_banking,IE,False,
t007981,acc_0154,2026-04-27,38.82,online retail,card_not_present,IE,False,
t008038,acc_0155,2026-04-27,230.19,utilities,card_present,IE,False,
t008133,acc_0157,2026-04-27,176.8,electronics,online_banking,IE,False,
t008278,acc_0159,2026-04-27,14.86,travel,card_present,IE,False,
t008390,acc_0161,2026-04-27,156.14,travel,mobile_app,IE,False,
t008507,acc_0163,2026-04-27,361.95,electronics,card_not_present,IE,False,
t008608,acc_0165,2026-04-27,42.03,transfer,card_not_present,IE,False,
t008680,acc_0166,2026-04-27,67.66,pharmacy,mobile_app,IE,False,
t008752,acc_0167,2026-04-27,39.6,fuel,online_banking,IE,False,
t008792,acc_0168,2026-04-27,375.31,travel,mobile_app,IE,False,
t008912,acc_0170,2026-04-27,96.57,restaurants,card_not_present,IE,False,
t009002,acc_0171,2026-04-27,39.16,online retail,online_banking,IE,False,
t009092,acc_0172,2026-04-27,111.46,groceries,online_banking,IE,False,
t009218,acc_0174,2026-04-27,137.7,fuel,online_banking,IE,False,
t009301,acc_0175,2026-04-27,14.61,online retail,online_banking,IE,False,
t009375,acc_0176,2026-04-27,143.47,electronics,card_present,IE,False,
t009520,acc_0178,2026-04-27,8.7,fuel,mobile_app,IE,False,
t009600,acc_0179,2026-04-27,19.67,fuel,card_not_present,IE,False,
t009725,acc_0181,2026-04-27,53.71,groceries,card_present,IE,False,
t009815,acc_0182,2026-04-27,109.93,travel,online_banking,IE,False,
t009905,acc_0184,2026-04-27,560.84,online retail,card_not_present,IE,False,
t010027,acc_0188,2026-04-27,9.49,fuel,card_not_present,IE,False,
t010078,acc_0189,2026-04-27,232.71,travel,card_not_present,IE,False,
t010168,acc_0190,2026-04-27,41.43,fuel,mobile_app,IE,False,
t010285,acc_0193,2026-04-27,206.57,fuel,online_banking,IE,False,
t010394,acc_0195,2026-04-27,66.77,electronics,mobile_app,IE,False,
t010488,acc_0197,2026-04-27,109.99,fuel,mobile_app,IE,False,
t010538,acc_0198,2026-04-27,331.99,transfer,card_present,IE,False,
t010580,acc_0199,2026-04-27,25.72,groceries,card_not_present,IE,False,
t010809,acc_0086,2026-04-27,371.3,travel,card_present,RO,True,new_country_new_device
t010810,acc_0086,2026-04-27,238.25,travel,card_present,BR,True,new_country_new_device
t010811,acc_0086,2026-04-27,514.63,travel,card_present,TR,True,new_country_new_device
t010812,acc_0086,2026-04-27,249.44,travel,card_present,RO,True,new_country_new_device
t010912,acc_0131,2026-04-27,985.0,transfer,online_banking,IE,False,threshold_structuring
t010913,acc_0131,2026-04-27,980.0,transfer,online_banking,IE,False,threshold_structuring
t000055,acc_0001,2026-04-28,171.18,pharmacy,mobile_app,IE,False,
t000146,acc_0003,2026-04-28,133.65,utilities,online_banking,IE,False,
t000307,acc_0006,2026-04-28,56.28,utilities,card_present,IE,False,
t000410,acc_0008,2026-04-28,162.5,groceries,card_present,IE,False,
t000469,acc_0009,2026-04-28,37.69,electronics,card_not_present,IE,False,
t000661,acc_0013,2026-04-28,102.62,pharmacy,online_banking,IE,False,
t000734,acc_0014,2026-04-28,33.32,pharmacy,card_not_present,IE,False,
t000837,acc_0016,2026-04-28,43.02,groceries,mobile_app,IE,False,
t000921,acc_0017,2026-04-28,178.0,electronics,mobile_app,IE,False,
t001029,acc_0019,2026-04-28,81.6,pharmacy,card_present,IE,False,
t001111,acc_0020,2026-04-28,217.83,online retail,online_banking,IE,False,
t001172,acc_0021,2026-04-28,485.45,groceries,online_banking,IE,False,
t001245,acc_0022,2026-04-28,14.98,pharmacy,card_not_present,IE,False,
t001341,acc_0024,2026-04-28,135.85,online retail,mobile_app,IE,False,
t001381,acc_0025,2026-04-28,66.01,online retail,online_banking,IE,False,
t001534,acc_0029,2026-04-28,207.92,pharmacy,mobile_app,IE,False,
t001613,acc_0031,2026-04-28,46.28,groceries,online_banking,IE,False,
t001709,acc_0033,2026-04-28,69.35,groceries,online_banking,IE,False,
t001784,acc_0034,2026-04-28,55.2,fuel,mobile_app,IE,False,
t001866,acc_0035,2026-04-28,41.24,online retail,card_present,IE,False,
t001917,acc_0036,2026-04-28,100.02,transfer,online_banking,IE,False,
t001988,acc_0039,2026-04-28,418.81,pharmacy,online_banking,IE,False,
t002075,acc_0043,2026-04-28,9.3,utilities,online_banking,IE,False,
t002116,acc_0044,2026-04-28,31.25,utilities,mobile_app,IE,False,
t002206,acc_0045,2026-04-28,84.74,travel,card_present,IE,False,
t002304,acc_0047,2026-04-28,89.11,online retail,online_banking,IE,False,
t002424,acc_0050,2026-04-28,7.97,electronics,card_present,IE,False,
t002502,acc_0051,2026-04-28,71.47,fuel,mobile_app,IE,False,
t002558,acc_0052,2026-04-28,17.29,transfer,online_banking,IE,False,
t002603,acc_0053,2026-04-28,18.02,electronics,mobile_app,IE,False,
t002669,acc_0054,2026-04-28,17.71,restaurants,mobile_app,IE,False,
t002728,acc_0055,2026-04-28,243.48,fuel,card_present,IE,False,
t002764,acc_0056,2026-04-28,30.53,online retail,card_present,IE,False,
t002815,acc_0057,2026-04-28,152.13,restaurants,card_not_present,IE,False,
t002905,acc_0058,2026-04-28,215.92,fuel,mobile_app,IE,False,
t002984,acc_0059,2026-04-28,1258.53,restaurants,online_banking,IE,False,
t003125,acc_0061,2026-04-28,119.3,utilities,mobile_app,IE,False,
t003215,acc_0062,2026-04-28,101.31,pharmacy,online_banking,IE,False,
t003305,acc_0063,2026-04-28,290.86,pharmacy,mobile_app,IE,False,
t003438,acc_0065,2026-04-28,61.23,travel,mobile_app,IE,False,
t003522,acc_0066,2026-04-28,77.78,restaurants,mobile_app,IE,False,
t003589,acc_0067,2026-04-28,24.27,travel,mobile_app,IE,False,
t003679,acc_0068,2026-04-28,170.3,groceries,card_present,IE,False,
t003780,acc_0070,2026-04-28,94.68,utilities,mobile_app,IE,False,
t003851,acc_0071,2026-04-28,38.22,online retail,online_banking,IE,False,
t003955,acc_0073,2026-04-28,131.29,fuel,card_present,IE,False,
t004001,acc_0074,2026-04-28,31.57,restaurants,mobile_app,IE,False,
t004032,acc_0075,2026-04-28,390.23,utilities,mobile_app,IE,False,
t004094,acc_0076,2026-04-28,74.1,online retail,card_present,IE,False,
t004163,acc_0079,2026-04-28,58.1,groceries,card_not_present,IE,False,
t004241,acc_0081,2026-04-28,207.8,utilities,online_banking,IE,False,
t004447,acc_0085,2026-04-28,350.17,pharmacy,card_present,IE,False,
t004499,acc_0086,2026-04-28,296.62,electronics,card_present,IE,False,
t004585,acc_0087,2026-04-28,227.64,groceries,mobile_app,IE,False,
t004657,acc_0088,2026-04-28,19.73,groceries,card_not_present,IE,False,
t004747,acc_0089,2026-04-28,21.41,electronics,card_present,IE,False,
t004831,acc_0090,2026-04-28,223.92,pharmacy,online_banking,IE,False,
t004943,acc_0094,2026-04-28,35.17,transfer,card_present,IE,False,
t004984,acc_0095,2026-04-28,28.17,online retail,online_banking,IE,False,
t005055,acc_0096,2026-04-28,111.33,travel,card_not_present,IE,False,
t005087,acc_0097,2026-04-28,32.56,transfer,online_banking,IE,False,
t005174,acc_0099,2026-04-28,75.42,electronics,online_banking,IE,False,
t005249,acc_0100,2026-04-28,387.44,utilities,online_banking,IE,False,
t005352,acc_0102,2026-04-28,38.86,restaurants,online_banking,IE,False,
t005407,acc_0103,2026-04-28,50.6,groceries,online_banking,IE,False,
t005491,acc_0104,2026-04-28,12.14,utilities,card_not_present,IE,False,
t005558,acc_0105,2026-04-28,217.67,fuel,card_not_present,IE,False,
t005627,acc_0106,2026-04-28,340.86,fuel,card_present,IE,False,
t005715,acc_0108,2026-04-28,16.61,electronics,online_banking,IE,False,
t005789,acc_0110,2026-04-28,8.75,electronics,card_not_present,IE,False,
t005927,acc_0112,2026-04-28,50.12,restaurants,online_banking,IE,False,
t005983,acc_0113,2026-04-28,192.34,online retail,card_not_present,IE,False,
t006063,acc_0114,2026-04-28,5.26,pharmacy,online_banking,IE,False,
t006108,acc_0115,2026-04-28,20.38,online retail,online_banking,IE,False,
t006139,acc_0116,2026-04-28,85.51,electronics,online_banking,IE,False,
t006183,acc_0117,2026-04-28,27.99,travel,mobile_app,IE,False,
t006233,acc_0118,2026-04-28,204.84,travel,online_banking,IE,False,
t006314,acc_0120,2026-04-28,10.27,online retail,online_banking,IE,False,
t006368,acc_0121,2026-04-28,55.61,online retail,card_present,IE,False,
t006425,acc_0122,2026-04-28,22.69,restaurants,card_present,IE,False,
t006509,acc_0123,2026-04-28,29.83,restaurants,online_banking,IE,False,
t006597,acc_0125,2026-04-28,15.33,transfer,mobile_app,IE,False,
t006649,acc_0126,2026-04-28,53.5,online retail,card_not_present,IE,False,
t006800,acc_0128,2026-04-28,33.95,utilities,online_banking,IE,False,
t006895,acc_0130,2026-04-28,67.67,restaurants,card_present,IE,False,
t006942,acc_0131,2026-04-28,70.48,utilities,card_present,IE,False,
t007180,acc_0136,2026-04-28,94.84,pharmacy,mobile_app,IE,False,
t007254,acc_0137,2026-04-28,104.39,online retail,card_not_present,IE,False,
t007319,acc_0139,2026-04-28,86.81,travel,mobile_app,IE,False,
t007384,acc_0140,2026-04-28,112.08,transfer,card_not_present,IE,False,
t007436,acc_0141,2026-04-28,14.74,pharmacy,card_present,IE,False,
t007489,acc_0142,2026-04-28,115.96,restaurants,card_present,IE,False,
t007561,acc_0143,2026-04-28,17.61,transfer,online_banking,IE,False,
t007592,acc_0144,2026-04-28,158.05,groceries,online_banking,IE,False,
t007665,acc_0147,2026-04-28,59.59,groceries,online_banking,IE,False,
t007744,acc_0148,2026-04-28,92.74,pharmacy,online_banking,IE,False,
t007815,acc_0149,2026-04-28,220.64,pharmacy,mobile_app,IE,False,
t007884,acc_0150,2026-04-28,34.87,pharmacy,card_present,IE,False,
t007954,acc_0153,2026-04-28,74.32,online retail,card_not_present,IE,False,
t007982,acc_0154,2026-04-28,28.83,groceries,card_present,IE,False,
t008039,acc_0155,2026-04-28,284.67,online retail,online_banking,IE,False,
t008084,acc_0156,2026-04-28,26.42,transfer,mobile_app,IE,False,
t008134,acc_0157,2026-04-28,180.34,pharmacy,mobile_app,IE,False,
t008215,acc_0158,2026-04-28,23.05,fuel,card_present,IE,False,
t008279,acc_0159,2026-04-28,25.99,restaurants,mobile_app,IE,False,
t008391,acc_0161,2026-04-28,204.67,online retail,card_present,IE,False,
t008508,acc_0163,2026-04-28,194.9,transfer,mobile_app,IE,False,
t008681,acc_0166,2026-04-28,46.09,groceries,card_not_present,IE,False,
t008793,acc_0168,2026-04-28,117.78,fuel,card_present,IE,False,
t008862,acc_0169,2026-04-28,87.83,fuel,card_not_present,IE,False,
t008913,acc_0170,2026-04-28,176.6,electronics,online_banking,IE,False,
t009003,acc_0171,2026-04-28,121.36,utilities,card_present,IE,False,
t009093,acc_0172,2026-04-28,54.53,restaurants,card_present,IE,False,
t009219,acc_0174,2026-04-28,201.49,groceries,card_not_present,IE,False,
t009302,acc_0175,2026-04-28,96.85,online retail,card_not_present,IE,False,
t009376,acc_0176,2026-04-28,139.96,transfer,online_banking,IE,False,
t009521,acc_0178,2026-04-28,41.68,pharmacy,mobile_app,IE,False,
t009601,acc_0179,2026-04-28,29.99,electronics,card_not_present,IE,False,
t009656,acc_0180,2026-04-28,82.47,electronics,mobile_app,IE,False,
t009726,acc_0181,2026-04-28,36.31,transfer,mobile_app,IE,False,
t009816,acc_0182,2026-04-28,63.8,restaurants,card_present,IE,False,
t009962,acc_0186,2026-04-28,9.38,utilities,mobile_app,IE,False,
t010079,acc_0189,2026-04-28,252.51,transfer,card_not_present,IE,False,
t010169,acc_0190,2026-04-28,94.08,groceries,card_present,IE,False,
t010237,acc_0191,2026-04-28,63.74,travel,online_banking,IE,False,
t010286,acc_0193,2026-04-28,62.5,utilities,mobile_app,IE,False,
t010447,acc_0196,2026-04-28,16.83,travel,card_present,IE,False,
t010489,acc_0197,2026-04-28,149.05,restaurants,card_present,IE,False,
t010539,acc_0198,2026-04-28,71.89,restaurants,mobile_app,IE,False,
t010581,acc_0199,2026-04-28,10.6,transfer,card_not_present,IE,False,
t010914,acc_0131,2026-04-28,980.0,transfer,online_banking,IE,False,threshold_structuring
t010915,acc_0131,2026-04-28,990.0,transfer,online_banking,IE,False,threshold_structuring
t000147,acc_0003,2026-04-29,20.97,pharmacy,online_banking,IE,False,
t000212,acc_0004,2026-04-29,239.08,electronics,card_not_present,IE,False,
t000308,acc_0006,2026-04-29,135.46,online retail,online_banking,IE,False,
t000352,acc_0007,2026-04-29,210.15,transfer,mobile_app,IE,False,
t000470,acc_0009,2026-04-29,91.61,transfer,card_not_present,IE,False,
t000540,acc_0010,2026-04-29,26.24,restaurants,mobile_app,IE,False,
t000581,acc_0011,2026-04-29,34.41,fuel,mobile_app,IE,False,
t000617,acc_0012,2026-04-29,13.07,pharmacy,card_present,IE,False,
t000662,acc_0013,2026-04-29,66.17,utilities,card_present,IE,False,
t000735,acc_0014,2026-04-29,41.43,electronics,online_banking,IE,False,
t000838,acc_0016,2026-04-29,69.85,groceries,card_present,IE,False,
t000922,acc_0017,2026-04-29,237.35,groceries,mobile_app,IE,False,
t000977,acc_0018,2026-04-29,101.67,electronics,mobile_app,IE,False,
t001030,acc_0019,2026-04-29,38.89,transfer,online_banking,IE,False,
t001173,acc_0021,2026-04-29,252.04,utilities,online_banking,IE,False,
t001246,acc_0022,2026-04-29,138.33,pharmacy,card_present,IE,False,
t001313,acc_0023,2026-04-29,69.91,travel,card_not_present,IE,False,
t001382,acc_0025,2026-04-29,54.82,restaurants,online_banking,IE,False,
t001614,acc_0031,2026-04-29,36.13,transfer,card_present,IE,False,
t001710,acc_0033,2026-04-29,311.86,restaurants,mobile_app,IE,False,
t001785,acc_0034,2026-04-29,108.96,pharmacy,card_not_present,IE,False,
t001867,acc_0035,2026-04-29,13.92,groceries,mobile_app,IE,False,
t001957,acc_0038,2026-04-29,28.78,utilities,online_banking,IE,False,
t001989,acc_0039,2026-04-29,103.25,fuel,card_present,IE,False,
t002059,acc_0042,2026-04-29,75.49,online retail,card_present,IE,False,
t002117,acc_0044,2026-04-29,15.69,fuel,mobile_app,IE,False,
t002207,acc_0045,2026-04-29,112.0,restaurants,card_not_present,IE,False,
t002305,acc_0047,2026-04-29,267.3,groceries,card_not_present,IE,False,
t002425,acc_0050,2026-04-29,9.84,pharmacy,mobile_app,IE,False,
t002604,acc_0053,2026-04-29,51.85,online retail,card_not_present,IE,False,
t002670,acc_0054,2026-04-29,17.47,electronics,card_not_present,IE,False,
t002729,acc_0055,2026-04-29,110.16,travel,card_not_present,IE,False,
t002816,acc_0057,2026-04-29,139.56,restaurants,card_not_present,IE,False,
t002906,acc_0058,2026-04-29,231.0,transfer,card_present,IE,False,
t002985,acc_0059,2026-04-29,237.16,pharmacy,mobile_app,IE,False,
t003053,acc_0060,2026-04-29,39.69,transfer,card_present,IE,False,
t003126,acc_0061,2026-04-29,210.82,restaurants,card_not_present,IE,False,
t003216,acc_0062,2026-04-29,112.09,electronics,card_not_present,IE,False,
t003306,acc_0063,2026-04-29,292.95,electronics,mobile_app,IE,False,
t003439,acc_0065,2026-04-29,58.0,online retail,card_not_present,IE,False,
t003523,acc_0066,2026-04-29,14.56,fuel,online_banking,IE,False,
t003590,acc_0067,2026-04-29,55.04,fuel,online_banking,IE,False,
t003680,acc_0068,2026-04-29,85.22,groceries,card_present,IE,False,
t003781,acc_0070,2026-04-29,218.69,transfer,mobile_app,IE,False,
t003852,acc_0071,2026-04-29,18.92,groceries,mobile_app,IE,False,
t004033,acc_0075,2026-04-29,289.61,online retail,card_not_present,IE,False,
t004164,acc_0079,2026-04-29,135.02,pharmacy,mobile_app,IE,False,
t004242,acc_0081,2026-04-29,27.32,travel,mobile_app,IE,False,
t004317,acc_0082,2026-04-29,43.17,groceries,mobile_app,IE,False,
t004500,acc_0086,2026-04-29,104.66,travel,card_not_present,IE,False,
t004586,acc_0087,2026-04-29,83.46,electronics,card_present,IE,False,
t004658,acc_0088,2026-04-29,40.45,restaurants,card_not_present,IE,False,
t004748,acc_0089,2026-04-29,25.63,electronics,mobile_app,IE,False,
t004898,acc_0092,2026-04-29,112.72,online retail,mobile_app,IE,False,
t004985,acc_0095,2026-04-29,46.25,transfer,card_not_present,IE,False,
t005056,acc_0096,2026-04-29,81.14,pharmacy,online_banking,IE,False,
t005125,acc_0098,2026-04-29,123.66,transfer,mobile_app,IE,False,
t005175,acc_0099,2026-04-29,26.73,pharmacy,card_present,IE,False,
t005250,acc_0100,2026-04-29,71.28,electronics,card_not_present,IE,False,
t005408,acc_0103,2026-04-29,109.83,pharmacy,mobile_app,IE,False,
t005559,acc_0105,2026-04-29,205.04,groceries,card_not_present,IE,False,
t005628,acc_0106,2026-04-29,249.9,electronics,card_present,IE,False,
t005662,acc_0107,2026-04-29,143.26,fuel,mobile_app,IE,False,
t005790,acc_0110,2026-04-29,18.63,travel,mobile_app,IE,False,
t005873,acc_0111,2026-04-29,104.07,restaurants,online_banking,IE,False,
t005984,acc_0113,2026-04-29,157.74,online retail,card_present,IE,False,
t006369,acc_0121,2026-04-29,19.07,electronics,online_banking,IE,False,
t006426,acc_0122,2026-04-29,27.53,online retail,card_not_present,IE,False,
t006510,acc_0123,2026-04-29,32.73,groceries,card_present,IE,False,
t006650,acc_0126,2026-04-29,55.88,electronics,card_present,IE,False,
t006727,acc_0127,2026-04-29,125.72,online retail,card_not_present,IE,False,
t006801,acc_0128,2026-04-29,17.75,utilities,online_banking,IE,False,
t006896,acc_0130,2026-04-29,90.97,groceries,online_banking,IE,False,
t006943,acc_0131,2026-04-29,95.26,travel,mobile_app,IE,False,
t007026,acc_0132,2026-04-29,94.96,online retail,online_banking,IE,False,
t007127,acc_0135,2026-04-29,97.17,restaurants,mobile_app,IE,False,
t007181,acc_0136,2026-04-29,47.86,online retail,mobile_app,IE,False,
t007255,acc_0137,2026-04-29,75.38,restaurants,card_not_present,IE,False,
t007320,acc_0139,2026-04-29,33.11,travel,card_present,IE,False,
t007385,acc_0140,2026-04-29,85.73,utilities,online_banking,IE,False,
t007437,acc_0141,2026-04-29,41.29,groceries,card_present,IE,False,
t007490,acc_0142,2026-04-29,273.02,fuel,mobile_app,IE,False,
t007562,acc_0143,2026-04-29,12.02,restaurants,mobile_app,IE,False,
t007593,acc_0144,2026-04-29,61.86,fuel,card_present,IE,False,
t007610,acc_0145,2026-04-29,428.22,online retail,mobile_app,IE,False,
t007666,acc_0147,2026-04-29,95.84,travel,card_not_present,IE,False,
t007745,acc_0148,2026-04-29,29.12,utilities,mobile_app,IE,False,
t007816,acc_0149,2026-04-29,57.86,transfer,mobile_app,IE,False,
t008085,acc_0156,2026-04-29,26.72,online retail,online_banking,IE,False,
t008135,acc_0157,2026-04-29,276.91,online retail,card_present,IE,False,
t008392,acc_0161,2026-04-29,108.3,fuel,card_present,IE,False,
t008459,acc_0162,2026-04-29,34.65,fuel,card_present,IE,False,
t008509,acc_0163,2026-04-29,285.75,fuel,mobile_app,IE,False,
t008682,acc_0166,2026-04-29,36.6,transfer,online_banking,IE,False,
t008794,acc_0168,2026-04-29,65.27,utilities,card_not_present,IE,False,
t008914,acc_0170,2026-04-29,83.92,groceries,card_not_present,IE,False,
t009004,acc_0171,2026-04-29,78.49,groceries,card_not_present,IE,False,
t009094,acc_0172,2026-04-29,71.13,travel,card_not_present,IE,False,
t009220,acc_0174,2026-04-29,59.32,fuel,mobile_app,IE,False,
t009377,acc_0176,2026-04-29,285.28,utilities,mobile_app,IE,False,
t009522,acc_0178,2026-04-29,14.59,restaurants,mobile_app,IE,False,
t009602,acc_0179,2026-04-29,15.73,pharmacy,card_not_present,IE,False,
t009657,acc_0180,2026-04-29,52.88,transfer,card_not_present,IE,False,
t009727,acc_0181,2026-04-29,171.32,online retail,card_present,IE,False,
t009817,acc_0182,2026-04-29,70.01,fuel,card_present,IE,False,
t009906,acc_0184,2026-04-29,75.33,electronics,card_not_present,IE,False,
t009931,acc_0185,2026-04-29,150.17,utilities,card_present,IE,False,
t010080,acc_0189,2026-04-29,150.62,utilities,card_present,IE,False,
t010170,acc_0190,2026-04-29,38.86,utilities,card_present,IE,False,
t010287,acc_0193,2026-04-29,37.74,online retail,card_not_present,IE,False,
t010395,acc_0195,2026-04-29,154.18,online retail,online_banking,IE,False,
t010448,acc_0196,2026-04-29,15.12,fuel,card_not_present,IE,False,
t010490,acc_0197,2026-04-29,59.63,travel,card_not_present,IE,False,
t010582,acc_0199,2026-04-29,8.04,electronics,mobile_app,IE,False,
t010677,acc_0022,2026-04-29,72.24,travel,card_present,RO,True,new_country_new_device
t010678,acc_0022,2026-04-29,50.64,travel,card_present,NG,True,new_country_new_device
t010679,acc_0022,2026-04-29,65.43,travel,card_present,BR,True,new_country_new_device
t010680,acc_0022,2026-04-29,72.36,travel,card_present,TR,True,new_country_new_device
t010793,acc_0076,2026-04-29,5866.18,electronics,card_not_present,IE,False,amount_spike
t010916,acc_0131,2026-04-29,990.0,transfer,online_banking,IE,False,threshold_structuring
t000015,acc_0000,2026-04-30,34.24,groceries,mobile_app,IE,False,
t000056,acc_0001,2026-04-30,288.96,restaurants,mobile_app,IE,False,
t000148,acc_0003,2026-04-30,118.06,travel,online_banking,IE,False,
t000251,acc_0005,2026-04-30,284.76,travel,card_not_present,IE,False,
t000353,acc_0007,2026-04-30,124.79,travel,mobile_app,IE,False,
t000411,acc_0008,2026-04-30,309.45,restaurants,card_present,IE,False,
t000471,acc_0009,2026-04-30,52.09,restaurants,mobile_app,IE,False,
t000541,acc_0010,2026-04-30,27.66,groceries,online_banking,IE,False,
t000618,acc_0012,2026-04-30,38.98,pharmacy,mobile_app,IE,False,
t000663,acc_0013,2026-04-30,314.23,transfer,mobile_app,IE,False,
t000736,acc_0014,2026-04-30,16.74,fuel,card_not_present,IE,False,
t000839,acc_0016,2026-04-30,30.87,fuel,card_not_present,IE,False,
t000923,acc_0017,2026-04-30,117.57,fuel,online_banking,IE,False,
t001031,acc_0019,2026-04-30,55.34,travel,online_banking,IE,False,
t001174,acc_0021,2026-04-30,269.23,travel,card_present,IE,False,
t001247,acc_0022,2026-04-30,43.16,pharmacy,card_present,IE,False,
t001314,acc_0023,2026-04-30,35.03,fuel,card_present,IE,False,
t001383,acc_0025,2026-04-30,44.4,pharmacy,mobile_app,IE,False,
t001535,acc_0029,2026-04-30,156.81,utilities,card_present,IE,False,
t001615,acc_0031,2026-04-30,38.24,restaurants,card_present,IE,False,
t001711,acc_0033,2026-04-30,235.59,travel,card_present,IE,False,
t001786,acc_0034,2026-04-30,180.28,fuel,mobile_app,IE,False,
t001990,acc_0039,2026-04-30,615.2,pharmacy,card_not_present,IE,False,
t002118,acc_0044,2026-04-30,22.49,online retail,card_present,IE,False,
t002208,acc_0045,2026-04-30,72.22,travel,card_present,IE,False,
t002306,acc_0047,2026-04-30,32.74,groceries,card_present,IE,False,
t002376,acc_0049,2026-04-30,96.73,transfer,mobile_app,IE,False,
t002426,acc_0050,2026-04-30,41.54,pharmacy,card_present,IE,False,
t002503,acc_0051,2026-04-30,100.02,fuel,online_banking,IE,False,
t002605,acc_0053,2026-04-30,15.89,electronics,mobile_app,IE,False,
t002671,acc_0054,2026-04-30,24.86,travel,mobile_app,IE,False,
t002817,acc_0057,2026-04-30,104.57,pharmacy,card_not_present,IE,False,
t002907,acc_0058,2026-04-30,133.44,electronics,card_not_present,IE,False,
t003054,acc_0060,2026-04-30,72.14,electronics,online_banking,IE,False,
t003127,acc_0061,2026-04-30,113.22,utilities,card_not_present,IE,False,
t003217,acc_0062,2026-04-30,104.77,groceries,card_not_present,IE,False,
t003307,acc_0063,2026-04-30,219.72,fuel,mobile_app,IE,False,
t003440,acc_0065,2026-04-30,56.08,pharmacy,card_not_present,IE,False,
t003591,acc_0067,2026-04-30,47.41,online retail,online_banking,IE,False,
t003681,acc_0068,2026-04-30,75.2,online retail,mobile_app,IE,False,
t003746,acc_0069,2026-04-30,27.3,online retail,card_present,IE,False,
t003853,acc_0071,2026-04-30,16.64,electronics,online_banking,IE,False,
t003920,acc_0072,2026-04-30,222.0,restaurants,card_not_present,IE,False,
t004034,acc_0075,2026-04-30,307.71,restaurants,mobile_app,IE,False,
t004095,acc_0076,2026-04-30,125.14,transfer,card_not_present,IE,False,
t004143,acc_0078,2026-04-30,9.17,restaurants,card_present,IE,False,
t004193,acc_0080,2026-04-30,100.99,restaurants,card_not_present,IE,False,
t004243,acc_0081,2026-04-30,80.4,fuel,card_not_present,IE,False,
t004353,acc_0083,2026-04-30,325.14,fuel,mobile_app,IE,False,
t004396,acc_0084,2026-04-30,141.74,travel,card_present,IE,False,
t004448,acc_0085,2026-04-30,104.45,travel,card_present,IE,False,
t004501,acc_0086,2026-04-30,102.27,electronics,online_banking,IE,False,
t004587,acc_0087,2026-04-30,96.42,online retail,card_present,IE,False,
t004659,acc_0088,2026-04-30,56.69,travel,card_not_present,IE,False,
t004749,acc_0089,2026-04-30,49.93,fuel,online_banking,IE,False,
t004832,acc_0090,2026-04-30,271.9,utilities,card_present,IE,False,
t004899,acc_0092,2026-04-30,418.89,restaurants,mobile_app,IE,False,
t004986,acc_0095,2026-04-30,49.21,restaurants,mobile_app,IE,False,
t005088,acc_0097,2026-04-30,24.44,travel,card_present,IE,False,
t005126,acc_0098,2026-04-30,54.73,restaurants,mobile_app,IE,False,
t005176,acc_0099,2026-04-30,72.13,electronics,online_banking,IE,False,
t005292,acc_0101,2026-04-30,25.91,groceries,card_present,IE,False,
t005409,acc_0103,2026-04-30,102.63,electronics,card_present,IE,False,
t005492,acc_0104,2026-04-30,18.96,pharmacy,online_banking,IE,False,
t005560,acc_0105,2026-04-30,150.11,fuel,mobile_app,IE,False,
t005716,acc_0108,2026-04-30,41.15,fuel,online_banking,IE,False,
t005791,acc_0110,2026-04-30,6.12,fuel,card_not_present,IE,False,
t005874,acc_0111,2026-04-30,161.15,utilities,card_not_present,IE,False,
t005985,acc_0113,2026-04-30,167.75,fuel,card_not_present,IE,False,
t006064,acc_0114,2026-04-30,7.19,groceries,online_banking,IE,False,
t006109,acc_0115,2026-04-30,9.26,groceries,mobile_app,IE,False,
t006140,acc_0116,2026-04-30,68.84,travel,card_present,IE,False,
t006234,acc_0118,2026-04-30,107.36,travel,mobile_app,IE,False,
t006315,acc_0120,2026-04-30,27.73,groceries,card_not_present,IE,False,
t006427,acc_0122,2026-04-30,10.62,transfer,card_not_present,IE,False,
t006511,acc_0123,2026-04-30,43.49,groceries,card_present,IE,False,
t006566,acc_0124,2026-04-30,134.73,fuel,online_banking,IE,False,
t006651,acc_0126,2026-04-30,119.12,restaurants,mobile_app,IE,False,
t006728,acc_0127,2026-04-30,82.61,transfer,card_not_present,IE,False,
t006802,acc_0128,2026-04-30,7.46,electronics,card_not_present,IE,False,
t006944,acc_0131,2026-04-30,39.66,groceries,online_banking,IE,False,
t007027,acc_0132,2026-04-30,154.82,pharmacy,card_present,IE,False,
t007077,acc_0133,2026-04-30,122.75,transfer,mobile_app,IE,False,
t007128,acc_0135,2026-04-30,87.06,electronics,card_not_present,IE,False,
t007182,acc_0136,2026-04-30,31.17,transfer,card_present,IE,False,
t007256,acc_0137,2026-04-30,28.61,restaurants,online_banking,IE,False,
t007386,acc_0140,2026-04-30,195.3,transfer,online_banking,IE,False,
t007491,acc_0142,2026-04-30,96.79,restaurants,card_present,IE,False,
t007627,acc_0146,2026-04-30,153.52,electronics,card_not_present,IE,False,
t007667,acc_0147,2026-04-30,78.22,pharmacy,card_present,IE,False,
t007746,acc_0148,2026-04-30,8.69,groceries,mobile_app,IE,False,
t007817,acc_0149,2026-04-30,107.36,pharmacy,card_present,IE,False,
t007955,acc_0153,2026-04-30,40.23,fuel,mobile_app,IE,False,
t008040,acc_0155,2026-04-30,171.71,restaurants,online_banking,IE,False,
t008136,acc_0157,2026-04-30,84.81,fuel,card_not_present,IE,False,
t008216,acc_0158,2026-04-30,9.21,online retail,online_banking,IE,False,
t008280,acc_0159,2026-04-30,8.91,fuel,online_banking,IE,False,
t008393,acc_0161,2026-04-30,61.12,electronics,card_not_present,IE,False,
t008460,acc_0162,2026-04-30,25.8,pharmacy,card_present,IE,False,
t008609,acc_0165,2026-04-30,50.4,pharmacy,online_banking,IE,False,
t008683,acc_0166,2026-04-30,41.02,electronics,card_not_present,IE,False,
t008795,acc_0168,2026-04-30,50.19,electronics,online_banking,IE,False,
t008915,acc_0170,2026-04-30,66.53,electronics,online_banking,IE,False,
t009005,acc_0171,2026-04-30,88.21,restaurants,mobile_app,IE,False,
t009095,acc_0172,2026-04-30,52.42,restaurants,card_not_present,IE,False,
t009168,acc_0173,2026-04-30,37.01,online retail,mobile_app,IE,False,
t009221,acc_0174,2026-04-30,43.64,groceries,online_banking,IE,False,
t009378,acc_0176,2026-04-30,321.91,fuel,mobile_app,IE,False,
t009457,acc_0177,2026-04-30,24.04,utilities,card_present,IE,False,
t009523,acc_0178,2026-04-30,6.48,pharmacy,online_banking,IE,False,
t009603,acc_0179,2026-04-30,24.42,fuel,card_not_present,IE,False,
t009728,acc_0181,2026-04-30,37.88,utilities,online_banking,IE,False,
t009818,acc_0182,2026-04-30,57.75,utilities,card_present,IE,False,
t010081,acc_0189,2026-04-30,367.58,utilities,mobile_app,IE,False,
t010171,acc_0190,2026-04-30,62.12,fuel,online_banking,IE,False,
t010396,acc_0195,2026-04-30,220.53,fuel,card_not_present,IE,False,
t010491,acc_0197,2026-04-30,142.25,pharmacy,card_not_present,IE,False,
t010540,acc_0198,2026-04-30,380.9,groceries,card_present,IE,False,
t010583,acc_0199,2026-04-30,13.01,travel,online_banking,IE,False,
t010766,acc_0056,2026-04-30,421.05,electronics,card_not_present,IE,False,amount_spike
t010933,acc_0139,2026-04-30,990.0,transfer,online_banking,IE,False,threshold_structuring
t010934,acc_0139,2026-04-30,990.0,transfer,online_banking,IE,False,threshold_structuring
t000016,acc_0000,2026-05-01,19.0,pharmacy,card_not_present,IE,False,
t000149,acc_0003,2026-05-01,53.52,pharmacy,online_banking,IE,False,
t000252,acc_0005,2026-05-01,389.1,travel,online_banking,IE,False,
t000309,acc_0006,2026-05-01,105.79,restaurants,online_banking,IE,False,
t000354,acc_0007,2026-05-01,153.32,groceries,online_banking,IE,False,
t000472,acc_0009,2026-05-01,45.36,utilities,online_banking,IE,False,
t000619,acc_0012,2026-05-01,21.07,transfer,card_present,IE,False,
t000664,acc_0013,2026-05-01,354.25,fuel,card_present,IE,False,
t000737,acc_0014,2026-05-01,17.05,travel,mobile_app,IE,False,
t000840,acc_0016,2026-05-01,59.76,utilities,online_banking,IE,False,
t000924,acc_0017,2026-05-01,126.62,pharmacy,card_present,IE,False,
t001032,acc_0019,2026-05-01,31.38,utilities,card_present,IE,False,
t001112,acc_0020,2026-05-01,178.92,restaurants,online_banking,IE,False,
t001175,acc_0021,2026-05-01,263.83,online retail,mobile_app,IE,False,
t001248,acc_0022,2026-05-01,30.09,online retail,online_banking,IE,False,
t001384,acc_0025,2026-05-01,54.15,online retail,online_banking,IE,False,
t001436,acc_0026,2026-05-01,48.77,pharmacy,card_present,IE,False,
t001616,acc_0031,2026-05-01,100.96,groceries,card_not_present,IE,False,
t001712,acc_0033,2026-05-01,150.09,restaurants,online_banking,IE,False,
t001787,acc_0034,2026-05-01,106.81,groceries,card_present,IE,False,
t002019,acc_0040,2026-05-01,467.28,transfer,card_not_present,IE,False,
t002119,acc_0044,2026-05-01,51.01,restaurants,mobile_app,IE,False,
t002209,acc_0045,2026-05-01,116.94,travel,card_not_present,IE,False,
t002307,acc_0047,2026-05-01,144.31,restaurants,online_banking,IE,False,
t002377,acc_0049,2026-05-01,271.17,transfer,mobile_app,IE,False,
t002427,acc_0050,2026-05-01,7.88,restaurants,card_present,IE,False,
t002559,acc_0052,2026-05-01,10.91,online retail,card_present,IE,False,
t002606,acc_0053,2026-05-01,41.29,transfer,card_present,IE,False,
t002672,acc_0054,2026-05-01,30.54,pharmacy,online_banking,IE,False,
t002730,acc_0055,2026-05-01,632.96,groceries,online_banking,IE,False,
t002765,acc_0056,2026-05-01,14.01,online retail,card_present,IE,False,
t002818,acc_0057,2026-05-01,175.62,fuel,mobile_app,IE,False,
t002908,acc_0058,2026-05-01,107.5,restaurants,online_banking,IE,False,
t003055,acc_0060,2026-05-01,114.25,transfer,online_banking,IE,False,
t003128,acc_0061,2026-05-01,288.13,restaurants,card_present,IE,False,
t003218,acc_0062,2026-05-01,200.4,pharmacy,card_not_present,IE,False,
t003308,acc_0063,2026-05-01,172.46,electronics,card_present,IE,False,
t003441,acc_0065,2026-05-01,99.04,groceries,card_present,IE,False,
t003524,acc_0066,2026-05-01,35.28,restaurants,card_present,IE,False,
t003592,acc_0067,2026-05-01,36.23,travel,card_not_present,IE,False,
t003682,acc_0068,2026-05-01,61.04,fuel,card_not_present,IE,False,
t003747,acc_0069,2026-05-01,15.08,pharmacy,mobile_app,IE,False,
t003854,acc_0071,2026-05-01,13.04,electronics,card_present,IE,False,
t003956,acc_0073,2026-05-01,117.01,online retail,card_not_present,IE,False,
t004035,acc_0075,2026-05-01,534.11,travel,card_present,IE,False,
t004096,acc_0076,2026-05-01,297.02,online retail,card_not_present,IE,False,
t004125,acc_0077,2026-05-01,172.17,transfer,mobile_app,IE,False,
t004194,acc_0080,2026-05-01,33.87,travel,online_banking,IE,False,
t004244,acc_0081,2026-05-01,130.53,fuel,card_present,IE,False,
t004502,acc_0086,2026-05-01,348.56,fuel,online_banking,IE,False,
t004588,acc_0087,2026-05-01,184.15,utilities,card_not_present,IE,False,
t004660,acc_0088,2026-05-01,55.48,online retail,card_not_present,IE,False,
t004750,acc_0089,2026-05-01,27.96,online retail,card_not_present,IE,False,
t004833,acc_0090,2026-05-01,72.15,restaurants,online_banking,IE,False,
t004900,acc_0092,2026-05-01,373.26,restaurants,card_present,IE,False,
t004944,acc_0094,2026-05-01,52.11,groceries,mobile_app,IE,False,
t004987,acc_0095,2026-05-01,80.62,electronics,card_not_present,IE,False,
t005057,acc_0096,2026-05-01,92.29,fuel,mobile_app,IE,False,
t005177,acc_0099,2026-05-01,147.71,fuel,mobile_app,IE,False,
t005293,acc_0101,2026-05-01,20.27,restaurants,card_not_present,IE,False,
t005353,acc_0102,2026-05-01,60.06,pharmacy,card_not_present,IE,False,
t005410,acc_0103,2026-05-01,109.81,electronics,online_banking,IE,False,
t005493,acc_0104,2026-05-01,34.96,electronics,mobile_app,IE,False,
t005561,acc_0105,2026-05-01,106.36,restaurants,mobile_app,IE,False,
t005663,acc_0107,2026-05-01,83.57,travel,card_present,IE,False,
t005751,acc_0109,2026-05-01,21.44,pharmacy,card_not_present,IE,False,
t005792,acc_0110,2026-05-01,15.95,restaurants,online_banking,IE,False,
t005875,acc_0111,2026-05-01,119.77,groceries,online_banking,IE,False,
t005986,acc_0113,2026-05-01,578.36,groceries,mobile_app,IE,False,
t006065,acc_0114,2026-05-01,24.77,restaurants,online_banking,IE,False,
t006141,acc_0116,2026-05-01,44.72,utilities,online_banking,IE,False,
t006235,acc_0118,2026-05-01,73.01,utilities,online_banking,IE,False,
t006316,acc_0120,2026-05-01,42.38,pharmacy,online_banking,IE,False,
t006370,acc_0121,2026-05-01,16.62,fuel,card_not_present,IE,False,
t006428,acc_0122,2026-05-01,64.78,pharmacy,card_present,IE,False,
t006652,acc_0126,2026-05-01,124.47,pharmacy,online_banking,IE,False,
t006803,acc_0128,2026-05-01,40.76,travel,card_present,IE,False,
t006866,acc_0129,2026-05-01,39.11,utilities,online_banking,IE,False,
t006945,acc_0131,2026-05-01,29.96,restaurants,card_not_present,IE,False,
t007028,acc_0132,2026-05-01,142.19,utilities,card_not_present,IE,False,
t007078,acc_0133,2026-05-01,633.33,travel,mobile_app,IE,False,
t007129,acc_0135,2026-05-01,51.17,pharmacy,card_present,IE,False,
t007183,acc_0136,2026-05-01,66.51,restaurants,mobile_app,IE,False,
t007321,acc_0139,2026-05-01,34.88,transfer,card_present,IE,False,
t007492,acc_0142,2026-05-01,351.34,transfer,card_present,IE,False,
t007563,acc_0143,2026-05-01,10.87,electronics,mobile_app,IE,False,
t007594,acc_0144,2026-05-01,234.36,online retail,card_not_present,IE,False,
t007668,acc_0147,2026-05-01,78.78,restaurants,card_present,IE,False,
t007818,acc_0149,2026-05-01,52.2,travel,card_not_present,IE,False,
t007906,acc_0151,2026-05-01,18.78,fuel,card_not_present,IE,False,
t007983,acc_0154,2026-05-01,109.02,restaurants,card_present,IE,False,
t008137,acc_0157,2026-05-01,270.28,pharmacy,online_banking,IE,False,
t008217,acc_0158,2026-05-01,11.26,restaurants,card_not_present,IE,False,
t008281,acc_0159,2026-05-01,14.56,restaurants,mobile_app,IE,False,
t008394,acc_0161,2026-05-01,47.97,travel,card_not_present,IE,False,
t008558,acc_0164,2026-05-01,206.47,pharmacy,card_present,IE,False,
t008610,acc_0165,2026-05-01,14.75,transfer,online_banking,IE,False,
t008684,acc_0166,2026-05-01,74.56,groceries,card_present,IE,False,
t008796,acc_0168,2026-05-01,77.93,fuel,online_banking,IE,False,
t008916,acc_0170,2026-05-01,62.39,utilities,mobile_app,IE,False,
t009006,acc_0171,2026-05-01,59.97,transfer,online_banking,IE,False,
t009096,acc_0172,2026-05-01,256.66,transfer,card_not_present,IE,False,
t009222,acc_0174,2026-05-01,59.35,electronics,online_banking,IE,False,
t009303,acc_0175,2026-05-01,59.43,utilities,mobile_app,IE,False,
t009379,acc_0176,2026-05-01,366.9,travel,card_present,IE,False,
t009524,acc_0178,2026-05-01,8.8,utilities,card_present,IE,False,
t009729,acc_0181,2026-05-01,52.93,pharmacy,mobile_app,IE,False,
t009819,acc_0182,2026-05-01,34.64,online retail,card_present,IE,False,
t009999,acc_0187,2026-05-01,84.88,utilities,card_not_present,IE,False,
t010082,acc_0189,2026-05-01,186.38,utilities,card_present,IE,False,
t010172,acc_0190,2026-05-01,82.49,pharmacy,mobile_app,IE,False,
t010238,acc_0191,2026-05-01,147.58,pharmacy,card_present,IE,False,
t010288,acc_0193,2026-05-01,187.67,pharmacy,card_not_present,IE,False,
t010346,acc_0194,2026-05-01,255.52,online retail,card_present,IE,False,
t010397,acc_0195,2026-05-01,114.54,restaurants,mobile_app,IE,False,
t010584,acc_0199,2026-05-01,38.67,restaurants,card_present,IE,False,
t010935,acc_0139,2026-05-01,995.0,transfer,online_banking,IE,False,threshold_structuring
t010936,acc_0139,2026-05-01,990.0,transfer,online_banking,IE,False,threshold_structuring
t000150,acc_0003,2026-05-02,95.59,electronics,online_banking,IE,False,
t000355,acc_0007,2026-05-02,42.46,transfer,mobile_app,IE,False,
t000473,acc_0009,2026-05-02,130.29,travel,online_banking,IE,False,
t000665,acc_0013,2026-05-02,179.2,transfer,card_not_present,IE,False,
t000738,acc_0014,2026-05-02,25.26,electronics,online_banking,IE,False,
t000841,acc_0016,2026-05-02,72.0,groceries,card_not_present,IE,False,
t000925,acc_0017,2026-05-02,91.63,travel,mobile_app,IE,False,
t000978,acc_0018,2026-05-02,131.12,fuel,online_banking,IE,False,
t001033,acc_0019,2026-05-02,163.47,travel,mobile_app,IE,False,
t001113,acc_0020,2026-05-02,154.13,restaurants,card_present,IE,False,
t001176,acc_0021,2026-05-02,458.81,restaurants,card_present,IE,False,
t001249,acc_0022,2026-05-02,50.38,restaurants,mobile_app,IE,False,
t001385,acc_0025,2026-05-02,27.99,travel,mobile_app,IE,False,
t001437,acc_0026,2026-05-02,62.23,groceries,card_present,IE,False,
t001459,acc_0027,2026-05-02,18.35,pharmacy,online_banking,IE,False,
t001505,acc_0028,2026-05-02,139.44,fuel,online_banking,IE,False,
t001617,acc_0031,2026-05-02,54.76,pharmacy,mobile_app,IE,False,
t001788,acc_0034,2026-05-02,88.79,utilities,card_not_present,IE,False,
t001868,acc_0035,2026-05-02,41.09,fuel,mobile_app,IE,False,
t001991,acc_0039,2026-05-02,101.97,utilities,mobile_app,IE,False,
t002120,acc_0044,2026-05-02,19.59,fuel,card_present,IE,False,
t002210,acc_0045,2026-05-02,79.38,travel,online_banking,IE,False,
t002308,acc_0047,2026-05-02,82.77,pharmacy,card_not_present,IE,False,
t002378,acc_0049,2026-05-02,72.03,travel,card_not_present,IE,False,
t002428,acc_0050,2026-05-02,19.57,online retail,card_present,IE,False,
t002504,acc_0051,2026-05-02,67.75,electronics,mobile_app,IE,False,
t002607,acc_0053,2026-05-02,14.74,groceries,mobile_app,IE,False,
t002766,acc_0056,2026-05-02,21.5,utilities,card_present,IE,False,
t002819,acc_0057,2026-05-02,84.68,online retail,mobile_app,IE,False,
t002909,acc_0058,2026-05-02,474.89,restaurants,online_banking,IE,False,
t002986,acc_0059,2026-05-02,235.36,fuel,mobile_app,IE,False,
t003056,acc_0060,2026-05-02,51.17,restaurants,online_banking,IE,False,
t003129,acc_0061,2026-05-02,74.42,transfer,card_not_present,IE,False,
t003219,acc_0062,2026-05-02,49.82,transfer,mobile_app,IE,False,
t003309,acc_0063,2026-05-02,275.65,fuel,card_not_present,IE,False,
t003442,acc_0065,2026-05-02,73.7,groceries,card_not_present,IE,False,
t003593,acc_0067,2026-05-02,20.11,restaurants,mobile_app,IE,False,
t003683,acc_0068,2026-05-02,78.45,groceries,mobile_app,IE,False,
t003782,acc_0070,2026-05-02,145.49,restaurants,card_not_present,IE,False,
t003855,acc_0071,2026-05-02,23.1,transfer,card_not_present,IE,False,
t003957,acc_0073,2026-05-02,107.7,groceries,online_banking,IE,False,
t004036,acc_0075,2026-05-02,354.17,pharmacy,online_banking,IE,False,
t004097,acc_0076,2026-05-02,211.39,electronics,card_present,IE,False,
t004245,acc_0081,2026-05-02,118.81,fuel,card_present,IE,False,
t004354,acc_0083,2026-05-02,35.92,fuel,mobile_app,IE,False,
t004397,acc_0084,2026-05-02,263.29,pharmacy,card_not_present,IE,False,
t004503,acc_0086,2026-05-02,148.71,transfer,online_banking,IE,False,
t004589,acc_0087,2026-05-02,68.97,restaurants,card_not_present,IE,False,
t004661,acc_0088,2026-05-02,40.87,travel,online_banking,IE,False,
t004751,acc_0089,2026-05-02,17.43,restaurants,card_present,IE,False,
t004834,acc_0090,2026-05-02,247.87,fuel,online_banking,IE,False,
t004880,acc_0091,2026-05-02,41.94,pharmacy,card_not_present,IE,False,
t004945,acc_0094,2026-05-02,88.94,pharmacy,online_banking,IE,False,
t004988,acc_0095,2026-05-02,23.41,utilities,card_present,IE,False,
t005089,acc_0097,2026-05-02,7.11,groceries,online_banking,IE,False,
t005178,acc_0099,2026-05-02,31.09,groceries,card_not_present,IE,False,
t005294,acc_0101,2026-05-02,37.52,travel,card_not_present,IE,False,
t005411,acc_0103,2026-05-02,102.4,utilities,card_not_present,IE,False,
t005494,acc_0104,2026-05-02,13.43,groceries,mobile_app,IE,False,
t005562,acc_0105,2026-05-02,395.9,groceries,online_banking,IE,False,
t005664,acc_0107,2026-05-02,63.23,transfer,card_present,IE,False,
t005793,acc_0110,2026-05-02,21.97,groceries,mobile_app,IE,False,
t005876,acc_0111,2026-05-02,203.4,utilities,mobile_app,IE,False,
t005987,acc_0113,2026-05-02,592.41,pharmacy,mobile_app,IE,False,
t006066,acc_0114,2026-05-02,4.54,fuel,card_present,IE,False,
t006236,acc_0118,2026-05-02,121.08,pharmacy,card_not_present,IE,False,
t006371,acc_0121,2026-05-02,16.08,restaurants,card_not_present,IE,False,
t006429,acc_0122,2026-05-02,116.96,travel,card_present,IE,False,
t006512,acc_0123,2026-05-02,29.38,utilities,card_present,IE,False,
t006567,acc_0124,2026-05-02,83.19,fuel,mobile_app,IE,False,
t006653,acc_0126,2026-05-02,138.09,online retail,mobile_app,IE,False,
t006729,acc_0127,2026-05-02,109.24,travel,online_banking,IE,False,
t006804,acc_0128,2026-05-02,17.47,transfer,card_present,IE,False,
t006897,acc_0130,2026-05-02,57.94,restaurants,online_banking,IE,False,
t006946,acc_0131,2026-05-02,68.93,groceries,card_not_present,IE,False,
t007079,acc_0133,2026-05-02,411.21,groceries,card_present,IE,False,
t007130,acc_0135,2026-05-02,88.87,restaurants,mobile_app,IE,False,
t007184,acc_0136,2026-05-02,23.23,pharmacy,card_present,IE,False,
t007284,acc_0138,2026-05-02,216.49,travel,mobile_app,IE,False,
t007493,acc_0142,2026-05-02,329.94,fuel,card_not_present,IE,False,
t007564,acc_0143,2026-05-02,25.0,restaurants,mobile_app,IE,False,
t007669,acc_0147,2026-05-02,27.1,fuel,card_present,IE,False,
t007747,acc_0148,2026-05-02,25.56,fuel,online_banking,IE,False,
t007819,acc_0149,2026-05-02,110.0,online retail,card_not_present,IE,False,
t008041,acc_0155,2026-05-02,444.25,fuel,card_present,IE,False,
t008086,acc_0156,2026-05-02,81.25,restaurants,online_banking,IE,False,
t008138,acc_0157,2026-05-02,493.4,travel,card_present,IE,False,
t008218,acc_0158,2026-05-02,48.81,transfer,mobile_app,IE,False,
t008336,acc_0160,2026-05-02,220.12,transfer,card_present,IE,False,
t008395,acc_0161,2026-05-02,211.26,utilities,card_not_present,IE,False,
t008510,acc_0163,2026-05-02,343.14,utilities,mobile_app,IE,False,
t008611,acc_0165,2026-05-02,42.89,restaurants,mobile_app,IE,False,
t008685,acc_0166,2026-05-02,46.31,utilities,mobile_app,IE,False,
t008797,acc_0168,2026-05-02,126.18,utilities,mobile_app,IE,False,
t008917,acc_0170,2026-05-02,39.2,fuel,mobile_app,IE,False,
t009007,acc_0171,2026-05-02,70.46,utilities,mobile_app,IE,False,
t009097,acc_0172,2026-05-02,50.62,utilities,card_present,IE,False,
t009169,acc_0173,2026-05-02,21.36,pharmacy,mobile_app,IE,False,
t009223,acc_0174,2026-05-02,74.2,travel,online_banking,IE,False,
t009304,acc_0175,2026-05-02,63.9,utilities,mobile_app,IE,False,
t009380,acc_0176,2026-05-02,65.72,utilities,mobile_app,IE,False,
t009525,acc_0178,2026-05-02,50.05,pharmacy,card_present,IE,False,
t009604,acc_0179,2026-05-02,69.2,electronics,card_present,IE,False,
t009730,acc_0181,2026-05-02,96.6,utilities,card_present,IE,False,
t009820,acc_0182,2026-05-02,37.19,restaurants,card_not_present,IE,False,
t009963,acc_0186,2026-05-02,17.11,groceries,card_not_present,IE,False,
t010028,acc_0188,2026-05-02,14.01,fuel,online_banking,IE,False,
t010083,acc_0189,2026-05-02,327.99,fuel,card_not_present,IE,False,
t010173,acc_0190,2026-05-02,167.18,transfer,card_present,IE,False,
t010239,acc_0191,2026-05-02,140.3,travel,card_present,IE,False,
t010289,acc_0193,2026-05-02,110.96,online retail,mobile_app,IE,False,
t010449,acc_0196,2026-05-02,11.1,utilities,card_present,IE,False,
t010585,acc_0199,2026-05-02,14.44,restaurants,mobile_app,IE,False,
t010731,acc_0040,2026-05-02,3213.12,electronics,card_not_present,IE,False,amount_spike
t010852,acc_0112,2026-05-02,998.29,electronics,card_not_present,IE,False,amount_spike
t000057,acc_0001,2026-05-03,109.44,groceries,card_present,IE,False,
t000151,acc_0003,2026-05-03,173.27,groceries,mobile_app,IE,False,
t000253,acc_0005,2026-05-03,44.99,online retail,card_not_present,IE,False,
t000310,acc_0006,2026-05-03,94.2,groceries,card_not_present,IE,False,
t000412,acc_0008,2026-05-03,65.23,online retail,card_not_present,IE,False,
t000474,acc_0009,2026-05-03,36.68,fuel,mobile_app,IE,False,
t000542,acc_0010,2026-05-03,10.62,online retail,card_not_present,IE,False,
t000620,acc_0012,2026-05-03,10.11,travel,card_present,IE,False,
t000666,acc_0013,2026-05-03,574.76,groceries,online_banking,IE,False,
t000739,acc_0014,2026-05-03,15.67,electronics,card_present,IE,False,
t000842,acc_0016,2026-05-03,37.82,electronics,card_present,IE,False,
t000926,acc_0017,2026-05-03,160.65,online retail,card_not_present,IE,False,
t000979,acc_0018,2026-05-03,131.84,pharmacy,mobile_app,IE,False,
t001034,acc_0019,2026-05-03,77.44,online retail,card_not_present,IE,False,
t001114,acc_0020,2026-05-03,141.65,pharmacy,mobile_app,IE,False,
t001177,acc_0021,2026-05-03,271.66,utilities,card_not_present,IE,False,
t001250,acc_0022,2026-05-03,21.7,travel,online_banking,IE,False,
t001342,acc_0024,2026-05-03,168.54,fuel,card_not_present,IE,False,
t001386,acc_0025,2026-05-03,98.77,pharmacy,card_present,IE,False,
t001460,acc_0027,2026-05-03,13.88,restaurants,card_not_present,IE,False,
t001506,acc_0028,2026-05-03,86.32,electronics,card_present,IE,False,
t001618,acc_0031,2026-05-03,34.19,online retail,mobile_app,IE,False,
t001713,acc_0033,2026-05-03,223.12,fuel,card_present,IE,False,
t001789,acc_0034,2026-05-03,237.49,electronics,mobile_app,IE,False,
t001869,acc_0035,2026-05-03,50.94,electronics,mobile_app,IE,False,
t001918,acc_0036,2026-05-03,123.0,online retail,card_present,IE,False,
t002035,acc_0041,2026-05-03,120.62,groceries,online_banking,IE,False,
t002076,acc_0043,2026-05-03,10.27,electronics,mobile_app,IE,False,
t002121,acc_0044,2026-05-03,45.53,pharmacy,mobile_app,IE,False,
t002211,acc_0045,2026-05-03,174.64,utilities,online_banking,IE,False,
t002276,acc_0046,2026-05-03,40.08,utilities,mobile_app,IE,False,
t002429,acc_0050,2026-05-03,25.35,transfer,card_not_present,IE,False,
t002505,acc_0051,2026-05-03,320.0,travel,online_banking,IE,False,
t002673,acc_0054,2026-05-03,16.02,online retail,card_not_present,IE,False,
t002731,acc_0055,2026-05-03,244.13,fuel,card_not_present,IE,False,
t002820,acc_0057,2026-05-03,168.75,electronics,card_not_present,IE,False,
t002910,acc_0058,2026-05-03,140.77,travel,online_banking,IE,False,
t003130,acc_0061,2026-05-03,86.66,travel,mobile_app,IE,False,
t003220,acc_0062,2026-05-03,87.85,pharmacy,card_not_present,IE,False,
t003310,acc_0063,2026-05-03,162.22,groceries,card_present,IE,False,
t003443,acc_0065,2026-05-03,71.42,transfer,card_present,IE,False,
t003525,acc_0066,2026-05-03,49.24,online retail,online_banking,IE,False,
t003594,acc_0067,2026-05-03,15.69,online retail,online_banking,IE,False,
t003684,acc_0068,2026-05-03,36.53,online retail,mobile_app,IE,False,
t003783,acc_0070,2026-05-03,64.75,utilities,mobile_app,IE,False,
t003856,acc_0071,2026-05-03,18.92,online retail,card_not_present,IE,False,
t003958,acc_0073,2026-05-03,69.63,fuel,online_banking,IE,False,
t004037,acc_0075,2026-05-03,139.65,groceries,online_banking,IE,False,
t004098,acc_0076,2026-05-03,485.66,utilities,mobile_app,IE,False,
t004144,acc_0078,2026-05-03,13.56,utilities,online_banking,IE,False,
t004246,acc_0081,2026-05-03,123.28,restaurants,online_banking,IE,False,
t004318,acc_0082,2026-05-03,24.8,fuel,online_banking,IE,False,
t004355,acc_0083,2026-05-03,60.91,fuel,online_banking,IE,False,
t004504,acc_0086,2026-05-03,95.98,transfer,mobile_app,IE,False,
t004662,acc_0088,2026-05-03,38.33,utilities,mobile_app,IE,False,
t004752,acc_0089,2026-05-03,63.13,electronics,online_banking,IE,False,
t004835,acc_0090,2026-05-03,48.13,electronics,online_banking,IE,False,
t004989,acc_0095,2026-05-03,28.45,electronics,card_not_present,IE,False,
t005058,acc_0096,2026-05-03,102.21,utilities,card_not_present,IE,False,
t005179,acc_0099,2026-05-03,99.06,travel,mobile_app,IE,False,
t005251,acc_0100,2026-05-03,241.05,restaurants,card_not_present,IE,False,
t005412,acc_0103,2026-05-03,78.91,utilities,card_present,IE,False,
t005563,acc_0105,2026-05-03,257.03,transfer,online_banking,IE,False,
t005629,acc_0106,2026-05-03,700.56,transfer,mobile_app,IE,False,
t005665,acc_0107,2026-05-03,37.88,electronics,online_banking,IE,False,
t005794,acc_0110,2026-05-03,22.72,pharmacy,card_present,IE,False,
t005877,acc_0111,2026-05-03,98.73,fuel,card_present,IE,False,
t005928,acc_0112,2026-05-03,18.4,electronics,online_banking,IE,False,
t005988,acc_0113,2026-05-03,186.71,transfer,card_present,IE,False,
t006067,acc_0114,2026-05-03,32.9,transfer,online_banking,IE,False,
t006142,acc_0116,2026-05-03,317.92,groceries,card_not_present,IE,False,
t006184,acc_0117,2026-05-03,18.89,utilities,card_present,IE,False,
t006237,acc_0118,2026-05-03,117.29,groceries,card_present,IE,False,
t006317,acc_0120,2026-05-03,16.87,groceries,online_banking,IE,False,
t006372,acc_0121,2026-05-03,26.57,restaurants,mobile_app,IE,False,
t006430,acc_0122,2026-05-03,57.37,groceries,online_banking,IE,False,
t006513,acc_0123,2026-05-03,83.98,transfer,card_present,IE,False,
t006568,acc_0124,2026-05-03,183.52,transfer,online_banking,IE,False,
t006654,acc_0126,2026-05-03,251.64,restaurants,card_present,IE,False,
t006730,acc_0127,2026-05-03,61.48,pharmacy,card_present,IE,False,
t006805,acc_0128,2026-05-03,10.29,transfer,online_banking,IE,False,
t006867,acc_0129,2026-05-03,24.94,groceries,mobile_app,IE,False,
t006898,acc_0130,2026-05-03,85.03,transfer,online_banking,IE,False,
t006947,acc_0131,2026-05-03,161.87,online retail,mobile_app,IE,False,
t007080,acc_0133,2026-05-03,364.56,fuel,online_banking,IE,False,
t007131,acc_0135,2026-05-03,193.78,pharmacy,card_not_present,IE,False,
t007185,acc_0136,2026-05-03,92.99,transfer,online_banking,IE,False,
t007285,acc_0138,2026-05-03,201.55,online retail,mobile_app,IE,False,
t007387,acc_0140,2026-05-03,532.65,fuel,card_not_present,IE,False,
t007494,acc_0142,2026-05-03,268.07,travel,mobile_app,IE,False,
t007628,acc_0146,2026-05-03,337.91,electronics,mobile_app,IE,False,
t007670,acc_0147,2026-05-03,26.45,pharmacy,mobile_app,IE,False,
t007748,acc_0148,2026-05-03,51.85,transfer,card_present,IE,False,
t007820,acc_0149,2026-05-03,81.31,pharmacy,mobile_app,IE,False,
t007885,acc_0150,2026-05-03,40.99,electronics,card_not_present,IE,False,
t007932,acc_0152,2026-05-03,207.91,restaurants,online_banking,IE,False,
t007956,acc_0153,2026-05-03,31.22,transfer,mobile_app,IE,False,
t008087,acc_0156,2026-05-03,73.44,restaurants,mobile_app,IE,False,
t008139,acc_0157,2026-05-03,111.23,groceries,card_not_present,IE,False,
t008219,acc_0158,2026-05-03,22.86,restaurants,card_present,IE,False,
t008282,acc_0159,2026-05-03,10.71,transfer,online_banking,IE,False,
t008396,acc_0161,2026-05-03,247.94,restaurants,online_banking,IE,False,
t008511,acc_0163,2026-05-03,334.96,utilities,card_not_present,IE,False,
t008686,acc_0166,2026-05-03,99.59,restaurants,card_present,IE,False,
t008798,acc_0168,2026-05-03,112.38,utilities,online_banking,IE,False,
t008863,acc_0169,2026-05-03,98.26,restaurants,online_banking,IE,False,
t008918,acc_0170,2026-05-03,35.31,electronics,mobile_app,IE,False,
t009008,acc_0171,2026-05-03,21.42,pharmacy,online_banking,IE,False,
t009098,acc_0172,2026-05-03,164.88,online retail,card_not_present,IE,False,
t009170,acc_0173,2026-05-03,24.6,electronics,card_not_present,IE,False,
t009224,acc_0174,2026-05-03,49.18,fuel,mobile_app,IE,False,
t009305,acc_0175,2026-05-03,28.78,restaurants,card_not_present,IE,False,
t009381,acc_0176,2026-05-03,340.5,pharmacy,online_banking,IE,False,
t009458,acc_0177,2026-05-03,38.38,electronics,mobile_app,IE,False,
t009526,acc_0178,2026-05-03,23.1,pharmacy,online_banking,IE,False,
t009605,acc_0179,2026-05-03,105.57,online retail,mobile_app,IE,False,
t009731,acc_0181,2026-05-03,32.52,transfer,card_not_present,IE,False,
t009821,acc_0182,2026-05-03,31.42,groceries,card_present,IE,False,
t009964,acc_0186,2026-05-03,13.5,utilities,online_banking,IE,False,
t010000,acc_0187,2026-05-03,33.8,pharmacy,card_present,IE,False,
t010084,acc_0189,2026-05-03,309.28,pharmacy,card_present,IE,False,
t010174,acc_0190,2026-05-03,78.83,fuel,card_present,IE,False,
t010290,acc_0193,2026-05-03,35.56,electronics,card_not_present,IE,False,
t010398,acc_0195,2026-05-03,117.45,online retail,card_not_present,IE,False,
t010492,acc_0197,2026-05-03,57.56,restaurants,online_banking,IE,False,
t010541,acc_0198,2026-05-03,192.76,travel,card_present,IE,False,
t010586,acc_0199,2026-05-03,12.68,restaurants,card_not_present,IE,False,
t010794,acc_0078,2026-05-03,33.1,travel,card_present,TR,True,new_country_new_device
t010795,acc_0078,2026-05-03,44.41,travel,card_present,RO,True,new_country_new_device
t010796,acc_0078,2026-05-03,54.97,travel,card_present,UA,True,new_country_new_device
t010797,acc_0078,2026-05-03,59.69,travel,card_present,PH,True,new_country_new_device
t010938,acc_0141,2026-05-03,39.31,online retail,card_not_present,IE,False,rapid_burst
t010939,acc_0141,2026-05-03,35.13,online retail,card_not_present,IE,False,rapid_burst
t010940,acc_0141,2026-05-03,31.81,online retail,card_not_present,IE,False,rapid_burst
t010941,acc_0141,2026-05-03,30.82,online retail,card_not_present,IE,False,rapid_burst
t010942,acc_0141,2026-05-03,35.4,online retail,card_not_present,IE,False,rapid_burst
t010943,acc_0141,2026-05-03,40.44,online retail,card_not_present,IE,False,rapid_burst
t010944,acc_0141,2026-05-03,31.08,online retail,card_not_present,IE,False,rapid_burst
t010945,acc_0141,2026-05-03,41.12,online retail,card_not_present,IE,False,rapid_burst
t010946,acc_0141,2026-05-03,25.61,online retail,card_not_present,IE,False,rapid_burst
t010947,acc_0141,2026-05-03,27.45,online retail,card_not_present,IE,False,rapid_burst
t010948,acc_0141,2026-05-03,30.8,online retail,card_not_present,IE,False,rapid_burst
t011030,acc_0174,2026-05-03,287.65,travel,card_present,UA,True,new_country_new_device
t011031,acc_0174,2026-05-03,265.95,travel,card_present,TR,True,new_country_new_device
t011032,acc_0174,2026-05-03,321.06,travel,card_present,UA,True,new_country_new_device
t000058,acc_0001,2026-05-04,142.7,transfer,card_not_present,IE,False,
t000152,acc_0003,2026-05-04,77.53,pharmacy,card_present,IE,False,
t000254,acc_0005,2026-05-04,147.08,online retail,card_not_present,IE,False,
t000311,acc_0006,2026-05-04,77.7,restaurants,card_present,IE,False,
t000356,acc_0007,2026-05-04,59.01,travel,online_banking,IE,False,
t000413,acc_0008,2026-05-04,261.99,utilities,online_banking,IE,False,
t000475,acc_0009,2026-05-04,41.9,utilities,card_not_present,IE,False,
t000543,acc_0010,2026-05-04,11.54,fuel,mobile_app,IE,False,
t000667,acc_0013,2026-05-04,86.78,restaurants,card_present,IE,False,
t000740,acc_0014,2026-05-04,10.54,transfer,card_not_present,IE,False,
t000802,acc_0015,2026-05-04,104.72,restaurants,online_banking,IE,False,
t000843,acc_0016,2026-05-04,20.35,online retail,mobile_app,IE,False,
t000927,acc_0017,2026-05-04,177.24,electronics,mobile_app,IE,False,
t001035,acc_0019,2026-05-04,89.31,utilities,online_banking,IE,False,
t001178,acc_0021,2026-05-04,217.96,fuel,mobile_app,IE,False,
t001251,acc_0022,2026-05-04,95.9,transfer,card_not_present,IE,False,
t001461,acc_0027,2026-05-04,77.5,travel,online_banking,IE,False,
t001557,acc_0030,2026-05-04,327.82,pharmacy,card_not_present,IE,False,
t001619,acc_0031,2026-05-04,27.69,online retail,card_present,IE,False,
t001790,acc_0034,2026-05-04,154.36,travel,mobile_app,IE,False,
t001870,acc_0035,2026-05-04,57.68,groceries,card_present,IE,False,
t001958,acc_0038,2026-05-04,79.3,transfer,card_not_present,IE,False,
t002036,acc_0041,2026-05-04,106.51,restaurants,mobile_app,IE,False,
t002122,acc_0044,2026-05-04,18.62,utilities,mobile_app,IE,False,
t002212,acc_0045,2026-05-04,104.33,pharmacy,online_banking,IE,False,
t002277,acc_0046,2026-05-04,41.23,online retail,online_banking,IE,False,
t002379,acc_0049,2026-05-04,132.78,utilities,card_present,IE,False,
t002430,acc_0050,2026-05-04,7.41,transfer,online_banking,IE,False,
t002506,acc_0051,2026-05-04,91.46,online retail,online_banking,IE,False,
t002560,acc_0052,2026-05-04,31.75,travel,card_not_present,IE,False,
t002674,acc_0054,2026-05-04,14.87,transfer,card_not_present,IE,False,
t002732,acc_0055,2026-05-04,433.41,restaurants,card_present,IE,False,
t002821,acc_0057,2026-05-04,114.06,travel,mobile_app,IE,False,
t002911,acc_0058,2026-05-04,298.24,utilities,card_not_present,IE,False,
t002987,acc_0059,2026-05-04,271.15,groceries,card_present,IE,False,
t003057,acc_0060,2026-05-04,41.91,fuel,card_not_present,IE,False,
t003131,acc_0061,2026-05-04,449.59,restaurants,card_not_present,IE,False,
t003221,acc_0062,2026-05-04,140.21,travel,mobile_app,IE,False,
t003311,acc_0063,2026-05-04,250.27,fuel,online_banking,IE,False,
t003444,acc_0065,2026-05-04,101.66,utilities,card_present,IE,False,
t003526,acc_0066,2026-05-04,44.91,travel,online_banking,IE,False,
t003595,acc_0067,2026-05-04,68.51,online retail,mobile_app,IE,False,
t003685,acc_0068,2026-05-04,119.49,pharmacy,mobile_app,IE,False,
t003784,acc_0070,2026-05-04,194.63,utilities,online_banking,IE,False,
t003857,acc_0071,2026-05-04,42.12,groceries,mobile_app,IE,False,
t003921,acc_0072,2026-05-04,60.95,travel,mobile_app,IE,False,
t003959,acc_0073,2026-05-04,100.8,travel,mobile_app,IE,False,
t004099,acc_0076,2026-05-04,429.6,utilities,card_present,IE,False,
t004165,acc_0079,2026-05-04,218.62,pharmacy,card_not_present,IE,False,
t004195,acc_0080,2026-05-04,23.94,pharmacy,card_present,IE,False,
t004247,acc_0081,2026-05-04,70.53,electronics,card_not_present,IE,False,
t004319,acc_0082,2026-05-04,13.39,restaurants,online_banking,IE,False,
t004398,acc_0084,2026-05-04,218.17,travel,card_not_present,IE,False,
t004449,acc_0085,2026-05-04,223.68,electronics,online_banking,IE,False,
t004505,acc_0086,2026-05-04,211.04,fuel,card_not_present,IE,False,
t004590,acc_0087,2026-05-04,108.55,electronics,card_present,IE,False,
t004663,acc_0088,2026-05-04,61.34,pharmacy,online_banking,IE,False,
t004753,acc_0089,2026-05-04,46.91,utilities,mobile_app,IE,False,
t004836,acc_0090,2026-05-04,74.61,electronics,card_present,IE,False,
t004990,acc_0095,2026-05-04,15.17,restaurants,online_banking,IE,False,
t005059,acc_0096,2026-05-04,114.49,travel,mobile_app,IE,False,
t005127,acc_0098,2026-05-04,108.84,utilities,card_not_present,IE,False,
t005180,acc_0099,2026-05-04,75.2,fuel,card_not_present,IE,False,
t005252,acc_0100,2026-05-04,233.4,online retail,card_present,IE,False,
t005295,acc_0101,2026-05-04,36.75,electronics,mobile_app,IE,False,
t005413,acc_0103,2026-05-04,38.91,fuel,card_not_present,IE,False,
t005495,acc_0104,2026-05-04,11.64,utilities,card_not_present,IE,False,
t005564,acc_0105,2026-05-04,132.0,fuel,card_not_present,IE,False,
t005666,acc_0107,2026-05-04,187.9,online retail,card_not_present,IE,False,
t005795,acc_0110,2026-05-04,9.19,pharmacy,card_present,IE,False,
t005878,acc_0111,2026-05-04,163.92,utilities,card_not_present,IE,False,
t005929,acc_0112,2026-05-04,113.61,online retail,card_not_present,IE,False,
t005989,acc_0113,2026-05-04,282.04,groceries,card_present,IE,False,
t006068,acc_0114,2026-05-04,12.28,pharmacy,mobile_app,IE,False,
t006143,acc_0116,2026-05-04,48.2,electronics,card_present,IE,False,
t006238,acc_0118,2026-05-04,34.13,transfer,mobile_app,IE,False,
t006283,acc_0119,2026-05-04,23.16,online retail,mobile_app,IE,False,
t006318,acc_0120,2026-05-04,9.98,online retail,mobile_app,IE,False,
t006431,acc_0122,2026-05-04,16.17,pharmacy,card_not_present,IE,False,
t006514,acc_0123,2026-05-04,16.12,electronics,mobile_app,IE,False,
t006598,acc_0125,2026-05-04,6.07,groceries,online_banking,IE,False,
t006655,acc_0126,2026-05-04,76.21,utilities,card_present,IE,False,
t006731,acc_0127,2026-05-04,63.66,electronics,mobile_app,IE,False,
t006806,acc_0128,2026-05-04,8.83,electronics,online_banking,IE,False,
t006899,acc_0130,2026-05-04,45.55,restaurants,card_present,IE,False,
t006948,acc_0131,2026-05-04,43.37,electronics,card_not_present,IE,False,
t007029,acc_0132,2026-05-04,268.35,online retail,card_not_present,IE,False,
t007081,acc_0133,2026-05-04,509.34,electronics,online_banking,IE,False,
t007186,acc_0136,2026-05-04,56.76,fuel,card_not_present,IE,False,
t007257,acc_0137,2026-05-04,28.98,pharmacy,mobile_app,IE,False,
t007322,acc_0139,2026-05-04,29.29,utilities,mobile_app,IE,False,
t007388,acc_0140,2026-05-04,332.44,electronics,card_not_present,IE,False,
t007495,acc_0142,2026-05-04,207.99,travel,mobile_app,IE,False,
t007671,acc_0147,2026-05-04,91.12,utilities,online_banking,IE,False,
t007749,acc_0148,2026-05-04,28.17,groceries,mobile_app,IE,False,
t007821,acc_0149,2026-05-04,24.59,travel,card_not_present,IE,False,
t007907,acc_0151,2026-05-04,19.66,travel,mobile_app,IE,False,
t007933,acc_0152,2026-05-04,413.29,transfer,card_present,IE,False,
t008042,acc_0155,2026-05-04,109.61,electronics,card_present,IE,False,
t008140,acc_0157,2026-05-04,198.16,pharmacy,online_banking,IE,False,
t008220,acc_0158,2026-05-04,13.99,electronics,mobile_app,IE,False,
t008337,acc_0160,2026-05-04,330.11,utilities,card_not_present,IE,False,
t008397,acc_0161,2026-05-04,154.58,travel,online_banking,IE,False,
t008461,acc_0162,2026-05-04,32.06,travel,mobile_app,IE,False,
t008512,acc_0163,2026-05-04,140.28,online retail,card_not_present,IE,False,
t008559,acc_0164,2026-05-04,315.24,travel,mobile_app,IE,False,
t008612,acc_0165,2026-05-04,23.56,online retail,online_banking,IE,False,
t008687,acc_0166,2026-05-04,95.56,online retail,mobile_app,IE,False,
t008799,acc_0168,2026-05-04,166.48,travel,card_not_present,IE,False,
t008919,acc_0170,2026-05-04,83.94,groceries,card_present,IE,False,
t009009,acc_0171,2026-05-04,46.92,travel,card_present,IE,False,
t009099,acc_0172,2026-05-04,71.78,electronics,card_present,IE,False,
t009171,acc_0173,2026-05-04,16.02,pharmacy,card_present,IE,False,
t009225,acc_0174,2026-05-04,208.06,travel,card_not_present,IE,False,
t009306,acc_0175,2026-05-04,50.79,electronics,card_not_present,IE,False,
t009382,acc_0176,2026-05-04,173.8,transfer,mobile_app,IE,False,
t009459,acc_0177,2026-05-04,14.54,utilities,card_present,IE,False,
t009527,acc_0178,2026-05-04,40.99,electronics,mobile_app,IE,False,
t009606,acc_0179,2026-05-04,37.7,online retail,mobile_app,IE,False,
t009732,acc_0181,2026-05-04,25.99,groceries,card_not_present,IE,False,
t009822,acc_0182,2026-05-04,92.16,utilities,online_banking,IE,False,
t009965,acc_0186,2026-05-04,31.47,utilities,online_banking,IE,False,
t010001,acc_0187,2026-05-04,32.01,pharmacy,card_not_present,IE,False,
t010029,acc_0188,2026-05-04,14.68,transfer,online_banking,IE,False,
t010085,acc_0189,2026-05-04,708.96,utilities,mobile_app,IE,False,
t010175,acc_0190,2026-05-04,230.91,online retail,mobile_app,IE,False,
t010399,acc_0195,2026-05-04,124.89,fuel,mobile_app,IE,False,
t010493,acc_0197,2026-05-04,88.36,travel,card_present,IE,False,
t010587,acc_0199,2026-05-04,25.43,utilities,card_present,IE,False,
t010648,acc_0009,2026-05-04,70.19,online retail,card_not_present,IE,False,rapid_burst
t010649,acc_0009,2026-05-04,47.21,online retail,card_not_present,IE,False,rapid_burst
t010650,acc_0009,2026-05-04,53.21,online retail,card_not_present,IE,False,rapid_burst
t010651,acc_0009,2026-05-04,43.52,online retail,card_not_present,IE,False,rapid_burst
t010652,acc_0009,2026-05-04,70.51,online retail,card_not_present,IE,False,rapid_burst
t010653,acc_0009,2026-05-04,61.59,online retail,card_not_present,IE,False,rapid_burst
t010654,acc_0009,2026-05-04,56.55,online retail,card_not_present,IE,False,rapid_burst
t010767,acc_0060,2026-05-04,1604.37,electronics,card_not_present,IE,False,amount_spike
t010917,acc_0132,2026-05-04,5727.4,electronics,card_not_present,IE,False,amount_spike
t011084,acc_0195,2026-05-04,990.0,transfer,online_banking,IE,False,threshold_structuring
t011085,acc_0195,2026-05-04,995.0,transfer,online_banking,IE,False,threshold_structuring
t000106,acc_0002,2026-05-05,41.64,pharmacy,online_banking,IE,False,
t000153,acc_0003,2026-05-05,120.79,transfer,online_banking,IE,False,
t000213,acc_0004,2026-05-05,267.71,pharmacy,card_present,IE,False,
t000357,acc_0007,2026-05-05,69.27,groceries,online_banking,IE,False,
t000414,acc_0008,2026-05-05,282.87,restaurants,card_not_present,IE,False,
t000476,acc_0009,2026-05-05,86.65,pharmacy,card_not_present,IE,False,
t000544,acc_0010,2026-05-05,23.05,transfer,card_not_present,IE,False,
t000582,acc_0011,2026-05-05,13.4,online retail,card_not_present,IE,False,
t000621,acc_0012,2026-05-05,7.95,fuel,card_present,IE,False,
t000741,acc_0014,2026-05-05,19.08,groceries,card_not_present,IE,False,
t000844,acc_0016,2026-05-05,71.56,pharmacy,online_banking,IE,False,
t000928,acc_0017,2026-05-05,81.81,utilities,card_present,IE,False,
t001036,acc_0019,2026-05-05,58.62,restaurants,card_present,IE,False,
t001115,acc_0020,2026-05-05,128.02,travel,mobile_app,IE,False,
t001179,acc_0021,2026-05-05,636.36,pharmacy,card_not_present,IE,False,
t001252,acc_0022,2026-05-05,28.49,electronics,card_present,IE,False,
t001387,acc_0025,2026-05-05,70.57,utilities,card_present,IE,False,
t001507,acc_0028,2026-05-05,164.29,utilities,card_not_present,IE,False,
t001558,acc_0030,2026-05-05,338.21,utilities,online_banking,IE,False,
t001620,acc_0031,2026-05-05,19.6,travel,mobile_app,IE,False,
t001680,acc_0032,2026-05-05,112.65,utilities,mobile_app,IE,False,
t001714,acc_0033,2026-05-05,97.15,restaurants,mobile_app,IE,False,
t001791,acc_0034,2026-05-05,51.85,online retail,mobile_app,IE,False,
t001940,acc_0037,2026-05-05,161.68,travel,mobile_app,IE,False,
t002060,acc_0042,2026-05-05,79.94,pharmacy,mobile_app,IE,False,
t002123,acc_0044,2026-05-05,39.65,electronics,online_banking,IE,False,
t002213,acc_0045,2026-05-05,116.03,restaurants,card_present,IE,False,
t002356,acc_0048,2026-05-05,42.17,electronics,mobile_app,IE,False,
t002431,acc_0050,2026-05-05,76.53,groceries,card_not_present,IE,False,
t002608,acc_0053,2026-05-05,24.98,transfer,online_banking,IE,False,
t002675,acc_0054,2026-05-05,24.49,electronics,card_present,IE,False,
t002767,acc_0056,2026-05-05,17.93,pharmacy,card_not_present,IE,False,
t002822,acc_0057,2026-05-05,167.47,restaurants,mobile_app,IE,False,
t002912,acc_0058,2026-05-05,179.14,electronics,card_present,IE,False,
t002988,acc_0059,2026-05-05,294.83,pharmacy,card_present,IE,False,
t003132,acc_0061,2026-05-05,146.99,fuel,mobile_app,IE,False,
t003222,acc_0062,2026-05-05,97.17,groceries,card_present,IE,False,
t003312,acc_0063,2026-05-05,147.7,utilities,mobile_app,IE,False,
t003382,acc_0064,2026-05-05,55.0,online retail,card_present,IE,False,
t003445,acc_0065,2026-05-05,118.02,electronics,card_not_present,IE,False,
t003527,acc_0066,2026-05-05,29.46,utilities,mobile_app,IE,False,
t003596,acc_0067,2026-05-05,21.52,pharmacy,card_present,IE,False,
t003686,acc_0068,2026-05-05,117.69,online retail,card_not_present,IE,False,
t003858,acc_0071,2026-05-05,24.3,travel,card_present,IE,False,
t003922,acc_0072,2026-05-05,107.03,pharmacy,card_not_present,IE,False,
t003960,acc_0073,2026-05-05,69.03,online retail,mobile_app,IE,False,
t004038,acc_0075,2026-05-05,184.0,pharmacy,card_present,IE,False,
t004166,acc_0079,2026-05-05,257.69,fuel,card_not_present,IE,False,
t004248,acc_0081,2026-05-05,161.33,online retail,card_present,IE,False,
t004320,acc_0082,2026-05-05,16.38,online retail,online_banking,IE,False,
t004399,acc_0084,2026-05-05,611.8,online retail,card_not_present,IE,False,
t004506,acc_0086,2026-05-05,48.72,utilities,card_not_present,IE,False,
t004664,acc_0088,2026-05-05,31.44,transfer,mobile_app,IE,False,
t004754,acc_0089,2026-05-05,7.09,groceries,card_present,IE,False,
t004901,acc_0092,2026-05-05,183.01,electronics,card_present,IE,False,
t004991,acc_0095,2026-05-05,21.59,electronics,mobile_app,IE,False,
t005181,acc_0099,2026-05-05,82.94,transfer,card_not_present,IE,False,
t005354,acc_0102,2026-05-05,110.4,online retail,online_banking,IE,False,
t005414,acc_0103,2026-05-05,115.08,utilities,online_banking,IE,False,
t005496,acc_0104,2026-05-05,23.13,online retail,card_present,IE,False,
t005565,acc_0105,2026-05-05,401.92,pharmacy,mobile_app,IE,False,
t005667,acc_0107,2026-05-05,308.75,restaurants,card_not_present,IE,False,
t005717,acc_0108,2026-05-05,13.33,groceries,mobile_app,IE,False,
t005796,acc_0110,2026-05-05,19.94,travel,card_not_present,IE,False,
t005879,acc_0111,2026-05-05,102.23,electronics,card_present,IE,False,
t005990,acc_0113,2026-05-05,300.96,travel,card_present,IE,False,
t006069,acc_0114,2026-05-05,9.01,travel,card_not_present,IE,False,
t006185,acc_0117,2026-05-05,29.96,transfer,online_banking,IE,False,
t006239,acc_0118,2026-05-05,118.08,pharmacy,mobile_app,IE,False,
t006284,acc_0119,2026-05-05,48.69,utilities,card_not_present,IE,False,
t006319,acc_0120,2026-05-05,10.82,transfer,mobile_app,IE,False,
t006432,acc_0122,2026-05-05,61.89,utilities,mobile_app,IE,False,
t006569,acc_0124,2026-05-05,160.86,online retail,mobile_app,IE,False,
t006656,acc_0126,2026-05-05,96.15,pharmacy,online_banking,IE,False,
t006732,acc_0127,2026-05-05,104.31,groceries,card_present,IE,False,
t006807,acc_0128,2026-05-05,46.38,utilities,mobile_app,IE,False,
t006949,acc_0131,2026-05-05,58.41,groceries,online_banking,IE,False,
t007030,acc_0132,2026-05-05,163.95,electronics,online_banking,IE,False,
t007108,acc_0134,2026-05-05,33.86,groceries,mobile_app,IE,False,
t007187,acc_0136,2026-05-05,34.15,online retail,card_not_present,IE,False,
t007258,acc_0137,2026-05-05,38.16,online retail,card_not_present,IE,False,
t007496,acc_0142,2026-05-05,190.63,travel,online_banking,IE,False,
t007565,acc_0143,2026-05-05,32.29,online retail,card_present,IE,False,
t007611,acc_0145,2026-05-05,167.77,pharmacy,card_not_present,IE,False,
t007672,acc_0147,2026-05-05,10.1,travel,online_banking,IE,False,
t007822,acc_0149,2026-05-05,42.68,restaurants,card_present,IE,False,
t008043,acc_0155,2026-05-05,363.15,transfer,online_banking,IE,False,
t008141,acc_0157,2026-05-05,144.4,online retail,card_present,IE,False,
t008283,acc_0159,2026-05-05,19.4,fuel,card_present,IE,False,
t008398,acc_0161,2026-05-05,74.76,groceries,mobile_app,IE,False,
t008462,acc_0162,2026-05-05,11.89,travel,mobile_app,IE,False,
t008513,acc_0163,2026-05-05,311.5,fuel,mobile_app,IE,False,
t008613,acc_0165,2026-05-05,27.19,travel,card_present,IE,False,
t008688,acc_0166,2026-05-05,53.37,online retail,online_banking,IE,False,
t008800,acc_0168,2026-05-05,426.84,electronics,online_banking,IE,False,
t008920,acc_0170,2026-05-05,79.18,utilities,card_present,IE,False,
t009010,acc_0171,2026-05-05,220.07,groceries,mobile_app,IE,False,
t009100,acc_0172,2026-05-05,36.1,groceries,mobile_app,IE,False,
t009226,acc_0174,2026-05-05,157.96,transfer,mobile_app,IE,False,
t009307,acc_0175,2026-05-05,39.07,groceries,mobile_app,IE,False,
t009383,acc_0176,2026-05-05,149.77,transfer,card_not_present,IE,False,
t009460,acc_0177,2026-05-05,81.46,utilities,card_present,IE,False,
t009528,acc_0178,2026-05-05,9.2,transfer,card_not_present,IE,False,
t009733,acc_0181,2026-05-05,163.13,groceries,card_not_present,IE,False,
t009823,acc_0182,2026-05-05,133.54,electronics,online_banking,IE,False,
t010030,acc_0188,2026-05-05,46.73,travel,mobile_app,IE,False,
t010086,acc_0189,2026-05-05,145.58,groceries,mobile_app,IE,False,
t010176,acc_0190,2026-05-05,66.08,utilities,card_not_present,IE,False,
t010257,acc_0192,2026-05-05,23.29,utilities,online_banking,IE,False,
t010291,acc_0193,2026-05-05,63.46,transfer,mobile_app,IE,False,
t010494,acc_0197,2026-05-05,141.38,transfer,card_not_present,IE,False,
t010542,acc_0198,2026-05-05,224.64,restaurants,mobile_app,IE,False,
t010588,acc_0199,2026-05-05,25.16,fuel,mobile_app,IE,False,
t010704,acc_0031,2026-05-05,995.0,transfer,online_banking,IE,False,threshold_structuring
t010705,acc_0031,2026-05-05,985.0,transfer,online_banking,IE,False,threshold_structuring
t010788,acc_0071,2026-05-05,985.0,transfer,online_banking,IE,False,threshold_structuring
t010789,acc_0071,2026-05-05,980.0,transfer,online_banking,IE,False,threshold_structuring
t011086,acc_0195,2026-05-05,990.0,transfer,online_banking,IE,False,threshold_structuring
t011087,acc_0195,2026-05-05,995.0,transfer,online_banking,IE,False,threshold_structuring
t011101,acc_0198,2026-05-05,802.28,travel,card_present,UA,True,new_country_new_device
t011102,acc_0198,2026-05-05,395.74,travel,card_present,RO,True,new_country_new_device
t000059,acc_0001,2026-05-06,278.88,fuel,online_banking,IE,False,
t000154,acc_0003,2026-05-06,148.98,pharmacy,card_present,IE,False,
t000255,acc_0005,2026-05-06,64.34,restaurants,mobile_app,IE,False,
t000358,acc_0007,2026-05-06,121.04,fuel,card_not_present,IE,False,
t000477,acc_0009,2026-05-06,77.37,utilities,online_banking,IE,False,
t000742,acc_0014,2026-05-06,26.89,fuel,mobile_app,IE,False,
t000845,acc_0016,2026-05-06,75.86,pharmacy,online_banking,IE,False,
t000929,acc_0017,2026-05-06,316.55,travel,online_banking,IE,False,
t001037,acc_0019,2026-05-06,137.25,travel,card_not_present,IE,False,
t001116,acc_0020,2026-05-06,89.6,fuel,card_present,IE,False,
t001253,acc_0022,2026-05-06,33.33,restaurants,mobile_app,IE,False,
t001388,acc_0025,2026-05-06,21.64,restaurants,mobile_app,IE,False,
t001462,acc_0027,2026-05-06,15.81,online retail,card_present,IE,False,
t001559,acc_0030,2026-05-06,322.24,transfer,card_not_present,IE,False,
t001621,acc_0031,2026-05-06,25.11,transfer,online_banking,IE,False,
t001715,acc_0033,2026-05-06,319.62,restaurants,card_not_present,IE,False,
t001792,acc_0034,2026-05-06,145.17,transfer,online_banking,IE,False,
t001871,acc_0035,2026-05-06,21.73,fuel,online_banking,IE,False,
t002124,acc_0044,2026-05-06,30.11,pharmacy,online_banking,IE,False,
t002214,acc_0045,2026-05-06,139.06,electronics,mobile_app,IE,False,
t002380,acc_0049,2026-05-06,63.22,groceries,card_not_present,IE,False,
t002432,acc_0050,2026-05-06,12.58,electronics,card_present,IE,False,
t002507,acc_0051,2026-05-06,105.49,restaurants,card_present,IE,False,
t002609,acc_0053,2026-05-06,23.23,restaurants,mobile_app,IE,False,
t002733,acc_0055,2026-05-06,144.49,fuel,mobile_app,IE,False,
t002823,acc_0057,2026-05-06,88.29,online retail,card_present,IE,False,
t002913,acc_0058,2026-05-06,166.08,utilities,mobile_app,IE,False,
t002989,acc_0059,2026-05-06,238.96,pharmacy,mobile_app,IE,False,
t003058,acc_0060,2026-05-06,63.17,utilities,card_present,IE,False,
t003133,acc_0061,2026-05-06,109.49,restaurants,card_present,IE,False,
t003223,acc_0062,2026-05-06,54.42,pharmacy,card_present,IE,False,
t003313,acc_0063,2026-05-06,281.57,travel,card_present,IE,False,
t003446,acc_0065,2026-05-06,115.39,pharmacy,online_banking,IE,False,
t003528,acc_0066,2026-05-06,116.99,utilities,mobile_app,IE,False,
t003597,acc_0067,2026-05-06,22.2,transfer,mobile_app,IE,False,
t003687,acc_0068,2026-05-06,59.77,utilities,mobile_app,IE,False,
t003785,acc_0070,2026-05-06,40.51,transfer,card_not_present,IE,False,
t003859,acc_0071,2026-05-06,15.11,restaurants,card_not_present,IE,False,
t003961,acc_0073,2026-05-06,106.13,online retail,mobile_app,IE,False,
t004039,acc_0075,2026-05-06,217.91,pharmacy,online_banking,IE,False,
t004100,acc_0076,2026-05-06,172.7,restaurants,card_not_present,IE,False,
t004145,acc_0078,2026-05-06,23.24,travel,online_banking,IE,False,
t004196,acc_0080,2026-05-06,378.95,fuel,mobile_app,IE,False,
t004249,acc_0081,2026-05-06,87.53,pharmacy,card_not_present,IE,False,
t004356,acc_0083,2026-05-06,55.97,pharmacy,card_present,IE,False,
t004400,acc_0084,2026-05-06,316.09,utilities,mobile_app,IE,False,
t004507,acc_0086,2026-05-06,163.7,travel,card_present,IE,False,
t004591,acc_0087,2026-05-06,58.89,travel,online_banking,IE,False,
t004665,acc_0088,2026-05-06,60.12,transfer,card_present,IE,False,
t004755,acc_0089,2026-05-06,27.65,transfer,mobile_app,IE,False,
t004837,acc_0090,2026-05-06,101.24,utilities,mobile_app,IE,False,
t004902,acc_0092,2026-05-06,303.91,restaurants,online_banking,IE,False,
t004946,acc_0094,2026-05-06,42.68,restaurants,card_present,IE,False,
t004992,acc_0095,2026-05-06,34.45,pharmacy,card_present,IE,False,
t005090,acc_0097,2026-05-06,18.63,travel,mobile_app,IE,False,
t005128,acc_0098,2026-05-06,84.36,utilities,card_not_present,IE,False,
t005182,acc_0099,2026-05-06,75.4,electronics,mobile_app,IE,False,
t005415,acc_0103,2026-05-06,100.59,pharmacy,card_not_present,IE,False,
t005497,acc_0104,2026-05-06,17.24,travel,mobile_app,IE,False,
t005566,acc_0105,2026-05-06,103.43,pharmacy,mobile_app,IE,False,
t005668,acc_0107,2026-05-06,179.49,groceries,card_not_present,IE,False,
t005797,acc_0110,2026-05-06,27.37,groceries,online_banking,IE,False,
t005880,acc_0111,2026-05-06,134.82,utilities,online_banking,IE,False,
t005991,acc_0113,2026-05-06,232.44,restaurants,mobile_app,IE,False,
t006070,acc_0114,2026-05-06,8.72,utilities,card_present,IE,False,
t006144,acc_0116,2026-05-06,146.15,travel,online_banking,IE,False,
t006240,acc_0118,2026-05-06,90.56,travel,card_not_present,IE,False,
t006320,acc_0120,2026-05-06,16.66,fuel,card_present,IE,False,
t006433,acc_0122,2026-05-06,20.54,utilities,online_banking,IE,False,
t006515,acc_0123,2026-05-06,51.7,transfer,mobile_app,IE,False,
t006570,acc_0124,2026-05-06,92.0,electronics,online_banking,IE,False,
t006657,acc_0126,2026-05-06,66.26,groceries,online_banking,IE,False,
t006733,acc_0127,2026-05-06,136.6,electronics,online_banking,IE,False,
t006808,acc_0128,2026-05-06,26.69,electronics,mobile_app,IE,False,
t006868,acc_0129,2026-05-06,137.81,online retail,online_banking,IE,False,
t006900,acc_0130,2026-05-06,97.21,pharmacy,card_not_present,IE,False,
t006950,acc_0131,2026-05-06,122.25,travel,card_not_present,IE,False,
t007031,acc_0132,2026-05-06,145.89,electronics,mobile_app,IE,False,
t007082,acc_0133,2026-05-06,179.33,electronics,card_not_present,IE,False,
t007109,acc_0134,2026-05-06,17.88,groceries,card_not_present,IE,False,
t007188,acc_0136,2026-05-06,85.94,pharmacy,card_not_present,IE,False,
t007259,acc_0137,2026-05-06,139.31,travel,online_banking,IE,False,
t007323,acc_0139,2026-05-06,97.85,travel,card_present,IE,False,
t007438,acc_0141,2026-05-06,37.88,electronics,mobile_app,IE,False,
t007497,acc_0142,2026-05-06,284.86,travel,card_not_present,IE,False,
t007566,acc_0143,2026-05-06,16.73,restaurants,online_banking,IE,False,
t007595,acc_0144,2026-05-06,88.86,groceries,card_not_present,IE,False,
t007629,acc_0146,2026-05-06,382.99,electronics,card_not_present,IE,False,
t007673,acc_0147,2026-05-06,11.0,groceries,online_banking,IE,False,
t007750,acc_0148,2026-05-06,43.76,electronics,card_not_present,IE,False,
t007823,acc_0149,2026-05-06,153.54,pharmacy,online_banking,IE,False,
t007934,acc_0152,2026-05-06,114.98,electronics,mobile_app,IE,False,
t007957,acc_0153,2026-05-06,157.49,utilities,mobile_app,IE,False,
t008044,acc_0155,2026-05-06,307.1,pharmacy,card_present,IE,False,
t008142,acc_0157,2026-05-06,231.03,electronics,card_not_present,IE,False,
t008221,acc_0158,2026-05-06,12.34,transfer,online_banking,IE,False,
t008284,acc_0159,2026-05-06,28.97,online retail,online_banking,IE,False,
t008399,acc_0161,2026-05-06,176.62,online retail,card_not_present,IE,False,
t008560,acc_0164,2026-05-06,441.19,pharmacy,card_present,IE,False,
t008614,acc_0165,2026-05-06,13.67,electronics,card_present,IE,False,
t008689,acc_0166,2026-05-06,44.32,fuel,online_banking,IE,False,
t008801,acc_0168,2026-05-06,140.54,online retail,online_banking,IE,False,
t008921,acc_0170,2026-05-06,36.91,pharmacy,card_present,IE,False,
t009011,acc_0171,2026-05-06,38.42,pharmacy,card_not_present,IE,False,
t009101,acc_0172,2026-05-06,87.31,travel,online_banking,IE,False,
t009227,acc_0174,2026-05-06,50.63,transfer,card_present,IE,False,
t009308,acc_0175,2026-05-06,82.95,transfer,card_present,IE,False,
t009384,acc_0176,2026-05-06,214.66,fuel,mobile_app,IE,False,
t009529,acc_0178,2026-05-06,31.68,electronics,mobile_app,IE,False,
t009607,acc_0179,2026-05-06,12.96,groceries,online_banking,IE,False,
t009658,acc_0180,2026-05-06,50.89,transfer,mobile_app,IE,False,
t009734,acc_0181,2026-05-06,90.17,groceries,mobile_app,IE,False,
t009824,acc_0182,2026-05-06,51.45,online retail,mobile_app,IE,False,
t010002,acc_0187,2026-05-06,32.78,electronics,card_not_present,IE,False,
t010087,acc_0189,2026-05-06,185.29,electronics,card_not_present,IE,False,
t010177,acc_0190,2026-05-06,59.14,utilities,online_banking,IE,False,
t010292,acc_0193,2026-05-06,30.74,groceries,mobile_app,IE,False,
t010347,acc_0194,2026-05-06,129.87,groceries,mobile_app,IE,False,
t010400,acc_0195,2026-05-06,80.97,fuel,online_banking,IE,False,
t010450,acc_0196,2026-05-06,18.65,transfer,card_not_present,IE,False,
t010495,acc_0197,2026-05-06,53.86,electronics,card_present,IE,False,
t010589,acc_0199,2026-05-06,17.2,pharmacy,card_not_present,IE,False,
t010706,acc_0031,2026-05-06,985.0,transfer,online_banking,IE,False,threshold_structuring
t010707,acc_0031,2026-05-06,985.0,transfer,online_banking,IE,False,threshold_structuring
t010790,acc_0071,2026-05-06,985.0,transfer,online_banking,IE,False,threshold_structuring
t010791,acc_0071,2026-05-06,985.0,transfer,online_banking,IE,False,threshold_structuring
t011088,acc_0195,2026-05-06,990.0,transfer,online_banking,IE,False,threshold_structuring
t000017,acc_0000,2026-05-07,73.98,electronics,online_banking,IE,False,
t000060,acc_0001,2026-05-07,114.2,travel,mobile_app,IE,False,
t000155,acc_0003,2026-05-07,60.03,fuel,online_banking,IE,False,
t000214,acc_0004,2026-05-07,236.95,transfer,card_not_present,IE,False,
t000256,acc_0005,2026-05-07,48.68,pharmacy,card_present,IE,False,
t000312,acc_0006,2026-05-07,240.35,restaurants,mobile_app,IE,False,
t000359,acc_0007,2026-05-07,88.9,travel,card_not_present,IE,False,
t000478,acc_0009,2026-05-07,109.63,utilities,online_banking,IE,False,
t000583,acc_0011,2026-05-07,20.42,pharmacy,mobile_app,IE,False,
t000622,acc_0012,2026-05-07,13.17,transfer,online_banking,IE,False,
t000668,acc_0013,2026-05-07,158.73,restaurants,online_banking,IE,False,
t000743,acc_0014,2026-05-07,11.08,groceries,card_present,IE,False,
t000846,acc_0016,2026-05-07,122.53,online retail,card_not_present,IE,False,
t000930,acc_0017,2026-05-07,149.53,electronics,mobile_app,IE,False,
t001038,acc_0019,2026-05-07,377.69,restaurants,mobile_app,IE,False,
t001180,acc_0021,2026-05-07,174.77,online retail,card_not_present,IE,False,
t001254,acc_0022,2026-05-07,56.75,utilities,card_not_present,IE,False,
t001315,acc_0023,2026-05-07,36.1,transfer,mobile_app,IE,False,
t001463,acc_0027,2026-05-07,14.06,transfer,card_not_present,IE,False,
t001508,acc_0028,2026-05-07,177.34,groceries,card_present,IE,False,
t001622,acc_0031,2026-05-07,21.67,restaurants,online_banking,IE,False,
t001716,acc_0033,2026-05-07,40.13,transfer,card_present,IE,False,
t001793,acc_0034,2026-05-07,284.82,fuel,mobile_app,IE,False,
t001872,acc_0035,2026-05-07,59.75,electronics,mobile_app,IE,False,
t002020,acc_0040,2026-05-07,271.78,restaurants,card_not_present,IE,False,
t002125,acc_0044,2026-05-07,35.92,fuel,card_not_present,IE,False,
t002215,acc_0045,2026-05-07,55.26,utilities,card_present,IE,False,
t002309,acc_0047,2026-05-07,251.55,groceries,card_present,IE,False,
t002381,acc_0049,2026-05-07,87.22,pharmacy,card_not_present,IE,False,
t002433,acc_0050,2026-05-07,10.32,online retail,card_not_present,IE,False,
t002561,acc_0052,2026-05-07,20.7,utilities,card_not_present,IE,False,
t002610,acc_0053,2026-05-07,12.63,pharmacy,mobile_app,IE,False,
t002676,acc_0054,2026-05-07,11.03,transfer,card_present,IE,False,
t002824,acc_0057,2026-05-07,678.94,online retail,card_not_present,IE,False,
t002914,acc_0058,2026-05-07,172.0,fuel,online_banking,IE,False,
t003059,acc_0060,2026-05-07,200.74,transfer,mobile_app,IE,False,
t003134,acc_0061,2026-05-07,172.9,travel,card_not_present,IE,False,
t003224,acc_0062,2026-05-07,159.49,groceries,card_not_present,IE,False,
t003314,acc_0063,2026-05-07,215.41,fuel,online_banking,IE,False,
t003447,acc_0065,2026-05-07,28.18,restaurants,online_banking,IE,False,
t003529,acc_0066,2026-05-07,69.84,groceries,mobile_app,IE,False,
t003598,acc_0067,2026-05-07,32.99,groceries,mobile_app,IE,False,
t003688,acc_0068,2026-05-07,81.03,fuel,card_present,IE,False,
t003860,acc_0071,2026-05-07,40.1,electronics,online_banking,IE,False,
t003962,acc_0073,2026-05-07,168.24,transfer,card_not_present,IE,False,
t004040,acc_0075,2026-05-07,460.39,restaurants,card_not_present,IE,False,
t004101,acc_0076,2026-05-07,363.52,fuel,online_banking,IE,False,
t004126,acc_0077,2026-05-07,128.27,travel,online_banking,IE,False,
t004197,acc_0080,2026-05-07,47.6,online retail,card_present,IE,False,
t004250,acc_0081,2026-05-07,329.52,online retail,card_present,IE,False,
t004357,acc_0083,2026-05-07,76.93,online retail,card_not_present,IE,False,
t004508,acc_0086,2026-05-07,326.95,electronics,card_present,IE,False,
t004592,acc_0087,2026-05-07,52.02,utilities,card_not_present,IE,False,
t004666,acc_0088,2026-05-07,120.15,groceries,mobile_app,IE,False,
t004756,acc_0089,2026-05-07,12.5,transfer,card_not_present,IE,False,
t004838,acc_0090,2026-05-07,61.01,pharmacy,card_present,IE,False,
t004993,acc_0095,2026-05-07,48.24,pharmacy,online_banking,IE,False,
t005091,acc_0097,2026-05-07,10.02,groceries,card_not_present,IE,False,
t005183,acc_0099,2026-05-07,116.84,fuel,online_banking,IE,False,
t005253,acc_0100,2026-05-07,204.65,travel,card_present,IE,False,
t005296,acc_0101,2026-05-07,34.97,groceries,card_present,IE,False,
t005416,acc_0103,2026-05-07,111.06,transfer,card_present,IE,False,
t005567,acc_0105,2026-05-07,151.5,electronics,card_present,IE,False,
t005798,acc_0110,2026-05-07,27.42,online retail,card_present,IE,False,
t005881,acc_0111,2026-05-07,276.94,travel,mobile_app,IE,False,
t005992,acc_0113,2026-05-07,123.49,online retail,card_not_present,IE,False,
t006186,acc_0117,2026-05-07,110.57,groceries,card_present,IE,False,
t006241,acc_0118,2026-05-07,131.99,electronics,mobile_app,IE,False,
t006321,acc_0120,2026-05-07,14.28,electronics,mobile_app,IE,False,
t006434,acc_0122,2026-05-07,39.22,fuel,online_banking,IE,False,
t006516,acc_0123,2026-05-07,59.71,online retail,online_banking,IE,False,
t006658,acc_0126,2026-05-07,28.92,utilities,mobile_app,IE,False,
t006734,acc_0127,2026-05-07,76.5,travel,card_not_present,IE,False,
t006809,acc_0128,2026-05-07,21.03,restaurants,mobile_app,IE,False,
t006951,acc_0131,2026-05-07,64.87,travel,card_present,IE,False,
t007032,acc_0132,2026-05-07,347.55,restaurants,mobile_app,IE,False,
t007132,acc_0135,2026-05-07,233.67,transfer,online_banking,IE,False,
t007189,acc_0136,2026-05-07,24.37,electronics,card_present,IE,False,
t007260,acc_0137,2026-05-07,76.65,utilities,online_banking,IE,False,
t007324,acc_0139,2026-05-07,23.51,electronics,card_present,IE,False,
t007389,acc_0140,2026-05-07,313.36,restaurants,online_banking,IE,False,
t007498,acc_0142,2026-05-07,276.27,groceries,mobile_app,IE,False,
t007674,acc_0147,2026-05-07,12.64,fuel,mobile_app,IE,False,
t007751,acc_0148,2026-05-07,72.64,transfer,mobile_app,IE,False,
t007824,acc_0149,2026-05-07,240.71,groceries,online_banking,IE,False,
t007886,acc_0150,2026-05-07,29.86,electronics,card_not_present,IE,False,
t007984,acc_0154,2026-05-07,27.69,utilities,card_not_present,IE,False,
t008088,acc_0156,2026-05-07,51.38,online retail,online_banking,IE,False,
t008143,acc_0157,2026-05-07,150.21,groceries,online_banking,IE,False,
t008222,acc_0158,2026-05-07,31.17,transfer,mobile_app,IE,False,
t008285,acc_0159,2026-05-07,10.54,pharmacy,mobile_app,IE,False,
t008400,acc_0161,2026-05-07,162.09,fuel,online_banking,IE,False,
t008463,acc_0162,2026-05-07,41.05,pharmacy,card_present,IE,False,
t008615,acc_0165,2026-05-07,26.26,restaurants,card_not_present,IE,False,
t008690,acc_0166,2026-05-07,27.61,utilities,card_not_present,IE,False,
t008802,acc_0168,2026-05-07,49.64,online retail,card_present,IE,False,
t008922,acc_0170,2026-05-07,68.09,fuel,card_present,IE,False,
t009012,acc_0171,2026-05-07,82.49,travel,card_present,IE,False,
t009102,acc_0172,2026-05-07,97.98,travel,card_present,IE,False,
t009172,acc_0173,2026-05-07,22.66,restaurants,mobile_app,IE,False,
t009228,acc_0174,2026-05-07,35.58,transfer,online_banking,IE,False,
t009385,acc_0176,2026-05-07,221.08,groceries,online_banking,IE,False,
t009530,acc_0178,2026-05-07,25.44,online retail,card_not_present,IE,False,
t009735,acc_0181,2026-05-07,26.86,transfer,online_banking,IE,False,
t009825,acc_0182,2026-05-07,263.07,groceries,mobile_app,IE,False,
t009966,acc_0186,2026-05-07,35.61,online retail,card_present,IE,False,
t010088,acc_0189,2026-05-07,349.73,utilities,online_banking,IE,False,
t010178,acc_0190,2026-05-07,62.43,pharmacy,online_banking,IE,False,
t010258,acc_0192,2026-05-07,26.37,transfer,card_present,IE,False,
t010293,acc_0193,2026-05-07,272.98,online retail,mobile_app,IE,False,
t010348,acc_0194,2026-05-07,344.66,utilities,mobile_app,IE,False,
t010401,acc_0195,2026-05-07,147.86,restaurants,card_present,IE,False,
t010451,acc_0196,2026-05-07,31.33,restaurants,online_banking,IE,False,
t010496,acc_0197,2026-05-07,84.26,fuel,online_banking,IE,False,
t010590,acc_0199,2026-05-07,19.04,restaurants,card_not_present,IE,False,
t010764,acc_0054,2026-05-07,66.22,travel,card_present,PH,True,new_country_new_device
t010765,acc_0054,2026-05-07,54.79,travel,card_present,PH,True,new_country_new_device
t010817,acc_0092,2026-05-07,3166.73,electronics,card_not_present,IE,False,amount_spike
t010868,acc_0118,2026-05-07,306.95,travel,card_present,UA,True,new_country_new_device
t010869,acc_0118,2026-05-07,329.13,travel,card_present,NG,True,new_country_new_device
t010899,acc_0128,2026-05-07,316.05,electronics,card_not_present,IE,False,amount_spike
t000018,acc_0000,2026-05-08,27.84,fuel,mobile_app,IE,False,
t000156,acc_0003,2026-05-08,86.42,pharmacy,card_not_present,IE,False,
t000215,acc_0004,2026-05-08,490.93,travel,online_banking,IE,False,
t000257,acc_0005,2026-05-08,43.37,online retail,mobile_app,IE,False,
t000360,acc_0007,2026-05-08,61.89,online retail,card_present,IE,False,
t000415,acc_0008,2026-05-08,90.63,pharmacy,card_present,IE,False,
t000479,acc_0009,2026-05-08,63.95,transfer,online_banking,IE,False,
t000545,acc_0010,2026-05-08,10.57,transfer,mobile_app,IE,False,
t000669,acc_0013,2026-05-08,140.7,groceries,mobile_app,IE,False,
t000744,acc_0014,2026-05-08,8.73,restaurants,card_present,IE,False,
t000847,acc_0016,2026-05-08,34.95,travel,card_present,IE,False,
t000931,acc_0017,2026-05-08,74.36,travel,card_present,IE,False,
t001039,acc_0019,2026-05-08,73.46,restaurants,card_not_present,IE,False,
t001117,acc_0020,2026-05-08,182.18,travel,mobile_app,IE,False,
t001181,acc_0021,2026-05-08,109.09,online retail,card_not_present,IE,False,
t001255,acc_0022,2026-05-08,24.53,restaurants,card_present,IE,False,
t001343,acc_0024,2026-05-08,513.91,electronics,online_banking,IE,False,
t001389,acc_0025,2026-05-08,80.38,pharmacy,mobile_app,IE,False,
t001464,acc_0027,2026-05-08,11.69,transfer,card_not_present,IE,False,
t001509,acc_0028,2026-05-08,63.29,online retail,card_present,IE,False,
t001623,acc_0031,2026-05-08,28.33,restaurants,mobile_app,IE,False,
t001717,acc_0033,2026-05-08,202.58,travel,card_present,IE,False,
t001794,acc_0034,2026-05-08,119.18,travel,online_banking,IE,False,
t001873,acc_0035,2026-05-08,65.9,transfer,card_not_present,IE,False,
t001992,acc_0039,2026-05-08,205.47,pharmacy,mobile_app,IE,False,
t002037,acc_0041,2026-05-08,201.71,utilities,online_banking,IE,False,
t002126,acc_0044,2026-05-08,35.35,pharmacy,online_banking,IE,False,
t002216,acc_0045,2026-05-08,92.13,groceries,card_not_present,IE,False,
t002310,acc_0047,2026-05-08,168.25,online retail,card_not_present,IE,False,
t002382,acc_0049,2026-05-08,55.09,online retail,card_present,IE,False,
t002434,acc_0050,2026-05-08,12.07,groceries,mobile_app,IE,False,
t002611,acc_0053,2026-05-08,38.5,fuel,card_not_present,IE,False,
t002768,acc_0056,2026-05-08,14.29,pharmacy,card_not_present,IE,False,
t002825,acc_0057,2026-05-08,167.97,online retail,card_not_present,IE,False,
t002915,acc_0058,2026-05-08,525.83,fuel,online_banking,IE,False,
t002990,acc_0059,2026-05-08,302.71,fuel,mobile_app,IE,False,
t003060,acc_0060,2026-05-08,41.59,restaurants,card_present,IE,False,
t003135,acc_0061,2026-05-08,123.06,online retail,card_present,IE,False,
t003225,acc_0062,2026-05-08,61.64,utilities,card_present,IE,False,
t003315,acc_0063,2026-05-08,116.73,travel,card_present,IE,False,
t003448,acc_0065,2026-05-08,155.88,electronics,card_not_present,IE,False,
t003599,acc_0067,2026-05-08,25.75,fuel,card_not_present,IE,False,
t003689,acc_0068,2026-05-08,54.53,pharmacy,card_present,IE,False,
t003748,acc_0069,2026-05-08,5.94,pharmacy,card_not_present,IE,False,
t003786,acc_0070,2026-05-08,144.44,restaurants,card_present,IE,False,
t003861,acc_0071,2026-05-08,11.31,restaurants,card_present,IE,False,
t003923,acc_0072,2026-05-08,27.72,online retail,mobile_app,IE,False,
t003963,acc_0073,2026-05-08,97.88,pharmacy,card_not_present,IE,False,
t004002,acc_0074,2026-05-08,38.96,travel,card_present,IE,False,
t004146,acc_0078,2026-05-08,16.14,fuel,card_not_present,IE,False,
t004198,acc_0080,2026-05-08,385.29,online retail,mobile_app,IE,False,
t004251,acc_0081,2026-05-08,49.81,fuel,card_present,IE,False,
t004358,acc_0083,2026-05-08,60.29,travel,card_present,IE,False,
t004450,acc_0085,2026-05-08,345.53,pharmacy,mobile_app,IE,False,
t004509,acc_0086,2026-05-08,92.9,pharmacy,mobile_app,IE,False,
t004667,acc_0088,2026-05-08,108.24,restaurants,mobile_app,IE,False,
t004757,acc_0089,2026-05-08,41.97,utilities,online_banking,IE,False,
t004839,acc_0090,2026-05-08,47.68,pharmacy,card_not_present,IE,False,
t004994,acc_0095,2026-05-08,61.48,restaurants,online_banking,IE,False,
t005129,acc_0098,2026-05-08,19.84,restaurants,card_present,IE,False,
t005184,acc_0099,2026-05-08,122.83,transfer,card_present,IE,False,
t005297,acc_0101,2026-05-08,22.02,travel,card_not_present,IE,False,
t005355,acc_0102,2026-05-08,119.7,fuel,card_not_present,IE,False,
t005417,acc_0103,2026-05-08,107.54,electronics,mobile_app,IE,False,
t005498,acc_0104,2026-05-08,18.07,transfer,mobile_app,IE,False,
t005568,acc_0105,2026-05-08,208.88,pharmacy,online_banking,IE,False,
t005630,acc_0106,2026-05-08,92.33,fuel,online_banking,IE,False,
t005669,acc_0107,2026-05-08,190.27,transfer,card_present,IE,False,
t005718,acc_0108,2026-05-08,25.36,travel,card_present,IE,False,
t005799,acc_0110,2026-05-08,13.02,utilities,card_not_present,IE,False,
t005882,acc_0111,2026-05-08,171.39,transfer,online_banking,IE,False,
t005930,acc_0112,2026-05-08,56.13,pharmacy,online_banking,IE,False,
t005993,acc_0113,2026-05-08,186.56,transfer,card_not_present,IE,False,
t006110,acc_0115,2026-05-08,16.07,electronics,online_banking,IE,False,
t006322,acc_0120,2026-05-08,30.08,transfer,card_not_present,IE,False,
t006373,acc_0121,2026-05-08,31.06,travel,card_not_present,IE,False,
t006435,acc_0122,2026-05-08,30.4,transfer,online_banking,IE,False,
t006517,acc_0123,2026-05-08,181.79,utilities,card_present,IE,False,
t006659,acc_0126,2026-05-08,192.52,pharmacy,card_not_present,IE,False,
t006735,acc_0127,2026-05-08,208.75,utilities,card_present,IE,False,
t006810,acc_0128,2026-05-08,16.02,restaurants,mobile_app,IE,False,
t006869,acc_0129,2026-05-08,89.41,electronics,card_not_present,IE,False,
t006952,acc_0131,2026-05-08,28.43,fuel,card_not_present,IE,False,
t007033,acc_0132,2026-05-08,159.22,transfer,card_not_present,IE,False,
t007083,acc_0133,2026-05-08,83.07,pharmacy,online_banking,IE,False,
t007190,acc_0136,2026-05-08,140.45,fuel,mobile_app,IE,False,
t007390,acc_0140,2026-05-08,208.18,utilities,online_banking,IE,False,
t007499,acc_0142,2026-05-08,328.07,fuel,card_not_present,IE,False,
t007567,acc_0143,2026-05-08,8.49,utilities,online_banking,IE,False,
t007596,acc_0144,2026-05-08,75.16,transfer,card_not_present,IE,False,
t007612,acc_0145,2026-05-08,160.51,online retail,online_banking,IE,False,
t007675,acc_0147,2026-05-08,25.1,travel,card_not_present,IE,False,
t007752,acc_0148,2026-05-08,13.19,online retail,mobile_app,IE,False,
t007825,acc_0149,2026-05-08,48.94,utilities,mobile_app,IE,False,
t007908,acc_0151,2026-05-08,25.7,fuel,card_not_present,IE,False,
t007985,acc_0154,2026-05-08,31.19,utilities,card_not_present,IE,False,
t008144,acc_0157,2026-05-08,116.22,travel,online_banking,IE,False,
t008286,acc_0159,2026-05-08,16.85,fuel,card_present,IE,False,
t008338,acc_0160,2026-05-08,141.86,online retail,card_present,IE,False,
t008401,acc_0161,2026-05-08,408.06,fuel,mobile_app,IE,False,
t008464,acc_0162,2026-05-08,74.01,travel,mobile_app,IE,False,
t008514,acc_0163,2026-05-08,96.23,pharmacy,mobile_app,IE,False,
t008616,acc_0165,2026-05-08,57.66,fuel,online_banking,IE,False,
t008691,acc_0166,2026-05-08,48.75,fuel,card_not_present,IE,False,
t008753,acc_0167,2026-05-08,112.37,travel,online_banking,IE,False,
t008803,acc_0168,2026-05-08,151.13,transfer,card_present,IE,False,
t008864,acc_0169,2026-05-08,106.75,electronics,card_present,IE,False,
t008923,acc_0170,2026-05-08,114.25,fuel,mobile_app,IE,False,
t009013,acc_0171,2026-05-08,43.73,fuel,mobile_app,IE,False,
t009103,acc_0172,2026-05-08,110.65,pharmacy,card_present,IE,False,
t009229,acc_0174,2026-05-08,73.6,electronics,card_not_present,IE,False,
t009309,acc_0175,2026-05-08,76.26,fuel,mobile_app,IE,False,
t009386,acc_0176,2026-05-08,254.74,online retail,online_banking,IE,False,
t009531,acc_0178,2026-05-08,9.48,pharmacy,mobile_app,IE,False,
t009608,acc_0179,2026-05-08,50.54,restaurants,card_not_present,IE,False,
t009659,acc_0180,2026-05-08,42.81,restaurants,card_present,IE,False,
t009736,acc_0181,2026-05-08,35.73,restaurants,card_present,IE,False,
t009826,acc_0182,2026-05-08,45.1,restaurants,card_not_present,IE,False,
t009907,acc_0184,2026-05-08,92.43,travel,card_not_present,IE,False,
t010089,acc_0189,2026-05-08,654.38,transfer,card_present,IE,False,
t010179,acc_0190,2026-05-08,54.02,online retail,card_not_present,IE,False,
t010294,acc_0193,2026-05-08,88.26,restaurants,online_banking,IE,False,
t010452,acc_0196,2026-05-08,25.06,utilities,online_banking,IE,False,
t010497,acc_0197,2026-05-08,43.63,utilities,card_present,IE,False,
t010591,acc_0199,2026-05-08,31.94,electronics,mobile_app,IE,False,
t010777,acc_0063,2026-05-08,980.0,transfer,online_banking,IE,False,threshold_structuring
t010778,acc_0063,2026-05-08,980.0,transfer,online_banking,IE,False,threshold_structuring
t010787,acc_0068,2026-05-08,2662.28,electronics,card_not_present,IE,False,amount_spike
t011018,acc_0170,2026-05-08,141.94,travel,card_present,NG,True,new_country_new_device
t011019,acc_0170,2026-05-08,197.21,travel,card_present,BR,True,new_country_new_device
t000061,acc_0001,2026-05-09,315.37,fuel,card_not_present,IE,False,
t000107,acc_0002,2026-05-09,51.26,restaurants,online_banking,IE,False,
t000157,acc_0003,2026-05-09,63.75,electronics,mobile_app,IE,False,
t000258,acc_0005,2026-05-09,50.41,transfer,mobile_app,IE,False,
t000313,acc_0006,2026-05-09,163.83,restaurants,card_not_present,IE,False,
t000361,acc_0007,2026-05-09,119.84,groceries,card_not_present,IE,False,
t000416,acc_0008,2026-05-09,590.79,online retail,card_not_present,IE,False,
t000480,acc_0009,2026-05-09,79.22,fuel,card_not_present,IE,False,
t000670,acc_0013,2026-05-09,110.55,online retail,card_not_present,IE,False,
t000745,acc_0014,2026-05-09,21.91,groceries,card_present,IE,False,
t000848,acc_0016,2026-05-09,106.49,utilities,card_not_present,IE,False,
t001040,acc_0019,2026-05-09,110.81,transfer,card_present,IE,False,
t001118,acc_0020,2026-05-09,292.91,transfer,card_not_present,IE,False,
t001182,acc_0021,2026-05-09,78.34,online retail,card_present,IE,False,
t001256,acc_0022,2026-05-09,23.91,groceries,card_present,IE,False,
t001390,acc_0025,2026-05-09,67.44,restaurants,online_banking,IE,False,
t001465,acc_0027,2026-05-09,29.99,transfer,mobile_app,IE,False,
t001624,acc_0031,2026-05-09,61.47,groceries,online_banking,IE,False,
t001718,acc_0033,2026-05-09,113.04,online retail,mobile_app,IE,False,
t001795,acc_0034,2026-05-09,82.46,transfer,card_not_present,IE,False,
t001959,acc_0038,2026-05-09,90.59,transfer,card_present,IE,False,
t002038,acc_0041,2026-05-09,78.63,groceries,card_present,IE,False,
t002127,acc_0044,2026-05-09,19.39,fuel,mobile_app,IE,False,
t002217,acc_0045,2026-05-09,72.07,transfer,card_present,IE,False,
t002311,acc_0047,2026-05-09,164.95,transfer,card_not_present,IE,False,
t002383,acc_0049,2026-05-09,131.8,pharmacy,card_present,IE,False,
t002435,acc_0050,2026-05-09,20.03,pharmacy,mobile_app,IE,False,
t002508,acc_0051,2026-05-09,129.72,restaurants,card_present,IE,False,
t002562,acc_0052,2026-05-09,14.04,travel,card_not_present,IE,False,
t002612,acc_0053,2026-05-09,12.46,pharmacy,card_not_present,IE,False,
t002677,acc_0054,2026-05-09,16.23,restaurants,card_present,IE,False,
t002826,acc_0057,2026-05-09,216.07,transfer,card_present,IE,False,
t002916,acc_0058,2026-05-09,569.76,online retail,mobile_app,IE,False,
t002991,acc_0059,2026-05-09,221.0,electronics,mobile_app,IE,False,
t003061,acc_0060,2026-05-09,89.04,fuel,card_not_present,IE,False,
t003136,acc_0061,2026-05-09,108.51,transfer,card_not_present,IE,False,
t003226,acc_0062,2026-05-09,154.87,groceries,online_banking,IE,False,
t003316,acc_0063,2026-05-09,321.54,utilities,card_present,IE,False,
t003383,acc_0064,2026-05-09,231.48,online retail,online_banking,IE,False,
t003449,acc_0065,2026-05-09,119.4,groceries,card_present,IE,False,
t003600,acc_0067,2026-05-09,55.3,transfer,online_banking,IE,False,
t003690,acc_0068,2026-05-09,72.42,groceries,online_banking,IE,False,
t003787,acc_0070,2026-05-09,81.85,electronics,mobile_app,IE,False,
t003862,acc_0071,2026-05-09,11.64,transfer,card_present,IE,False,
t003964,acc_0073,2026-05-09,334.48,utilities,card_present,IE,False,
t004041,acc_0075,2026-05-09,265.22,groceries,mobile_app,IE,False,
t004127,acc_0077,2026-05-09,87.38,travel,card_present,IE,False,
t004252,acc_0081,2026-05-09,73.03,travel,card_not_present,IE,False,
t004359,acc_0083,2026-05-09,343.49,utilities,card_present,IE,False,
t004451,acc_0085,2026-05-09,252.06,fuel,online_banking,IE,False,
t004510,acc_0086,2026-05-09,60.56,electronics,card_not_present,IE,False,
t004668,acc_0088,2026-05-09,40.49,utilities,mobile_app,IE,False,
t004758,acc_0089,2026-05-09,28.93,travel,mobile_app,IE,False,
t004903,acc_0092,2026-05-09,207.07,groceries,mobile_app,IE,False,
t004995,acc_0095,2026-05-09,21.22,online retail,online_banking,IE,False,
t005130,acc_0098,2026-05-09,30.23,online retail,online_banking,IE,False,
t005185,acc_0099,2026-05-09,33.22,electronics,card_present,IE,False,
t005298,acc_0101,2026-05-09,14.39,transfer,mobile_app,IE,False,
t005418,acc_0103,2026-05-09,70.26,electronics,card_not_present,IE,False,
t005499,acc_0104,2026-05-09,19.05,travel,online_banking,IE,False,
t005569,acc_0105,2026-05-09,214.1,utilities,mobile_app,IE,False,
t005719,acc_0108,2026-05-09,12.12,pharmacy,card_present,IE,False,
t005752,acc_0109,2026-05-09,15.35,transfer,online_banking,IE,False,
t005800,acc_0110,2026-05-09,9.81,restaurants,card_present,IE,False,
t005883,acc_0111,2026-05-09,52.07,transfer,online_banking,IE,False,
t005931,acc_0112,2026-05-09,26.13,utilities,card_not_present,IE,False,
t005994,acc_0113,2026-05-09,573.78,groceries,card_present,IE,False,
t006145,acc_0116,2026-05-09,87.14,groceries,card_present,IE,False,
t006187,acc_0117,2026-05-09,45.32,restaurants,online_banking,IE,False,
t006242,acc_0118,2026-05-09,121.15,utilities,online_banking,IE,False,
t006436,acc_0122,2026-05-09,23.17,groceries,mobile_app,IE,False,
t006518,acc_0123,2026-05-09,31.19,fuel,card_not_present,IE,False,
t006571,acc_0124,2026-05-09,265.81,fuel,card_not_present,IE,False,
t006660,acc_0126,2026-05-09,70.43,groceries,card_present,IE,False,
t006811,acc_0128,2026-05-09,16.22,fuel,card_not_present,IE,False,
t006901,acc_0130,2026-05-09,131.22,travel,card_present,IE,False,
t006953,acc_0131,2026-05-09,79.53,travel,mobile_app,IE,False,
t007034,acc_0132,2026-05-09,438.2,electronics,mobile_app,IE,False,
t007084,acc_0133,2026-05-09,336.01,utilities,mobile_app,IE,False,
t007110,acc_0134,2026-05-09,14.51,electronics,card_present,IE,False,
t007191,acc_0136,2026-05-09,40.53,online retail,card_present,IE,False,
t007325,acc_0139,2026-05-09,149.92,pharmacy,mobile_app,IE,False,
t007391,acc_0140,2026-05-09,432.56,online retail,card_present,IE,False,
t007500,acc_0142,2026-05-09,256.13,electronics,card_not_present,IE,False,
t007613,acc_0145,2026-05-09,192.38,transfer,mobile_app,IE,False,
t007630,acc_0146,2026-05-09,383.35,travel,mobile_app,IE,False,
t007676,acc_0147,2026-05-09,22.05,electronics,mobile_app,IE,False,
t007826,acc_0149,2026-05-09,81.46,transfer,online_banking,IE,False,
t007958,acc_0153,2026-05-09,25.96,utilities,mobile_app,IE,False,
t007986,acc_0154,2026-05-09,53.25,electronics,card_present,IE,False,
t008045,acc_0155,2026-05-09,270.72,travel,card_present,IE,False,
t008145,acc_0157,2026-05-09,169.25,groceries,card_present,IE,False,
t008223,acc_0158,2026-05-09,19.7,restaurants,card_present,IE,False,
t008402,acc_0161,2026-05-09,143.91,transfer,card_not_present,IE,False,
t008465,acc_0162,2026-05-09,43.67,transfer,mobile_app,IE,False,
t008515,acc_0163,2026-05-09,144.92,fuel,online_banking,IE,False,
t008692,acc_0166,2026-05-09,44.72,groceries,card_not_present,IE,False,
t008804,acc_0168,2026-05-09,115.56,transfer,mobile_app,IE,False,
t008924,acc_0170,2026-05-09,131.31,pharmacy,mobile_app,IE,False,
t009014,acc_0171,2026-05-09,34.53,restaurants,mobile_app,IE,False,
t009104,acc_0172,2026-05-09,70.49,transfer,card_present,IE,False,
t009173,acc_0173,2026-05-09,53.75,fuel,online_banking,IE,False,
t009230,acc_0174,2026-05-09,33.17,pharmacy,online_banking,IE,False,
t009310,acc_0175,2026-05-09,47.0,fuel,mobile_app,IE,False,
t009387,acc_0176,2026-05-09,355.76,transfer,mobile_app,IE,False,
t009532,acc_0178,2026-05-09,22.6,utilities,card_present,IE,False,
t009737,acc_0181,2026-05-09,135.96,travel,mobile_app,IE,False,
t009827,acc_0182,2026-05-09,54.84,transfer,card_present,IE,False,
t010003,acc_0187,2026-05-09,75.18,electronics,mobile_app,IE,False,
t010031,acc_0188,2026-05-09,18.25,transfer,online_banking,IE,False,
t010090,acc_0189,2026-05-09,144.57,utilities,mobile_app,IE,False,
t010180,acc_0190,2026-05-09,30.75,online retail,card_not_present,IE,False,
t010295,acc_0193,2026-05-09,105.86,transfer,card_not_present,IE,False,
t010349,acc_0194,2026-05-09,149.87,online retail,card_not_present,IE,False,
t010402,acc_0195,2026-05-09,88.25,travel,card_present,IE,False,
t010453,acc_0196,2026-05-09,17.68,groceries,card_not_present,IE,False,
t010498,acc_0197,2026-05-09,38.69,transfer,card_present,IE,False,
t010543,acc_0198,2026-05-09,442.36,restaurants,online_banking,IE,False,
t010592,acc_0199,2026-05-09,26.55,online retail,mobile_app,IE,False,
t010779,acc_0063,2026-05-09,985.0,transfer,online_banking,IE,False,threshold_structuring
t010780,acc_0063,2026-05-09,990.0,transfer,online_banking,IE,False,threshold_structuring
t010816,acc_0088,2026-05-09,1441.89,electronics,card_not_present,IE,False,amount_spike
t000158,acc_0003,2026-05-10,68.66,pharmacy,card_not_present,IE,False,
t000259,acc_0005,2026-05-10,56.22,travel,card_present,IE,False,
t000314,acc_0006,2026-05-10,147.82,fuel,card_not_present,IE,False,
t000362,acc_0007,2026-05-10,161.25,utilities,card_present,IE,False,
t000417,acc_0008,2026-05-10,141.86,online retail,mobile_app,IE,False,
t000481,acc_0009,2026-05-10,52.32,pharmacy,mobile_app,IE,False,
t000671,acc_0013,2026-05-10,137.66,pharmacy,online_banking,IE,False,
t000746,acc_0014,2026-05-10,34.91,transfer,online_banking,IE,False,
t000849,acc_0016,2026-05-10,24.07,transfer,card_not_present,IE,False,
t000932,acc_0017,2026-05-10,177.95,electronics,mobile_app,IE,False,
t001041,acc_0019,2026-05-10,133.54,groceries,online_banking,IE,False,
t001119,acc_0020,2026-05-10,121.33,fuel,mobile_app,IE,False,
t001183,acc_0021,2026-05-10,140.21,groceries,card_present,IE,False,
t001257,acc_0022,2026-05-10,84.13,travel,card_present,IE,False,
t001344,acc_0024,2026-05-10,53.02,restaurants,mobile_app,IE,False,
t001466,acc_0027,2026-05-10,20.8,utilities,card_present,IE,False,
t001625,acc_0031,2026-05-10,52.6,groceries,online_banking,IE,False,
t001681,acc_0032,2026-05-10,231.33,utilities,mobile_app,IE,False,
t001796,acc_0034,2026-05-10,94.72,online retail,online_banking,IE,False,
t001874,acc_0035,2026-05-10,14.1,utilities,mobile_app,IE,False,
t001993,acc_0039,2026-05-10,110.99,utilities,card_present,IE,False,
t002021,acc_0040,2026-05-10,390.88,transfer,card_not_present,IE,False,
t002061,acc_0042,2026-05-10,26.89,travel,card_present,IE,False,
t002128,acc_0044,2026-05-10,19.78,electronics,card_present,IE,False,
t002218,acc_0045,2026-05-10,74.3,travel,online_banking,IE,False,
t002312,acc_0047,2026-05-10,145.48,fuel,online_banking,IE,False,
t002436,acc_0050,2026-05-10,27.72,electronics,card_not_present,IE,False,
t002509,acc_0051,2026-05-10,244.98,travel,card_not_present,IE,False,
t002563,acc_0052,2026-05-10,14.92,travel,card_present,IE,False,
t002613,acc_0053,2026-05-10,31.44,groceries,mobile_app,IE,False,
t002678,acc_0054,2026-05-10,9.46,groceries,online_banking,IE,False,
t002734,acc_0055,2026-05-10,223.43,travel,card_not_present,IE,False,
t002769,acc_0056,2026-05-10,23.78,fuel,online_banking,IE,False,
t002827,acc_0057,2026-05-10,203.38,travel,online_banking,IE,False,
t002917,acc_0058,2026-05-10,635.5,travel,card_not_present,IE,False,
t002992,acc_0059,2026-05-10,162.42,fuel,card_not_present,IE,False,
t003062,acc_0060,2026-05-10,84.68,fuel,card_present,IE,False,
t003137,acc_0061,2026-05-10,90.26,electronics,online_banking,IE,False,
t003227,acc_0062,2026-05-10,258.13,utilities,online_banking,IE,False,
t003317,acc_0063,2026-05-10,482.17,fuel,card_present,IE,False,
t003450,acc_0065,2026-05-10,69.75,online retail,online_banking,IE,False,
t003530,acc_0066,2026-05-10,64.57,utilities,card_present,IE,False,
t003601,acc_0067,2026-05-10,30.54,restaurants,card_not_present,IE,False,
t003691,acc_0068,2026-05-10,176.28,fuel,card_present,IE,False,
t003788,acc_0070,2026-05-10,185.09,travel,online_banking,IE,False,
t003863,acc_0071,2026-05-10,16.53,restaurants,mobile_app,IE,False,
t003965,acc_0073,2026-05-10,96.69,utilities,card_present,IE,False,
t004253,acc_0081,2026-05-10,102.97,online retail,mobile_app,IE,False,
t004452,acc_0085,2026-05-10,183.97,electronics,card_not_present,IE,False,
t004511,acc_0086,2026-05-10,254.55,electronics,card_not_present,IE,False,
t004593,acc_0087,2026-05-10,53.51,travel,online_banking,IE,False,
t004669,acc_0088,2026-05-10,29.2,transfer,card_not_present,IE,False,
t004759,acc_0089,2026-05-10,22.57,utilities,mobile_app,IE,False,
t004904,acc_0092,2026-05-10,296.39,restaurants,card_not_present,IE,False,
t004947,acc_0094,2026-05-10,16.28,groceries,online_banking,IE,False,
t004996,acc_0095,2026-05-10,63.56,transfer,card_present,IE,False,
t005060,acc_0096,2026-05-10,30.69,restaurants,online_banking,IE,False,
t005092,acc_0097,2026-05-10,41.38,travel,card_present,IE,False,
t005186,acc_0099,2026-05-10,64.92,electronics,mobile_app,IE,False,
t005254,acc_0100,2026-05-10,201.28,groceries,card_present,IE,False,
t005299,acc_0101,2026-05-10,18.33,transfer,mobile_app,IE,False,
t005419,acc_0103,2026-05-10,42.87,transfer,card_not_present,IE,False,
t005570,acc_0105,2026-05-10,145.17,fuel,online_banking,IE,False,
t005720,acc_0108,2026-05-10,27.65,restaurants,card_not_present,IE,False,
t005801,acc_0110,2026-05-10,16.83,electronics,card_present,IE,False,
t005884,acc_0111,2026-05-10,185.95,groceries,mobile_app,IE,False,
t005932,acc_0112,2026-05-10,52.45,groceries,online_banking,IE,False,
t005995,acc_0113,2026-05-10,233.56,restaurants,mobile_app,IE,False,
t006071,acc_0114,2026-05-10,31.22,fuel,mobile_app,IE,False,
t006111,acc_0115,2026-05-10,43.9,groceries,card_present,IE,False,
t006243,acc_0118,2026-05-10,233.81,transfer,card_present,IE,False,
t006323,acc_0120,2026-05-10,10.52,transfer,card_not_present,IE,False,
t006437,acc_0122,2026-05-10,17.14,groceries,card_not_present,IE,False,
t006519,acc_0123,2026-05-10,35.04,fuel,card_not_present,IE,False,
t006661,acc_0126,2026-05-10,33.35,electronics,card_present,IE,False,
t006812,acc_0128,2026-05-10,19.2,travel,online_banking,IE,False,
t006954,acc_0131,2026-05-10,88.27,utilities,card_present,IE,False,
t007035,acc_0132,2026-05-10,77.69,electronics,card_not_present,IE,False,
t007085,acc_0133,2026-05-10,231.38,groceries,card_not_present,IE,False,
t007192,acc_0136,2026-05-10,61.95,restaurants,card_not_present,IE,False,
t007326,acc_0139,2026-05-10,108.29,pharmacy,mobile_app,IE,False,
t007501,acc_0142,2026-05-10,311.99,transfer,mobile_app,IE,False,
t007677,acc_0147,2026-05-10,23.38,pharmacy,card_present,IE,False,
t007753,acc_0148,2026-05-10,27.89,groceries,mobile_app,IE,False,
t007827,acc_0149,2026-05-10,236.19,transfer,card_not_present,IE,False,
t007909,acc_0151,2026-05-10,13.3,restaurants,online_banking,IE,False,
t008046,acc_0155,2026-05-10,148.55,utilities,mobile_app,IE,False,
t008089,acc_0156,2026-05-10,42.33,travel,online_banking,IE,False,
t008146,acc_0157,2026-05-10,300.0,groceries,card_not_present,IE,False,
t008224,acc_0158,2026-05-10,20.89,utilities,card_present,IE,False,
t008287,acc_0159,2026-05-10,59.62,restaurants,online_banking,IE,False,
t008339,acc_0160,2026-05-10,247.18,travel,mobile_app,IE,False,
t008403,acc_0161,2026-05-10,102.33,pharmacy,online_banking,IE,False,
t008466,acc_0162,2026-05-10,44.24,groceries,card_present,IE,False,
t008516,acc_0163,2026-05-10,257.57,groceries,online_banking,IE,False,
t008561,acc_0164,2026-05-10,84.6,travel,card_not_present,IE,False,
t008617,acc_0165,2026-05-10,21.3,utilities,card_present,IE,False,
t008693,acc_0166,2026-05-10,28.16,fuel,online_banking,IE,False,
t008805,acc_0168,2026-05-10,94.17,utilities,card_not_present,IE,False,
t008925,acc_0170,2026-05-10,312.29,transfer,online_banking,IE,False,
t009015,acc_0171,2026-05-10,43.7,restaurants,card_not_present,IE,False,
t009105,acc_0172,2026-05-10,159.66,travel,card_not_present,IE,False,
t009174,acc_0173,2026-05-10,22.13,utilities,mobile_app,IE,False,
t009231,acc_0174,2026-05-10,75.54,restaurants,mobile_app,IE,False,
t009311,acc_0175,2026-05-10,52.81,groceries,card_present,IE,False,
t009388,acc_0176,2026-05-10,281.28,transfer,online_banking,IE,False,
t009533,acc_0178,2026-05-10,20.64,electronics,card_not_present,IE,False,
t009609,acc_0179,2026-05-10,45.03,transfer,card_present,IE,False,
t009660,acc_0180,2026-05-10,28.83,groceries,card_not_present,IE,False,
t009738,acc_0181,2026-05-10,91.07,online retail,mobile_app,IE,False,
t009828,acc_0182,2026-05-10,71.86,travel,card_present,IE,False,
t009884,acc_0183,2026-05-10,26.64,transfer,card_not_present,IE,False,
t009932,acc_0185,2026-05-10,82.85,online retail,mobile_app,IE,False,
t010032,acc_0188,2026-05-10,36.29,utilities,online_banking,IE,False,
t010091,acc_0189,2026-05-10,582.49,travel,card_present,IE,False,
t010181,acc_0190,2026-05-10,114.89,electronics,card_present,IE,False,
t010240,acc_0191,2026-05-10,81.5,transfer,card_present,IE,False,
t010296,acc_0193,2026-05-10,272.03,utilities,mobile_app,IE,False,
t010350,acc_0194,2026-05-10,475.13,online retail,mobile_app,IE,False,
t010403,acc_0195,2026-05-10,136.35,pharmacy,card_present,IE,False,
t010781,acc_0063,2026-05-10,985.0,transfer,online_banking,IE,False,threshold_structuring
t010802,acc_0080,2026-05-10,2147.5,electronics,card_not_present,IE,False,amount_spike
t011003,acc_0164,2026-05-10,2928.75,electronics,card_not_present,IE,False,amount_spike
t000019,acc_0000,2026-05-11,25.43,pharmacy,card_present,IE,False,
t000062,acc_0001,2026-05-11,96.8,utilities,card_present,IE,False,
t000108,acc_0002,2026-05-11,97.49,utilities,online_banking,IE,False,
t000159,acc_0003,2026-05-11,101.32,transfer,card_not_present,IE,False,
t000260,acc_0005,2026-05-11,48.0,online retail,card_present,IE,False,
t000363,acc_0007,2026-05-11,90.74,transfer,card_not_present,IE,False,
t000482,acc_0009,2026-05-11,40.37,fuel,online_banking,IE,False,
t000623,acc_0012,2026-05-11,34.84,restaurants,card_not_present,IE,False,
t000672,acc_0013,2026-05-11,95.6,restaurants,mobile_app,IE,False,
t000747,acc_0014,2026-05-11,44.05,electronics,card_present,IE,False,
t000850,acc_0016,2026-05-11,102.43,utilities,online_banking,IE,False,
t000933,acc_0017,2026-05-11,144.95,travel,online_banking,IE,False,
t000980,acc_0018,2026-05-11,114.42,online retail,online_banking,IE,False,
t001042,acc_0019,2026-05-11,114.18,fuel,card_present,IE,False,
t001120,acc_0020,2026-05-11,210.77,electronics,card_not_present,IE,False,
t001258,acc_0022,2026-05-11,8.94,restaurants,card_present,IE,False,
t001345,acc_0024,2026-05-11,201.8,groceries,card_present,IE,False,
t001391,acc_0025,2026-05-11,154.01,online retail,mobile_app,IE,False,
t001467,acc_0027,2026-05-11,25.31,online retail,mobile_app,IE,False,
t001510,acc_0028,2026-05-11,117.88,restaurants,mobile_app,IE,False,
t001626,acc_0031,2026-05-11,41.32,transfer,card_not_present,IE,False,
t001682,acc_0032,2026-05-11,106.84,online retail,card_present,IE,False,
t001797,acc_0034,2026-05-11,366.44,restaurants,card_not_present,IE,False,
t002039,acc_0041,2026-05-11,386.88,travel,mobile_app,IE,False,
t002062,acc_0042,2026-05-11,107.92,fuel,online_banking,IE,False,
t002129,acc_0044,2026-05-11,38.37,transfer,card_not_present,IE,False,
t002219,acc_0045,2026-05-11,305.85,restaurants,online_banking,IE,False,
t002313,acc_0047,2026-05-11,112.7,transfer,card_not_present,IE,False,
t002437,acc_0050,2026-05-11,26.52,utilities,online_banking,IE,False,
t002510,acc_0051,2026-05-11,273.01,utilities,card_not_present,IE,False,
t002614,acc_0053,2026-05-11,36.8,transfer,card_present,IE,False,
t002679,acc_0054,2026-05-11,7.7,restaurants,card_present,IE,False,
t002828,acc_0057,2026-05-11,81.16,online retail,mobile_app,IE,False,
t002918,acc_0058,2026-05-11,362.45,online retail,mobile_app,IE,False,
t002993,acc_0059,2026-05-11,250.16,fuel,mobile_app,IE,False,
t003063,acc_0060,2026-05-11,127.2,groceries,mobile_app,IE,False,
t003138,acc_0061,2026-05-11,167.92,groceries,online_banking,IE,False,
t003228,acc_0062,2026-05-11,130.52,fuel,mobile_app,IE,False,
t003318,acc_0063,2026-05-11,139.27,travel,card_not_present,IE,False,
t003384,acc_0064,2026-05-11,89.01,online retail,card_not_present,IE,False,
t003451,acc_0065,2026-05-11,54.55,transfer,online_banking,IE,False,
t003531,acc_0066,2026-05-11,31.92,utilities,mobile_app,IE,False,
t003602,acc_0067,2026-05-11,50.7,travel,card_not_present,IE,False,
t003692,acc_0068,2026-05-11,151.31,electronics,mobile_app,IE,False,
t003864,acc_0071,2026-05-11,32.56,electronics,online_banking,IE,False,
t003924,acc_0072,2026-05-11,192.46,utilities,card_not_present,IE,False,
t004042,acc_0075,2026-05-11,241.41,restaurants,card_present,IE,False,
t004254,acc_0081,2026-05-11,48.79,restaurants,mobile_app,IE,False,
t004512,acc_0086,2026-05-11,103.22,online retail,card_not_present,IE,False,
t004594,acc_0087,2026-05-11,112.39,pharmacy,card_not_present,IE,False,
t004670,acc_0088,2026-05-11,66.28,fuel,online_banking,IE,False,
t004760,acc_0089,2026-05-11,27.21,groceries,card_present,IE,False,
t004997,acc_0095,2026-05-11,24.9,electronics,card_present,IE,False,
t005187,acc_0099,2026-05-11,53.23,transfer,online_banking,IE,False,
t005300,acc_0101,2026-05-11,20.17,restaurants,mobile_app,IE,False,
t005356,acc_0102,2026-05-11,53.56,fuel,card_not_present,IE,False,
t005420,acc_0103,2026-05-11,213.09,groceries,card_not_present,IE,False,
t005500,acc_0104,2026-05-11,20.46,groceries,card_not_present,IE,False,
t005571,acc_0105,2026-05-11,218.32,groceries,online_banking,IE,False,
t005670,acc_0107,2026-05-11,75.78,fuel,card_not_present,IE,False,
t005753,acc_0109,2026-05-11,18.01,restaurants,mobile_app,IE,False,
t005802,acc_0110,2026-05-11,29.0,travel,card_present,IE,False,
t005996,acc_0113,2026-05-11,149.14,travel,card_present,IE,False,
t006072,acc_0114,2026-05-11,20.15,online retail,mobile_app,IE,False,
t006244,acc_0118,2026-05-11,96.49,electronics,online_banking,IE,False,
t006438,acc_0122,2026-05-11,46.12,electronics,online_banking,IE,False,
t006520,acc_0123,2026-05-11,27.15,restaurants,online_banking,IE,False,
t006572,acc_0124,2026-05-11,488.75,utilities,mobile_app,IE,False,
t006662,acc_0126,2026-05-11,64.04,online retail,card_present,IE,False,
t006736,acc_0127,2026-05-11,91.72,electronics,online_banking,IE,False,
t006813,acc_0128,2026-05-11,34.21,utilities,mobile_app,IE,False,
t006955,acc_0131,2026-05-11,23.09,fuel,online_banking,IE,False,
t007193,acc_0136,2026-05-11,37.13,travel,card_present,IE,False,
t007261,acc_0137,2026-05-11,31.59,fuel,mobile_app,IE,False,
t007392,acc_0140,2026-05-11,232.66,restaurants,card_not_present,IE,False,
t007502,acc_0142,2026-05-11,187.03,travel,online_banking,IE,False,
t007678,acc_0147,2026-05-11,56.06,fuel,card_not_present,IE,False,
t007754,acc_0148,2026-05-11,55.7,groceries,online_banking,IE,False,
t007828,acc_0149,2026-05-11,99.8,restaurants,card_not_present,IE,False,
t008147,acc_0157,2026-05-11,320.64,travel,online_banking,IE,False,
t008225,acc_0158,2026-05-11,11.64,online retail,card_present,IE,False,
t008340,acc_0160,2026-05-11,365.96,fuel,mobile_app,IE,False,
t008404,acc_0161,2026-05-11,157.8,fuel,mobile_app,IE,False,
t008467,acc_0162,2026-05-11,132.36,groceries,mobile_app,IE,False,
t008517,acc_0163,2026-05-11,275.54,fuel,mobile_app,IE,False,
t008618,acc_0165,2026-05-11,33.61,utilities,card_present,IE,False,
t008694,acc_0166,2026-05-11,31.31,fuel,online_banking,IE,False,
t008754,acc_0167,2026-05-11,144.87,utilities,online_banking,IE,False,
t008806,acc_0168,2026-05-11,190.64,online retail,card_present,IE,False,
t008926,acc_0170,2026-05-11,313.0,fuel,mobile_app,IE,False,
t009016,acc_0171,2026-05-11,21.54,transfer,mobile_app,IE,False,
t009106,acc_0172,2026-05-11,26.92,utilities,card_not_present,IE,False,
t009232,acc_0174,2026-05-11,135.98,online retail,card_present,IE,False,
t009389,acc_0176,2026-05-11,336.83,groceries,card_present,IE,False,
t009461,acc_0177,2026-05-11,52.82,utilities,card_present,IE,False,
t009534,acc_0178,2026-05-11,12.73,travel,card_not_present,IE,False,
t009610,acc_0179,2026-05-11,21.4,online retail,card_present,IE,False,
t009739,acc_0181,2026-05-11,58.49,restaurants,online_banking,IE,False,
t009829,acc_0182,2026-05-11,56.32,fuel,mobile_app,IE,False,
t009885,acc_0183,2026-05-11,20.86,transfer,online_banking,IE,False,
t009967,acc_0186,2026-05-11,20.21,fuel,online_banking,IE,False,
t010092,acc_0189,2026-05-11,290.14,utilities,mobile_app,IE,False,
t010182,acc_0190,2026-05-11,70.07,transfer,card_present,IE,False,
t010351,acc_0194,2026-05-11,185.76,pharmacy,card_present,IE,False,
t010404,acc_0195,2026-05-11,181.55,restaurants,card_not_present,IE,False,
t010544,acc_0198,2026-05-11,82.25,groceries,mobile_app,IE,False,
t010593,acc_0199,2026-05-11,34.63,travel,mobile_app,IE,False,
t010630,acc_0001,2026-05-11,135.32,online retail,card_not_present,IE,False,rapid_burst
t010631,acc_0001,2026-05-11,138.08,online retail,card_not_present,IE,False,rapid_burst
t010632,acc_0001,2026-05-11,174.98,online retail,card_not_present,IE,False,rapid_burst
t010633,acc_0001,2026-05-11,141.11,online retail,card_not_present,IE,False,rapid_burst
t010634,acc_0001,2026-05-11,131.82,online retail,card_not_present,IE,False,rapid_burst
t010635,acc_0001,2026-05-11,140.0,online retail,card_not_present,IE,False,rapid_burst
t010636,acc_0001,2026-05-11,98.94,online retail,card_not_present,IE,False,rapid_burst
t010931,acc_0138,2026-05-11,656.85,travel,card_present,NG,True,new_country_new_device
t010932,acc_0138,2026-05-11,615.62,travel,card_present,UA,True,new_country_new_device
t010964,acc_0155,2026-05-11,990.0,transfer,online_banking,IE,False,threshold_structuring
t010965,acc_0155,2026-05-11,980.0,transfer,online_banking,IE,False,threshold_structuring
t000160,acc_0003,2026-05-12,32.73,travel,card_not_present,IE,False,
t000364,acc_0007,2026-05-12,237.46,fuel,online_banking,IE,False,
t000483,acc_0009,2026-05-12,108.7,restaurants,card_not_present,IE,False,
t000546,acc_0010,2026-05-12,13.92,fuel,mobile_app,IE,False,
t000624,acc_0012,2026-05-12,18.29,fuel,mobile_app,IE,False,
t000673,acc_0013,2026-05-12,358.82,online retail,card_not_present,IE,False,
t000748,acc_0014,2026-05-12,16.15,restaurants,online_banking,IE,False,
t000851,acc_0016,2026-05-12,73.95,utilities,card_not_present,IE,False,
t000934,acc_0017,2026-05-12,71.88,online retail,mobile_app,IE,False,
t001043,acc_0019,2026-05-12,38.43,pharmacy,card_present,IE,False,
t001184,acc_0021,2026-05-12,99.12,restaurants,card_present,IE,False,
t001259,acc_0022,2026-05-12,32.89,restaurants,card_not_present,IE,False,
t001316,acc_0023,2026-05-12,47.62,pharmacy,online_banking,IE,False,
t001392,acc_0025,2026-05-12,32.94,transfer,card_not_present,IE,False,
t001438,acc_0026,2026-05-12,24.55,electronics,online_banking,IE,False,
t001468,acc_0027,2026-05-12,6.07,groceries,card_present,IE,False,
t001511,acc_0028,2026-05-12,191.8,online retail,card_present,IE,False,
t001627,acc_0031,2026-05-12,18.13,online retail,card_not_present,IE,False,
t001719,acc_0033,2026-05-12,69.72,restaurants,online_banking,IE,False,
t001798,acc_0034,2026-05-12,222.84,transfer,online_banking,IE,False,
t001941,acc_0037,2026-05-12,83.14,pharmacy,card_present,IE,False,
t001994,acc_0039,2026-05-12,219.36,electronics,online_banking,IE,False,
t002077,acc_0043,2026-05-12,12.11,online retail,card_present,IE,False,
t002130,acc_0044,2026-05-12,39.32,transfer,mobile_app,IE,False,
t002220,acc_0045,2026-05-12,28.31,pharmacy,online_banking,IE,False,
t002314,acc_0047,2026-05-12,92.03,utilities,card_not_present,IE,False,
t002384,acc_0049,2026-05-12,36.31,pharmacy,online_banking,IE,False,
t002438,acc_0050,2026-05-12,23.44,online retail,online_banking,IE,False,
t002511,acc_0051,2026-05-12,201.57,pharmacy,card_not_present,IE,False,
t002564,acc_0052,2026-05-12,35.55,groceries,card_present,IE,False,
t002615,acc_0053,2026-05-12,24.37,groceries,card_present,IE,False,
t002680,acc_0054,2026-05-12,32.46,fuel,mobile_app,IE,False,
t002735,acc_0055,2026-05-12,185.69,groceries,card_present,IE,False,
t002829,acc_0057,2026-05-12,108.86,travel,card_present,IE,False,
t002919,acc_0058,2026-05-12,504.92,fuel,online_banking,IE,False,
t002994,acc_0059,2026-05-12,382.92,transfer,online_banking,IE,False,
t003139,acc_0061,2026-05-12,133.02,electronics,mobile_app,IE,False,
t003229,acc_0062,2026-05-12,53.16,utilities,card_present,IE,False,
t003319,acc_0063,2026-05-12,590.19,utilities,online_banking,IE,False,
t003452,acc_0065,2026-05-12,123.89,utilities,card_not_present,IE,False,
t003603,acc_0067,2026-05-12,72.75,groceries,card_present,IE,False,
t003693,acc_0068,2026-05-12,196.6,electronics,mobile_app,IE,False,
t003789,acc_0070,2026-05-12,76.38,transfer,online_banking,IE,False,
t003865,acc_0071,2026-05-12,7.57,online retail,mobile_app,IE,False,
t004043,acc_0075,2026-05-12,123.29,travel,online_banking,IE,False,
t004102,acc_0076,2026-05-12,113.36,groceries,mobile_app,IE,False,
t004255,acc_0081,2026-05-12,56.62,travel,card_not_present,IE,False,
t004360,acc_0083,2026-05-12,73.32,utilities,card_present,IE,False,
t004401,acc_0084,2026-05-12,355.29,pharmacy,mobile_app,IE,False,
t004513,acc_0086,2026-05-12,162.73,online retail,card_not_present,IE,False,
t004595,acc_0087,2026-05-12,425.58,electronics,card_present,IE,False,
t004671,acc_0088,2026-05-12,107.57,groceries,mobile_app,IE,False,
t004761,acc_0089,2026-05-12,26.5,groceries,online_banking,IE,False,
t004840,acc_0090,2026-05-12,41.72,travel,online_banking,IE,False,
t004881,acc_0091,2026-05-12,72.93,utilities,online_banking,IE,False,
t004927,acc_0093,2026-05-12,28.87,groceries,mobile_app,IE,False,
t004998,acc_0095,2026-05-12,55.3,online retail,card_present,IE,False,
t005188,acc_0099,2026-05-12,88.0,pharmacy,mobile_app,IE,False,
t005421,acc_0103,2026-05-12,160.12,restaurants,card_present,IE,False,
t005501,acc_0104,2026-05-12,12.89,fuel,online_banking,IE,False,
t005572,acc_0105,2026-05-12,83.38,utilities,mobile_app,IE,False,
t005803,acc_0110,2026-05-12,18.27,pharmacy,card_present,IE,False,
t005885,acc_0111,2026-05-12,133.4,online retail,card_not_present,IE,False,
t005997,acc_0113,2026-05-12,205.77,fuel,mobile_app,IE,False,
t006073,acc_0114,2026-05-12,30.54,fuel,card_present,IE,False,
t006112,acc_0115,2026-05-12,10.68,restaurants,card_present,IE,False,
t006245,acc_0118,2026-05-12,38.09,pharmacy,mobile_app,IE,False,
t006285,acc_0119,2026-05-12,28.27,groceries,mobile_app,IE,False,
t006324,acc_0120,2026-05-12,41.79,online retail,card_present,IE,False,
t006374,acc_0121,2026-05-12,17.77,electronics,mobile_app,IE,False,
t006439,acc_0122,2026-05-12,18.34,restaurants,card_not_present,IE,False,
t006521,acc_0123,2026-05-12,51.74,groceries,card_present,IE,False,
t006663,acc_0126,2026-05-12,88.35,utilities,card_present,IE,False,
t006737,acc_0127,2026-05-12,136.62,utilities,mobile_app,IE,False,
t006814,acc_0128,2026-05-12,25.3,electronics,online_banking,IE,False,
t006956,acc_0131,2026-05-12,130.1,pharmacy,mobile_app,IE,False,
t007036,acc_0132,2026-05-12,503.2,travel,mobile_app,IE,False,
t007086,acc_0133,2026-05-12,225.78,pharmacy,card_present,IE,False,
t007194,acc_0136,2026-05-12,17.36,utilities,card_present,IE,False,
t007327,acc_0139,2026-05-12,49.47,transfer,online_banking,IE,False,
t007393,acc_0140,2026-05-12,156.35,utilities,card_present,IE,False,
t007503,acc_0142,2026-05-12,381.35,utilities,mobile_app,IE,False,
t007568,acc_0143,2026-05-12,22.02,transfer,card_not_present,IE,False,
t007597,acc_0144,2026-05-12,111.95,restaurants,online_banking,IE,False,
t007631,acc_0146,2026-05-12,98.54,travel,card_present,IE,False,
t007679,acc_0147,2026-05-12,19.19,groceries,card_not_present,IE,False,
t007755,acc_0148,2026-05-12,26.54,travel,card_present,IE,False,
t007829,acc_0149,2026-05-12,74.57,online retail,mobile_app,IE,False,
t007910,acc_0151,2026-05-12,12.21,online retail,mobile_app,IE,False,
t008148,acc_0157,2026-05-12,396.54,travel,mobile_app,IE,False,
t008226,acc_0158,2026-05-12,21.6,restaurants,mobile_app,IE,False,
t008288,acc_0159,2026-05-12,12.53,fuel,card_not_present,IE,False,
t008405,acc_0161,2026-05-12,187.07,groceries,card_not_present,IE,False,
t008562,acc_0164,2026-05-12,144.81,fuel,online_banking,IE,False,
t008695,acc_0166,2026-05-12,40.53,fuel,online_banking,IE,False,
t008807,acc_0168,2026-05-12,178.4,travel,mobile_app,IE,False,
t008927,acc_0170,2026-05-12,151.3,fuel,card_not_present,IE,False,
t009017,acc_0171,2026-05-12,48.89,utilities,card_present,IE,False,
t009107,acc_0172,2026-05-12,81.04,travel,online_banking,IE,False,
t009233,acc_0174,2026-05-12,119.0,electronics,mobile_app,IE,False,
t009312,acc_0175,2026-05-12,54.35,fuel,online_banking,IE,False,
t009390,acc_0176,2026-05-12,381.55,groceries,card_not_present,IE,False,
t009535,acc_0178,2026-05-12,32.29,pharmacy,mobile_app,IE,False,
t009661,acc_0180,2026-05-12,60.95,fuel,mobile_app,IE,False,
t009740,acc_0181,2026-05-12,48.63,transfer,mobile_app,IE,False,
t009830,acc_0182,2026-05-12,52.85,transfer,mobile_app,IE,False,
t009933,acc_0185,2026-05-12,20.39,groceries,card_not_present,IE,False,
t010004,acc_0187,2026-05-12,66.93,restaurants,card_present,IE,False,
t010093,acc_0189,2026-05-12,100.9,pharmacy,mobile_app,IE,False,
t010183,acc_0190,2026-05-12,324.72,fuel,card_present,IE,False,
t010499,acc_0197,2026-05-12,64.89,online retail,mobile_app,IE,False,
t010594,acc_0199,2026-05-12,13.12,groceries,card_not_present,IE,False,
t010851,acc_0108,2026-05-12,345.3,electronics,card_not_present,IE,False,amount_spike
t010966,acc_0155,2026-05-12,995.0,transfer,online_banking,IE,False,threshold_structuring
t010967,acc_0155,2026-05-12,995.0,transfer,online_banking,IE,False,threshold_structuring
t000063,acc_0001,2026-05-13,66.57,fuel,card_not_present,IE,False,
t000109,acc_0002,2026-05-13,82.71,fuel,card_present,IE,False,
t000161,acc_0003,2026-05-13,60.29,fuel,online_banking,IE,False,
t000261,acc_0005,2026-05-13,72.28,groceries,online_banking,IE,False,
t000365,acc_0007,2026-05-13,135.23,restaurants,mobile_app,IE,False,
t000484,acc_0009,2026-05-13,147.23,pharmacy,card_present,IE,False,
t000547,acc_0010,2026-05-13,10.92,fuel,card_present,IE,False,
t000674,acc_0013,2026-05-13,108.97,groceries,online_banking,IE,False,
t000749,acc_0014,2026-05-13,5.57,transfer,mobile_app,IE,False,
t000803,acc_0015,2026-05-13,41.05,transfer,card_not_present,IE,False,
t000852,acc_0016,2026-05-13,43.99,online retail,card_not_present,IE,False,
t000935,acc_0017,2026-05-13,162.19,pharmacy,card_present,IE,False,
t001044,acc_0019,2026-05-13,94.11,online retail,card_not_present,IE,False,
t001121,acc_0020,2026-05-13,164.2,groceries,online_banking,IE,False,
t001260,acc_0022,2026-05-13,22.92,fuel,card_not_present,IE,False,
t001346,acc_0024,2026-05-13,191.83,pharmacy,mobile_app,IE,False,
t001628,acc_0031,2026-05-13,10.37,utilities,card_present,IE,False,
t001720,acc_0033,2026-05-13,203.12,transfer,card_not_present,IE,False,
t001799,acc_0034,2026-05-13,143.22,online retail,online_banking,IE,False,
t001875,acc_0035,2026-05-13,18.13,fuel,card_present,IE,False,
t001960,acc_0038,2026-05-13,164.8,pharmacy,online_banking,IE,False,
t001995,acc_0039,2026-05-13,282.87,utilities,card_not_present,IE,False,
t002131,acc_0044,2026-05-13,26.73,transfer,card_present,IE,False,
t002221,acc_0045,2026-05-13,54.09,restaurants,card_present,IE,False,
t002385,acc_0049,2026-05-13,45.85,restaurants,online_banking,IE,False,
t002439,acc_0050,2026-05-13,15.65,restaurants,mobile_app,IE,False,
t002512,acc_0051,2026-05-13,168.09,groceries,online_banking,IE,False,
t002681,acc_0054,2026-05-13,45.45,electronics,mobile_app,IE,False,
t002736,acc_0055,2026-05-13,82.24,electronics,mobile_app,IE,False,
t002830,acc_0057,2026-05-13,49.93,electronics,online_banking,IE,False,
t002920,acc_0058,2026-05-13,91.98,fuel,card_present,IE,False,
t002995,acc_0059,2026-05-13,222.03,restaurants,card_present,IE,False,
t003064,acc_0060,2026-05-13,37.66,restaurants,online_banking,IE,False,
t003140,acc_0061,2026-05-13,175.76,restaurants,mobile_app,IE,False,
t003230,acc_0062,2026-05-13,57.35,pharmacy,mobile_app,IE,False,
t003320,acc_0063,2026-05-13,142.06,utilities,card_not_present,IE,False,
t003385,acc_0064,2026-05-13,155.49,travel,online_banking,IE,False,
t003453,acc_0065,2026-05-13,58.33,travel,mobile_app,IE,False,
t003604,acc_0067,2026-05-13,15.64,groceries,online_banking,IE,False,
t003694,acc_0068,2026-05-13,131.59,electronics,online_banking,IE,False,
t003790,acc_0070,2026-05-13,75.47,online retail,card_present,IE,False,
t003866,acc_0071,2026-05-13,28.0,travel,online_banking,IE,False,
t003925,acc_0072,2026-05-13,105.21,pharmacy,online_banking,IE,False,
t003966,acc_0073,2026-05-13,445.93,travel,card_not_present,IE,False,
t004167,acc_0079,2026-05-13,144.11,fuel,online_banking,IE,False,
t004256,acc_0081,2026-05-13,103.4,transfer,online_banking,IE,False,
t004361,acc_0083,2026-05-13,162.0,online retail,card_present,IE,False,
t004514,acc_0086,2026-05-13,256.5,travel,online_banking,IE,False,
t004672,acc_0088,2026-05-13,48.81,travel,online_banking,IE,False,
t004762,acc_0089,2026-05-13,30.72,transfer,card_present,IE,False,
t004841,acc_0090,2026-05-13,85.93,groceries,card_present,IE,False,
t004999,acc_0095,2026-05-13,30.45,online retail,card_present,IE,False,
t005061,acc_0096,2026-05-13,142.84,online retail,card_not_present,IE,False,
t005093,acc_0097,2026-05-13,31.13,pharmacy,mobile_app,IE,False,
t005131,acc_0098,2026-05-13,32.58,electronics,online_banking,IE,False,
t005189,acc_0099,2026-05-13,15.12,online retail,mobile_app,IE,False,
t005255,acc_0100,2026-05-13,254.55,groceries,online_banking,IE,False,
t005301,acc_0101,2026-05-13,45.05,pharmacy,card_present,IE,False,
t005422,acc_0103,2026-05-13,92.77,restaurants,card_present,IE,False,
t005573,acc_0105,2026-05-13,108.6,restaurants,mobile_app,IE,False,
t005671,acc_0107,2026-05-13,232.08,electronics,online_banking,IE,False,
t005804,acc_0110,2026-05-13,46.36,pharmacy,online_banking,IE,False,
t005886,acc_0111,2026-05-13,133.39,restaurants,card_not_present,IE,False,
t005998,acc_0113,2026-05-13,291.3,pharmacy,card_present,IE,False,
t006146,acc_0116,2026-05-13,56.58,transfer,online_banking,IE,False,
t006286,acc_0119,2026-05-13,20.84,groceries,online_banking,IE,False,
t006440,acc_0122,2026-05-13,38.93,online retail,card_present,IE,False,
t006522,acc_0123,2026-05-13,69.46,electronics,card_not_present,IE,False,
t006573,acc_0124,2026-05-13,350.56,utilities,online_banking,IE,False,
t006664,acc_0126,2026-05-13,243.97,travel,online_banking,IE,False,
t006815,acc_0128,2026-05-13,23.92,online retail,card_present,IE,False,
t006957,acc_0131,2026-05-13,42.01,fuel,card_not_present,IE,False,
t007133,acc_0135,2026-05-13,95.54,groceries,card_present,IE,False,
t007195,acc_0136,2026-05-13,94.15,utilities,online_banking,IE,False,
t007262,acc_0137,2026-05-13,135.3,restaurants,online_banking,IE,False,
t007286,acc_0138,2026-05-13,107.47,utilities,card_not_present,IE,False,
t007328,acc_0139,2026-05-13,38.62,electronics,card_present,IE,False,
t007504,acc_0142,2026-05-13,195.39,electronics,card_not_present,IE,False,
t007569,acc_0143,2026-05-13,8.52,online retail,card_not_present,IE,False,
t007680,acc_0147,2026-05-13,77.69,pharmacy,card_not_present,IE,False,
t007830,acc_0149,2026-05-13,78.58,restaurants,card_present,IE,False,
t007959,acc_0153,2026-05-13,92.7,fuel,mobile_app,IE,False,
t007987,acc_0154,2026-05-13,16.95,electronics,mobile_app,IE,False,
t008047,acc_0155,2026-05-13,240.25,electronics,mobile_app,IE,False,
t008090,acc_0156,2026-05-13,19.71,restaurants,mobile_app,IE,False,
t008149,acc_0157,2026-05-13,139.23,restaurants,online_banking,IE,False,
t008227,acc_0158,2026-05-13,33.28,utilities,mobile_app,IE,False,
t008406,acc_0161,2026-05-13,125.77,fuel,mobile_app,IE,False,
t008563,acc_0164,2026-05-13,204.45,groceries,card_not_present,IE,False,
t008619,acc_0165,2026-05-13,16.73,restaurants,card_present,IE,False,
t008696,acc_0166,2026-05-13,30.99,online retail,mobile_app,IE,False,
t008808,acc_0168,2026-05-13,67.54,online retail,card_not_present,IE,False,
t008928,acc_0170,2026-05-13,161.66,groceries,mobile_app,IE,False,
t009018,acc_0171,2026-05-13,81.68,electronics,card_not_present,IE,False,
t009108,acc_0172,2026-05-13,225.15,groceries,card_present,IE,False,
t009234,acc_0174,2026-05-13,47.64,electronics,card_present,IE,False,
t009313,acc_0175,2026-05-13,55.55,transfer,card_not_present,IE,False,
t009391,acc_0176,2026-05-13,137.74,pharmacy,card_not_present,IE,False,
t009462,acc_0177,2026-05-13,57.89,utilities,online_banking,IE,False,
t009536,acc_0178,2026-05-13,25.43,travel,online_banking,IE,False,
t009611,acc_0179,2026-05-13,47.31,online retail,card_not_present,IE,False,
t009662,acc_0180,2026-05-13,168.28,electronics,online_banking,IE,False,
t009741,acc_0181,2026-05-13,66.05,pharmacy,card_present,IE,False,
t009831,acc_0182,2026-05-13,24.08,online retail,card_not_present,IE,False,
t009968,acc_0186,2026-05-13,15.72,pharmacy,card_not_present,IE,False,
t010094,acc_0189,2026-05-13,662.3,electronics,online_banking,IE,False,
t010184,acc_0190,2026-05-13,23.23,transfer,card_not_present,IE,False,
t010241,acc_0191,2026-05-13,131.33,pharmacy,card_present,IE,False,
t010297,acc_0193,2026-05-13,179.38,fuel,card_present,IE,False,
t010500,acc_0197,2026-05-13,64.81,groceries,online_banking,IE,False,
t010545,acc_0198,2026-05-13,214.84,groceries,mobile_app,IE,False,
t010595,acc_0199,2026-05-13,14.98,groceries,online_banking,IE,False,
t010669,acc_0021,2026-05-13,259.14,online retail,card_not_present,IE,False,rapid_burst
t010670,acc_0021,2026-05-13,202.08,online retail,card_not_present,IE,False,rapid_burst
t010671,acc_0021,2026-05-13,218.82,online retail,card_not_present,IE,False,rapid_burst
t010672,acc_0021,2026-05-13,279.96,online retail,card_not_present,IE,False,rapid_burst
t010673,acc_0021,2026-05-13,193.72,online retail,card_not_present,IE,False,rapid_burst
t010674,acc_0021,2026-05-13,173.02,online retail,card_not_present,IE,False,rapid_burst
t010675,acc_0021,2026-05-13,259.65,online retail,card_not_present,IE,False,rapid_burst
t010676,acc_0021,2026-05-13,267.86,online retail,card_not_present,IE,False,rapid_burst
t010708,acc_0032,2026-05-13,2377.57,electronics,card_not_present,IE,False,amount_spike
t010968,acc_0155,2026-05-13,985.0,transfer,online_banking,IE,False,threshold_structuring
t000064,acc_0001,2026-05-14,71.06,groceries,mobile_app,IE,False,
t000162,acc_0003,2026-05-14,73.48,transfer,online_banking,IE,False,
t000262,acc_0005,2026-05-14,34.69,transfer,online_banking,IE,False,
t000366,acc_0007,2026-05-14,133.13,fuel,card_not_present,IE,False,
t000418,acc_0008,2026-05-14,258.58,pharmacy,online_banking,IE,False,
t000485,acc_0009,2026-05-14,128.5,restaurants,card_not_present,IE,False,
t000625,acc_0012,2026-05-14,26.25,fuel,card_not_present,IE,False,
t000675,acc_0013,2026-05-14,122.02,fuel,mobile_app,IE,False,
t000750,acc_0014,2026-05-14,35.16,fuel,card_present,IE,False,
t000853,acc_0016,2026-05-14,62.97,electronics,card_not_present,IE,False,
t000936,acc_0017,2026-05-14,210.43,groceries,online_banking,IE,False,
t000981,acc_0018,2026-05-14,89.45,online retail,card_not_present,IE,False,
t001045,acc_0019,2026-05-14,392.96,pharmacy,card_not_present,IE,False,
t001122,acc_0020,2026-05-14,158.88,utilities,online_banking,IE,False,
t001185,acc_0021,2026-05-14,143.34,online retail,mobile_app,IE,False,
t001261,acc_0022,2026-05-14,49.77,online retail,card_not_present,IE,False,
t001347,acc_0024,2026-05-14,274.47,utilities,mobile_app,IE,False,
t001393,acc_0025,2026-05-14,55.42,fuel,card_not_present,IE,False,
t001629,acc_0031,2026-05-14,30.56,online retail,card_present,IE,False,
t001721,acc_0033,2026-05-14,297.85,transfer,card_present,IE,False,
t001800,acc_0034,2026-05-14,80.39,electronics,card_present,IE,False,
t001876,acc_0035,2026-05-14,23.85,transfer,card_present,IE,False,
t001942,acc_0037,2026-05-14,93.96,transfer,mobile_app,IE,False,
t002022,acc_0040,2026-05-14,240.81,utilities,online_banking,IE,False,
t002132,acc_0044,2026-05-14,20.33,transfer,card_not_present,IE,False,
t002222,acc_0045,2026-05-14,45.49,electronics,card_present,IE,False,
t002315,acc_0047,2026-05-14,221.31,fuel,mobile_app,IE,False,
t002440,acc_0050,2026-05-14,24.02,fuel,card_present,IE,False,
t002513,acc_0051,2026-05-14,92.71,fuel,card_present,IE,False,
t002616,acc_0053,2026-05-14,18.83,pharmacy,mobile_app,IE,False,
t002682,acc_0054,2026-05-14,29.95,utilities,card_present,IE,False,
t002737,acc_0055,2026-05-14,263.53,online retail,card_present,IE,False,
t002770,acc_0056,2026-05-14,31.84,pharmacy,online_banking,IE,False,
t002831,acc_0057,2026-05-14,155.54,travel,online_banking,IE,False,
t002921,acc_0058,2026-05-14,310.82,utilities,card_present,IE,False,
t002996,acc_0059,2026-05-14,203.31,online retail,mobile_app,IE,False,
t003065,acc_0060,2026-05-14,32.54,utilities,card_not_present,IE,False,
t003141,acc_0061,2026-05-14,218.52,pharmacy,online_banking,IE,False,
t003231,acc_0062,2026-05-14,82.92,travel,card_not_present,IE,False,
t003321,acc_0063,2026-05-14,104.47,fuel,card_present,IE,False,
t003454,acc_0065,2026-05-14,109.13,transfer,card_not_present,IE,False,
t003532,acc_0066,2026-05-14,80.67,transfer,mobile_app,IE,False,
t003605,acc_0067,2026-05-14,19.49,online retail,card_present,IE,False,
t003695,acc_0068,2026-05-14,149.62,restaurants,card_present,IE,False,
t003867,acc_0071,2026-05-14,5.9,utilities,card_present,IE,False,
t004257,acc_0081,2026-05-14,93.86,transfer,online_banking,IE,False,
t004362,acc_0083,2026-05-14,97.73,electronics,card_not_present,IE,False,
t004453,acc_0085,2026-05-14,161.48,utilities,mobile_app,IE,False,
t004515,acc_0086,2026-05-14,99.59,pharmacy,mobile_app,IE,False,
t004596,acc_0087,2026-05-14,185.88,transfer,mobile_app,IE,False,
t004673,acc_0088,2026-05-14,66.62,pharmacy,mobile_app,IE,False,
t004763,acc_0089,2026-05-14,32.08,electronics,online_banking,IE,False,
t004842,acc_0090,2026-05-14,97.48,travel,mobile_app,IE,False,
t004905,acc_0092,2026-05-14,302.37,utilities,card_not_present,IE,False,
t005000,acc_0095,2026-05-14,14.84,restaurants,online_banking,IE,False,
t005190,acc_0099,2026-05-14,47.73,electronics,card_present,IE,False,
t005302,acc_0101,2026-05-14,30.96,electronics,mobile_app,IE,False,
t005357,acc_0102,2026-05-14,32.73,online retail,mobile_app,IE,False,
t005423,acc_0103,2026-05-14,130.36,fuel,card_not_present,IE,False,
t005502,acc_0104,2026-05-14,26.91,transfer,card_not_present,IE,False,
t005574,acc_0105,2026-05-14,94.8,groceries,card_not_present,IE,False,
t005721,acc_0108,2026-05-14,24.45,fuel,card_present,IE,False,
t005805,acc_0110,2026-05-14,30.27,restaurants,online_banking,IE,False,
t005933,acc_0112,2026-05-14,21.68,fuel,mobile_app,IE,False,
t005999,acc_0113,2026-05-14,133.94,groceries,online_banking,IE,False,
t006074,acc_0114,2026-05-14,28.42,groceries,mobile_app,IE,False,
t006147,acc_0116,2026-05-14,84.78,pharmacy,mobile_app,IE,False,
t006188,acc_0117,2026-05-14,65.97,utilities,online_banking,IE,False,
t006287,acc_0119,2026-05-14,46.25,groceries,mobile_app,IE,False,
t006325,acc_0120,2026-05-14,11.08,fuel,online_banking,IE,False,
t006441,acc_0122,2026-05-14,35.96,transfer,online_banking,IE,False,
t006599,acc_0125,2026-05-14,25.47,transfer,mobile_app,IE,False,
t006665,acc_0126,2026-05-14,129.71,electronics,mobile_app,IE,False,
t006738,acc_0127,2026-05-14,34.53,online retail,mobile_app,IE,False,
t006816,acc_0128,2026-05-14,23.55,utilities,online_banking,IE,False,
t006958,acc_0131,2026-05-14,16.35,groceries,mobile_app,IE,False,
t007196,acc_0136,2026-05-14,45.34,groceries,online_banking,IE,False,
t007394,acc_0140,2026-05-14,394.1,pharmacy,card_present,IE,False,
t007505,acc_0142,2026-05-14,385.66,travel,mobile_app,IE,False,
t007570,acc_0143,2026-05-14,13.53,fuel,mobile_app,IE,False,
t007614,acc_0145,2026-05-14,132.12,online retail,card_not_present,IE,False,
t007681,acc_0147,2026-05-14,28.59,online retail,online_banking,IE,False,
t007756,acc_0148,2026-05-14,86.05,travel,card_present,IE,False,
t007831,acc_0149,2026-05-14,132.9,electronics,online_banking,IE,False,
t007911,acc_0151,2026-05-14,44.01,electronics,card_not_present,IE,False,
t007935,acc_0152,2026-05-14,433.89,groceries,card_present,IE,False,
t007988,acc_0154,2026-05-14,26.46,groceries,card_not_present,IE,False,
t008150,acc_0157,2026-05-14,116.23,restaurants,card_present,IE,False,
t008228,acc_0158,2026-05-14,12.36,electronics,mobile_app,IE,False,
t008289,acc_0159,2026-05-14,16.11,restaurants,online_banking,IE,False,
t008341,acc_0160,2026-05-14,479.22,groceries,online_banking,IE,False,
t008407,acc_0161,2026-05-14,237.01,transfer,mobile_app,IE,False,
t008468,acc_0162,2026-05-14,15.49,utilities,mobile_app,IE,False,
t008697,acc_0166,2026-05-14,38.83,restaurants,card_not_present,IE,False,
t008809,acc_0168,2026-05-14,127.55,pharmacy,card_present,IE,False,
t008929,acc_0170,2026-05-14,86.51,restaurants,card_not_present,IE,False,
t009019,acc_0171,2026-05-14,58.26,pharmacy,card_present,IE,False,
t009109,acc_0172,2026-05-14,88.29,travel,card_present,IE,False,
t009175,acc_0173,2026-05-14,19.02,electronics,mobile_app,IE,False,
t009235,acc_0174,2026-05-14,85.44,utilities,online_banking,IE,False,
t009392,acc_0176,2026-05-14,170.66,online retail,card_not_present,IE,False,
t009463,acc_0177,2026-05-14,81.85,fuel,card_not_present,IE,False,
t009537,acc_0178,2026-05-14,18.52,online retail,online_banking,IE,False,
t009663,acc_0180,2026-05-14,103.48,online retail,card_present,IE,False,
t009742,acc_0181,2026-05-14,198.13,electronics,online_banking,IE,False,
t009832,acc_0182,2026-05-14,61.09,online retail,mobile_app,IE,False,
t009886,acc_0183,2026-05-14,51.23,transfer,mobile_app,IE,False,
t010033,acc_0188,2026-05-14,13.65,fuel,card_not_present,IE,False,
t010095,acc_0189,2026-05-14,595.23,restaurants,card_present,IE,False,
t010185,acc_0190,2026-05-14,85.64,transfer,online_banking,IE,False,
t010298,acc_0193,2026-05-14,68.55,fuel,mobile_app,IE,False,
t010405,acc_0195,2026-05-14,361.84,restaurants,card_present,IE,False,
t010546,acc_0198,2026-05-14,134.77,online retail,card_present,IE,False,
t010596,acc_0199,2026-05-14,18.13,restaurants,mobile_app,IE,False,
t010629,acc_0000,2026-05-14,638.0,electronics,card_not_present,IE,False,amount_spike
t010783,acc_0066,2026-05-14,174.92,travel,card_present,BR,True,new_country_new_device
t010784,acc_0066,2026-05-14,217.96,travel,card_present,RO,True,new_country_new_device
t010785,acc_0066,2026-05-14,181.84,travel,card_present,NG,True,new_country_new_device
t010786,acc_0066,2026-05-14,84.75,travel,card_present,RO,True,new_country_new_device
t010874,acc_0120,2026-05-14,474.97,electronics,card_not_present,IE,False,amount_spike
t010963,acc_0152,2026-05-14,4271.85,electronics,card_not_present,IE,False,amount_spike
t011033,acc_0176,2026-05-14,6492.22,electronics,card_not_present,IE,False,amount_spike
t000020,acc_0000,2026-05-15,41.19,restaurants,mobile_app,IE,False,
t000110,acc_0002,2026-05-15,79.89,pharmacy,mobile_app,IE,False,
t000163,acc_0003,2026-05-15,324.48,online retail,online_banking,IE,False,
t000419,acc_0008,2026-05-15,558.36,electronics,card_present,IE,False,
t000486,acc_0009,2026-05-15,44.94,pharmacy,card_not_present,IE,False,
t000548,acc_0010,2026-05-15,10.64,transfer,card_not_present,IE,False,
t000584,acc_0011,2026-05-15,22.83,transfer,card_not_present,IE,False,
t000626,acc_0012,2026-05-15,28.14,transfer,online_banking,IE,False,
t000676,acc_0013,2026-05-15,201.23,fuel,card_not_present,IE,False,
t000751,acc_0014,2026-05-15,16.74,transfer,online_banking,IE,False,
t000854,acc_0016,2026-05-15,60.38,fuel,card_present,IE,False,
t000937,acc_0017,2026-05-15,34.78,utilities,card_present,IE,False,
t001046,acc_0019,2026-05-15,25.95,fuel,mobile_app,IE,False,
t001186,acc_0021,2026-05-15,428.81,online retail,mobile_app,IE,False,
t001262,acc_0022,2026-05-15,35.47,utilities,mobile_app,IE,False,
t001348,acc_0024,2026-05-15,179.35,electronics,online_banking,IE,False,
t001394,acc_0025,2026-05-15,17.73,restaurants,online_banking,IE,False,
t001469,acc_0027,2026-05-15,33.99,fuel,online_banking,IE,False,
t001512,acc_0028,2026-05-15,112.67,restaurants,mobile_app,IE,False,
t001560,acc_0030,2026-05-15,184.8,pharmacy,online_banking,IE,False,
t001630,acc_0031,2026-05-15,15.34,fuel,mobile_app,IE,False,
t001722,acc_0033,2026-05-15,161.5,pharmacy,online_banking,IE,False,
t001801,acc_0034,2026-05-15,502.47,electronics,card_present,IE,False,
t001877,acc_0035,2026-05-15,41.71,utilities,online_banking,IE,False,
t001961,acc_0038,2026-05-15,124.43,groceries,card_not_present,IE,False,
t002040,acc_0041,2026-05-15,211.54,electronics,card_not_present,IE,False,
t002078,acc_0043,2026-05-15,35.6,groceries,card_present,IE,False,
t002133,acc_0044,2026-05-15,31.78,restaurants,mobile_app,IE,False,
t002223,acc_0045,2026-05-15,110.68,electronics,card_present,IE,False,
t002441,acc_0050,2026-05-15,30.69,utilities,card_not_present,IE,False,
t002514,acc_0051,2026-05-15,180.63,electronics,card_not_present,IE,False,
t002565,acc_0052,2026-05-15,17.53,restaurants,card_not_present,IE,False,
t002683,acc_0054,2026-05-15,21.38,pharmacy,card_present,IE,False,
t002738,acc_0055,2026-05-15,555.57,utilities,card_not_present,IE,False,
t002832,acc_0057,2026-05-15,96.22,utilities,online_banking,IE,False,
t002922,acc_0058,2026-05-15,255.24,utilities,card_not_present,IE,False,
t003066,acc_0060,2026-05-15,82.24,fuel,mobile_app,IE,False,
t003142,acc_0061,2026-05-15,207.48,restaurants,mobile_app,IE,False,
t003232,acc_0062,2026-05-15,78.24,electronics,online_banking,IE,False,
t003322,acc_0063,2026-05-15,65.01,restaurants,mobile_app,IE,False,
t003455,acc_0065,2026-05-15,48.95,groceries,card_present,IE,False,
t003606,acc_0067,2026-05-15,64.33,transfer,online_banking,IE,False,
t003696,acc_0068,2026-05-15,210.57,utilities,mobile_app,IE,False,
t003791,acc_0070,2026-05-15,156.1,utilities,online_banking,IE,False,
t003868,acc_0071,2026-05-15,6.94,restaurants,card_present,IE,False,
t003926,acc_0072,2026-05-15,125.04,online retail,card_not_present,IE,False,
t003967,acc_0073,2026-05-15,92.53,online retail,card_not_present,IE,False,
t004044,acc_0075,2026-05-15,181.98,groceries,mobile_app,IE,False,
t004168,acc_0079,2026-05-15,287.3,electronics,card_not_present,IE,False,
t004258,acc_0081,2026-05-15,180.27,pharmacy,online_banking,IE,False,
t004363,acc_0083,2026-05-15,73.3,utilities,mobile_app,IE,False,
t004402,acc_0084,2026-05-15,103.24,groceries,card_not_present,IE,False,
t004454,acc_0085,2026-05-15,132.77,groceries,online_banking,IE,False,
t004516,acc_0086,2026-05-15,72.32,fuel,online_banking,IE,False,
t004674,acc_0088,2026-05-15,36.69,electronics,card_present,IE,False,
t004764,acc_0089,2026-05-15,59.29,online retail,card_present,IE,False,
t005001,acc_0095,2026-05-15,23.08,groceries,card_not_present,IE,False,
t005094,acc_0097,2026-05-15,16.9,transfer,card_not_present,IE,False,
t005191,acc_0099,2026-05-15,52.01,utilities,mobile_app,IE,False,
t005303,acc_0101,2026-05-15,21.24,online retail,card_present,IE,False,
t005424,acc_0103,2026-05-15,117.7,transfer,card_present,IE,False,
t005575,acc_0105,2026-05-15,349.41,electronics,mobile_app,IE,False,
t005806,acc_0110,2026-05-15,48.61,travel,mobile_app,IE,False,
t005887,acc_0111,2026-05-15,75.01,restaurants,card_present,IE,False,
t005934,acc_0112,2026-05-15,41.91,restaurants,card_present,IE,False,
t006000,acc_0113,2026-05-15,185.98,travel,card_present,IE,False,
t006075,acc_0114,2026-05-15,21.23,restaurants,mobile_app,IE,False,
t006189,acc_0117,2026-05-15,36.09,travel,mobile_app,IE,False,
t006246,acc_0118,2026-05-15,57.29,online retail,online_banking,IE,False,
t006326,acc_0120,2026-05-15,13.58,pharmacy,card_not_present,IE,False,
t006375,acc_0121,2026-05-15,16.7,fuel,card_present,IE,False,
t006442,acc_0122,2026-05-15,13.22,online retail,mobile_app,IE,False,
t006574,acc_0124,2026-05-15,175.94,transfer,mobile_app,IE,False,
t006600,acc_0125,2026-05-15,16.49,pharmacy,online_banking,IE,False,
t006666,acc_0126,2026-05-15,104.89,fuel,mobile_app,IE,False,
t006739,acc_0127,2026-05-15,152.93,utilities,online_banking,IE,False,
t006817,acc_0128,2026-05-15,23.75,utilities,mobile_app,IE,False,
t006959,acc_0131,2026-05-15,29.72,groceries,card_present,IE,False,
t007134,acc_0135,2026-05-15,163.2,transfer,mobile_app,IE,False,
t007197,acc_0136,2026-05-15,82.6,transfer,card_present,IE,False,
t007329,acc_0139,2026-05-15,36.3,pharmacy,card_present,IE,False,
t007395,acc_0140,2026-05-15,67.89,restaurants,card_not_present,IE,False,
t007439,acc_0141,2026-05-15,43.47,restaurants,card_present,IE,False,
t007506,acc_0142,2026-05-15,84.66,pharmacy,card_not_present,IE,False,
t007571,acc_0143,2026-05-15,66.92,groceries,card_present,IE,False,
t007682,acc_0147,2026-05-15,36.23,transfer,card_present,IE,False,
t007757,acc_0148,2026-05-15,34.3,transfer,card_not_present,IE,False,
t007832,acc_0149,2026-05-15,182.4,pharmacy,card_not_present,IE,False,
t007887,acc_0150,2026-05-15,39.25,utilities,card_present,IE,False,
t007989,acc_0154,2026-05-15,16.65,electronics,mobile_app,IE,False,
t008048,acc_0155,2026-05-15,273.31,electronics,mobile_app,IE,False,
t008151,acc_0157,2026-05-15,381.77,transfer,card_present,IE,False,
t008229,acc_0158,2026-05-15,25.37,travel,online_banking,IE,False,
t008342,acc_0160,2026-05-15,213.34,utilities,online_banking,IE,False,
t008408,acc_0161,2026-05-15,61.89,restaurants,card_present,IE,False,
t008518,acc_0163,2026-05-15,589.55,restaurants,online_banking,IE,False,
t008564,acc_0164,2026-05-15,230.06,electronics,card_not_present,IE,False,
t008620,acc_0165,2026-05-15,57.54,travel,card_not_present,IE,False,
t008698,acc_0166,2026-05-15,54.4,utilities,card_present,IE,False,
t008810,acc_0168,2026-05-15,124.23,pharmacy,online_banking,IE,False,
t008865,acc_0169,2026-05-15,137.0,fuel,mobile_app,IE,False,
t008930,acc_0170,2026-05-15,138.19,electronics,online_banking,IE,False,
t009020,acc_0171,2026-05-15,51.82,transfer,card_not_present,IE,False,
t009110,acc_0172,2026-05-15,118.32,online retail,card_present,IE,False,
t009236,acc_0174,2026-05-15,95.79,utilities,card_not_present,IE,False,
t009314,acc_0175,2026-05-15,108.94,pharmacy,card_not_present,IE,False,
t009393,acc_0176,2026-05-15,191.47,fuel,card_not_present,IE,False,
t009538,acc_0178,2026-05-15,16.38,travel,online_banking,IE,False,
t009612,acc_0179,2026-05-15,34.96,transfer,card_present,IE,False,
t009664,acc_0180,2026-05-15,194.36,pharmacy,online_banking,IE,False,
t009743,acc_0181,2026-05-15,33.37,restaurants,card_not_present,IE,False,
t009833,acc_0182,2026-05-15,47.24,restaurants,online_banking,IE,False,
t009908,acc_0184,2026-05-15,266.99,travel,online_banking,IE,False,
t009969,acc_0186,2026-05-15,7.39,online retail,card_not_present,IE,False,
t010096,acc_0189,2026-05-15,145.25,electronics,mobile_app,IE,False,
t010186,acc_0190,2026-05-15,59.26,electronics,mobile_app,IE,False,
t010352,acc_0194,2026-05-15,170.45,transfer,card_present,IE,False,
t010501,acc_0197,2026-05-15,57.91,transfer,mobile_app,IE,False,
t010647,acc_0008,2026-05-15,5018.02,electronics,card_not_present,IE,False,amount_spike
t010709,acc_0033,2026-05-15,161.19,online retail,card_not_present,IE,False,rapid_burst
t010710,acc_0033,2026-05-15,117.81,online retail,card_not_present,IE,False,rapid_burst
t010711,acc_0033,2026-05-15,137.33,online retail,card_not_present,IE,False,rapid_burst
t010712,acc_0033,2026-05-15,150.24,online retail,card_not_present,IE,False,rapid_burst
t010713,acc_0033,2026-05-15,103.87,online retail,card_not_present,IE,False,rapid_burst
t010714,acc_0033,2026-05-15,109.79,online retail,card_not_present,IE,False,rapid_burst
t010715,acc_0033,2026-05-15,128.91,online retail,card_not_present,IE,False,rapid_burst
t010716,acc_0033,2026-05-15,181.31,online retail,card_not_present,IE,False,rapid_burst
t010717,acc_0033,2026-05-15,167.81,online retail,card_not_present,IE,False,rapid_burst
t000065,acc_0001,2026-05-16,142.1,travel,card_not_present,IE,False,
t000164,acc_0003,2026-05-16,172.65,electronics,online_banking,IE,False,
t000263,acc_0005,2026-05-16,115.29,travel,card_not_present,IE,False,
t000367,acc_0007,2026-05-16,322.05,restaurants,online_banking,IE,False,
t000420,acc_0008,2026-05-16,310.45,electronics,online_banking,IE,False,
t000487,acc_0009,2026-05-16,84.62,electronics,card_not_present,IE,False,
t000585,acc_0011,2026-05-16,7.11,transfer,card_not_present,IE,False,
t000627,acc_0012,2026-05-16,5.66,pharmacy,mobile_app,IE,False,
t000752,acc_0014,2026-05-16,19.21,pharmacy,card_present,IE,False,
t000855,acc_0016,2026-05-16,26.88,electronics,mobile_app,IE,False,
t000938,acc_0017,2026-05-16,79.45,utilities,card_not_present,IE,False,
t000982,acc_0018,2026-05-16,48.38,restaurants,online_banking,IE,False,
t001047,acc_0019,2026-05-16,62.91,restaurants,online_banking,IE,False,
t001123,acc_0020,2026-05-16,204.92,utilities,online_banking,IE,False,
t001263,acc_0022,2026-05-16,27.24,fuel,online_banking,IE,False,
t001349,acc_0024,2026-05-16,194.79,online retail,card_not_present,IE,False,
t001631,acc_0031,2026-05-16,69.62,utilities,mobile_app,IE,False,
t001802,acc_0034,2026-05-16,108.68,utilities,card_present,IE,False,
t001878,acc_0035,2026-05-16,20.55,pharmacy,card_not_present,IE,False,
t001962,acc_0038,2026-05-16,356.24,pharmacy,online_banking,IE,False,
t001996,acc_0039,2026-05-16,181.35,groceries,card_present,IE,False,
t002134,acc_0044,2026-05-16,57.3,fuel,card_present,IE,False,
t002224,acc_0045,2026-05-16,40.8,restaurants,online_banking,IE,False,
t002278,acc_0046,2026-05-16,99.52,fuel,mobile_app,IE,False,
t002442,acc_0050,2026-05-16,12.03,utilities,online_banking,IE,False,
t002515,acc_0051,2026-05-16,388.7,travel,mobile_app,IE,False,
t002617,acc_0053,2026-05-16,73.63,travel,mobile_app,IE,False,
t002771,acc_0056,2026-05-16,16.62,utilities,card_not_present,IE,False,
t002833,acc_0057,2026-05-16,146.84,travel,mobile_app,IE,False,
t002923,acc_0058,2026-05-16,331.89,pharmacy,mobile_app,IE,False,
t002997,acc_0059,2026-05-16,124.47,electronics,card_present,IE,False,
t003067,acc_0060,2026-05-16,50.75,electronics,card_present,IE,False,
t003143,acc_0061,2026-05-16,179.55,transfer,online_banking,IE,False,
t003233,acc_0062,2026-05-16,147.96,electronics,mobile_app,IE,False,
t003323,acc_0063,2026-05-16,218.08,restaurants,card_present,IE,False,
t003456,acc_0065,2026-05-16,55.26,utilities,card_present,IE,False,
t003607,acc_0067,2026-05-16,79.68,pharmacy,card_not_present,IE,False,
t003697,acc_0068,2026-05-16,38.63,transfer,card_not_present,IE,False,
t003749,acc_0069,2026-05-16,13.72,fuel,mobile_app,IE,False,
t003792,acc_0070,2026-05-16,83.93,fuel,online_banking,IE,False,
t003869,acc_0071,2026-05-16,12.53,restaurants,mobile_app,IE,False,
t003927,acc_0072,2026-05-16,110.21,utilities,mobile_app,IE,False,
t004045,acc_0075,2026-05-16,128.51,online retail,online_banking,IE,False,
t004259,acc_0081,2026-05-16,217.94,travel,online_banking,IE,False,
t004455,acc_0085,2026-05-16,156.08,utilities,online_banking,IE,False,
t004517,acc_0086,2026-05-16,97.18,online retail,card_present,IE,False,
t004675,acc_0088,2026-05-16,80.42,groceries,card_present,IE,False,
t004765,acc_0089,2026-05-16,25.48,groceries,online_banking,IE,False,
t004843,acc_0090,2026-05-16,53.35,groceries,mobile_app,IE,False,
t005002,acc_0095,2026-05-16,18.86,travel,mobile_app,IE,False,
t005062,acc_0096,2026-05-16,109.57,restaurants,online_banking,IE,False,
t005095,acc_0097,2026-05-16,12.48,pharmacy,card_present,IE,False,
t005192,acc_0099,2026-05-16,114.41,restaurants,card_not_present,IE,False,
t005425,acc_0103,2026-05-16,220.03,pharmacy,mobile_app,IE,False,
t005576,acc_0105,2026-05-16,300.3,restaurants,card_present,IE,False,
t005672,acc_0107,2026-05-16,200.01,pharmacy,mobile_app,IE,False,
t005722,acc_0108,2026-05-16,18.1,travel,mobile_app,IE,False,
t005807,acc_0110,2026-05-16,15.97,electronics,online_banking,IE,False,
t005888,acc_0111,2026-05-16,166.89,online retail,card_present,IE,False,
t005935,acc_0112,2026-05-16,50.1,transfer,online_banking,IE,False,
t006001,acc_0113,2026-05-16,143.74,electronics,mobile_app,IE,False,
t006076,acc_0114,2026-05-16,16.83,travel,card_present,IE,False,
t006288,acc_0119,2026-05-16,31.87,travel,card_not_present,IE,False,
t006327,acc_0120,2026-05-16,13.94,electronics,mobile_app,IE,False,
t006376,acc_0121,2026-05-16,18.97,fuel,card_present,IE,False,
t006443,acc_0122,2026-05-16,37.66,groceries,card_present,IE,False,
t006601,acc_0125,2026-05-16,26.96,fuel,card_not_present,IE,False,
t006667,acc_0126,2026-05-16,100.99,groceries,mobile_app,IE,False,
t006740,acc_0127,2026-05-16,67.05,electronics,mobile_app,IE,False,
t006818,acc_0128,2026-05-16,11.4,transfer,online_banking,IE,False,
t006960,acc_0131,2026-05-16,47.49,travel,mobile_app,IE,False,
t007037,acc_0132,2026-05-16,231.69,utilities,card_present,IE,False,
t007111,acc_0134,2026-05-16,17.75,utilities,card_not_present,IE,False,
t007198,acc_0136,2026-05-16,33.45,electronics,online_banking,IE,False,
t007330,acc_0139,2026-05-16,76.77,restaurants,online_banking,IE,False,
t007396,acc_0140,2026-05-16,481.84,groceries,online_banking,IE,False,
t007507,acc_0142,2026-05-16,303.55,restaurants,card_present,IE,False,
t007683,acc_0147,2026-05-16,38.81,travel,online_banking,IE,False,
t007758,acc_0148,2026-05-16,12.45,restaurants,online_banking,IE,False,
t007833,acc_0149,2026-05-16,86.82,groceries,mobile_app,IE,False,
t007990,acc_0154,2026-05-16,65.74,transfer,card_present,IE,False,
t008049,acc_0155,2026-05-16,707.89,fuel,mobile_app,IE,False,
t008091,acc_0156,2026-05-16,44.09,groceries,mobile_app,IE,False,
t008152,acc_0157,2026-05-16,269.71,online retail,mobile_app,IE,False,
t008290,acc_0159,2026-05-16,24.36,pharmacy,mobile_app,IE,False,
t008343,acc_0160,2026-05-16,145.89,travel,mobile_app,IE,False,
t008409,acc_0161,2026-05-16,320.57,utilities,card_not_present,IE,False,
t008519,acc_0163,2026-05-16,136.46,online retail,mobile_app,IE,False,
t008565,acc_0164,2026-05-16,189.76,transfer,mobile_app,IE,False,
t008621,acc_0165,2026-05-16,30.82,utilities,mobile_app,IE,False,
t008699,acc_0166,2026-05-16,101.57,travel,card_present,IE,False,
t008811,acc_0168,2026-05-16,230.52,fuel,online_banking,IE,False,
t008866,acc_0169,2026-05-16,323.21,travel,card_present,IE,False,
t008931,acc_0170,2026-05-16,36.18,restaurants,mobile_app,IE,False,
t009021,acc_0171,2026-05-16,27.92,utilities,card_not_present,IE,False,
t009111,acc_0172,2026-05-16,40.19,electronics,mobile_app,IE,False,
t009237,acc_0174,2026-05-16,104.07,electronics,card_present,IE,False,
t009394,acc_0176,2026-05-16,93.51,transfer,card_not_present,IE,False,
t009464,acc_0177,2026-05-16,28.63,fuel,mobile_app,IE,False,
t009539,acc_0178,2026-05-16,16.3,restaurants,card_not_present,IE,False,
t009613,acc_0179,2026-05-16,41.99,travel,card_present,IE,False,
t009665,acc_0180,2026-05-16,76.9,transfer,mobile_app,IE,False,
t009744,acc_0181,2026-05-16,46.43,online retail,card_present,IE,False,
t009834,acc_0182,2026-05-16,58.1,utilities,online_banking,IE,False,
t009970,acc_0186,2026-05-16,30.76,travel,card_not_present,IE,False,
t010097,acc_0189,2026-05-16,137.25,utilities,online_banking,IE,False,
t010187,acc_0190,2026-05-16,23.85,fuel,online_banking,IE,False,
t010242,acc_0191,2026-05-16,76.91,utilities,card_not_present,IE,False,
t010299,acc_0193,2026-05-16,56.08,restaurants,mobile_app,IE,False,
t010353,acc_0194,2026-05-16,96.17,fuel,online_banking,IE,False,
t010406,acc_0195,2026-05-16,122.3,restaurants,card_not_present,IE,False,
t010502,acc_0197,2026-05-16,29.67,fuel,online_banking,IE,False,
t010547,acc_0198,2026-05-16,133.82,online retail,card_present,IE,False,
t010597,acc_0199,2026-05-16,13.55,restaurants,online_banking,IE,False,
t010870,acc_0119,2026-05-16,990.0,transfer,online_banking,IE,False,threshold_structuring
t010871,acc_0119,2026-05-16,990.0,transfer,online_banking,IE,False,threshold_structuring
t000021,acc_0000,2026-05-17,20.37,groceries,card_present,IE,False,
t000066,acc_0001,2026-05-17,137.46,groceries,online_banking,IE,False,
t000165,acc_0003,2026-05-17,72.52,transfer,card_present,IE,False,
t000264,acc_0005,2026-05-17,34.2,online retail,online_banking,IE,False,
t000368,acc_0007,2026-05-17,69.54,restaurants,mobile_app,IE,False,
t000421,acc_0008,2026-05-17,89.44,fuel,online_banking,IE,False,
t000488,acc_0009,2026-05-17,46.66,fuel,card_not_present,IE,False,
t000586,acc_0011,2026-05-17,10.97,travel,online_banking,IE,False,
t000628,acc_0012,2026-05-17,22.61,transfer,card_present,IE,False,
t000753,acc_0014,2026-05-17,10.23,travel,online_banking,IE,False,
t000804,acc_0015,2026-05-17,58.79,online retail,card_present,IE,False,
t000856,acc_0016,2026-05-17,83.87,online retail,card_not_present,IE,False,
t000939,acc_0017,2026-05-17,247.19,groceries,online_banking,IE,False,
t001048,acc_0019,2026-05-17,60.51,groceries,mobile_app,IE,False,
t001187,acc_0021,2026-05-17,332.05,restaurants,online_banking,IE,False,
t001264,acc_0022,2026-05-17,35.37,groceries,card_not_present,IE,False,
t001350,acc_0024,2026-05-17,154.06,groceries,card_present,IE,False,
t001395,acc_0025,2026-05-17,66.8,transfer,card_present,IE,False,
t001439,acc_0026,2026-05-17,48.74,fuel,online_banking,IE,False,
t001470,acc_0027,2026-05-17,6.87,utilities,card_not_present,IE,False,
t001632,acc_0031,2026-05-17,93.33,electronics,online_banking,IE,False,
t001683,acc_0032,2026-05-17,200.47,online retail,mobile_app,IE,False,
t001723,acc_0033,2026-05-17,343.33,transfer,card_not_present,IE,False,
t001803,acc_0034,2026-05-17,198.08,travel,online_banking,IE,False,
t001879,acc_0035,2026-05-17,21.8,online retail,card_not_present,IE,False,
t001919,acc_0036,2026-05-17,155.24,transfer,card_present,IE,False,
t001997,acc_0039,2026-05-17,84.5,groceries,card_not_present,IE,False,
t002041,acc_0041,2026-05-17,125.82,online retail,card_present,IE,False,
t002135,acc_0044,2026-05-17,23.74,fuel,card_not_present,IE,False,
t002225,acc_0045,2026-05-17,129.58,utilities,online_banking,IE,False,
t002279,acc_0046,2026-05-17,45.93,fuel,card_present,IE,False,
t002316,acc_0047,2026-05-17,271.29,travel,mobile_app,IE,False,
t002443,acc_0050,2026-05-17,32.56,electronics,card_present,IE,False,
t002566,acc_0052,2026-05-17,15.16,travel,mobile_app,IE,False,
t002618,acc_0053,2026-05-17,16.34,utilities,mobile_app,IE,False,
t002684,acc_0054,2026-05-17,34.16,transfer,card_not_present,IE,False,
t002772,acc_0056,2026-05-17,7.83,groceries,mobile_app,IE,False,
t002834,acc_0057,2026-05-17,375.61,utilities,card_not_present,IE,False,
t002924,acc_0058,2026-05-17,389.35,online retail,mobile_app,IE,False,
t003068,acc_0060,2026-05-17,45.29,electronics,online_banking,IE,False,
t003144,acc_0061,2026-05-17,181.44,restaurants,online_banking,IE,False,
t003234,acc_0062,2026-05-17,102.98,fuel,card_present,IE,False,
t003324,acc_0063,2026-05-17,136.27,groceries,card_not_present,IE,False,
t003457,acc_0065,2026-05-17,67.95,utilities,online_banking,IE,False,
t003608,acc_0067,2026-05-17,5.77,electronics,card_not_present,IE,False,
t003698,acc_0068,2026-05-17,307.02,electronics,card_present,IE,False,
t003750,acc_0069,2026-05-17,13.61,groceries,mobile_app,IE,False,
t003793,acc_0070,2026-05-17,122.39,travel,online_banking,IE,False,
t003870,acc_0071,2026-05-17,18.48,transfer,card_present,IE,False,
t003968,acc_0073,2026-05-17,136.12,transfer,card_present,IE,False,
t004003,acc_0074,2026-05-17,80.68,electronics,card_present,IE,False,
t004046,acc_0075,2026-05-17,346.67,fuel,online_banking,IE,False,
t004103,acc_0076,2026-05-17,173.08,restaurants,card_present,IE,False,
t004260,acc_0081,2026-05-17,174.53,pharmacy,online_banking,IE,False,
t004518,acc_0086,2026-05-17,113.99,travel,card_not_present,IE,False,
t004597,acc_0087,2026-05-17,70.85,online retail,online_banking,IE,False,
t004676,acc_0088,2026-05-17,44.91,electronics,online_banking,IE,False,
t004766,acc_0089,2026-05-17,12.94,pharmacy,card_not_present,IE,False,
t005003,acc_0095,2026-05-17,38.26,transfer,mobile_app,IE,False,
t005193,acc_0099,2026-05-17,97.44,transfer,card_present,IE,False,
t005304,acc_0101,2026-05-17,21.66,electronics,card_present,IE,False,
t005426,acc_0103,2026-05-17,53.75,groceries,mobile_app,IE,False,
t005503,acc_0104,2026-05-17,13.53,pharmacy,online_banking,IE,False,
t005577,acc_0105,2026-05-17,293.05,fuel,mobile_app,IE,False,
t005808,acc_0110,2026-05-17,27.96,fuel,mobile_app,IE,False,
t005936,acc_0112,2026-05-17,60.05,groceries,card_present,IE,False,
t006002,acc_0113,2026-05-17,289.93,restaurants,card_not_present,IE,False,
t006190,acc_0117,2026-05-17,54.32,utilities,online_banking,IE,False,
t006377,acc_0121,2026-05-17,47.46,utilities,card_present,IE,False,
t006444,acc_0122,2026-05-17,67.0,electronics,card_not_present,IE,False,
t006523,acc_0123,2026-05-17,209.54,electronics,online_banking,IE,False,
t006668,acc_0126,2026-05-17,81.23,pharmacy,online_banking,IE,False,
t006741,acc_0127,2026-05-17,102.59,utilities,mobile_app,IE,False,
t006819,acc_0128,2026-05-17,11.01,online retail,card_not_present,IE,False,
t006961,acc_0131,2026-05-17,28.9,groceries,card_present,IE,False,
t007038,acc_0132,2026-05-17,164.46,online retail,card_present,IE,False,
t007087,acc_0133,2026-05-17,340.04,utilities,card_not_present,IE,False,
t007135,acc_0135,2026-05-17,124.29,utilities,online_banking,IE,False,
t007199,acc_0136,2026-05-17,45.11,electronics,mobile_app,IE,False,
t007397,acc_0140,2026-05-17,412.8,transfer,card_not_present,IE,False,
t007440,acc_0141,2026-05-17,19.67,online retail,online_banking,IE,False,
t007508,acc_0142,2026-05-17,177.74,electronics,online_banking,IE,False,
t007684,acc_0147,2026-05-17,32.27,groceries,online_banking,IE,False,
t007759,acc_0148,2026-05-17,20.49,groceries,card_present,IE,False,
t007834,acc_0149,2026-05-17,80.7,utilities,mobile_app,IE,False,
t007912,acc_0151,2026-05-17,13.67,pharmacy,online_banking,IE,False,
t007960,acc_0153,2026-05-17,63.36,groceries,mobile_app,IE,False,
t007991,acc_0154,2026-05-17,19.51,pharmacy,card_not_present,IE,False,
t008050,acc_0155,2026-05-17,309.1,groceries,online_banking,IE,False,
t008153,acc_0157,2026-05-17,138.42,fuel,online_banking,IE,False,
t008291,acc_0159,2026-05-17,21.24,utilities,card_present,IE,False,
t008410,acc_0161,2026-05-17,106.08,utilities,card_not_present,IE,False,
t008520,acc_0163,2026-05-17,142.99,groceries,mobile_app,IE,False,
t008622,acc_0165,2026-05-17,25.98,groceries,online_banking,IE,False,
t008700,acc_0166,2026-05-17,19.38,transfer,online_banking,IE,False,
t008812,acc_0168,2026-05-17,93.27,groceries,mobile_app,IE,False,
t008932,acc_0170,2026-05-17,122.33,online retail,online_banking,IE,False,
t009022,acc_0171,2026-05-17,20.05,travel,card_not_present,IE,False,
t009112,acc_0172,2026-05-17,66.96,electronics,card_present,IE,False,
t009238,acc_0174,2026-05-17,89.82,utilities,card_present,IE,False,
t009315,acc_0175,2026-05-17,24.22,fuel,card_present,IE,False,
t009395,acc_0176,2026-05-17,391.99,electronics,card_present,IE,False,
t009465,acc_0177,2026-05-17,12.81,restaurants,card_not_present,IE,False,
t009540,acc_0178,2026-05-17,16.79,groceries,online_banking,IE,False,
t009614,acc_0179,2026-05-17,55.63,travel,card_present,IE,False,
t009666,acc_0180,2026-05-17,55.43,utilities,mobile_app,IE,False,
t009745,acc_0181,2026-05-17,74.74,utilities,card_not_present,IE,False,
t009835,acc_0182,2026-05-17,110.31,utilities,card_present,IE,False,
t009887,acc_0183,2026-05-17,17.4,online retail,card_present,IE,False,
t009971,acc_0186,2026-05-17,16.35,electronics,card_present,IE,False,
t010034,acc_0188,2026-05-17,22.57,pharmacy,mobile_app,IE,False,
t010098,acc_0189,2026-05-17,322.71,travel,card_not_present,IE,False,
t010188,acc_0190,2026-05-17,114.02,groceries,mobile_app,IE,False,
t010243,acc_0191,2026-05-17,65.82,travel,card_present,IE,False,
t010300,acc_0193,2026-05-17,125.82,pharmacy,online_banking,IE,False,
t010354,acc_0194,2026-05-17,130.76,electronics,online_banking,IE,False,
t010407,acc_0195,2026-05-17,115.23,transfer,card_present,IE,False,
t010503,acc_0197,2026-05-17,92.79,groceries,mobile_app,IE,False,
t010548,acc_0198,2026-05-17,142.4,fuel,mobile_app,IE,False,
t010598,acc_0199,2026-05-17,13.42,groceries,mobile_app,IE,False,
t010768,acc_0061,2026-05-17,151.46,online retail,card_not_present,IE,False,rapid_burst
t010769,acc_0061,2026-05-17,123.18,online retail,card_not_present,IE,False,rapid_burst
t010770,acc_0061,2026-05-17,99.66,online retail,card_not_present,IE,False,rapid_burst
t010771,acc_0061,2026-05-17,153.23,online retail,card_not_present,IE,False,rapid_burst
t010772,acc_0061,2026-05-17,145.78,online retail,card_not_present,IE,False,rapid_burst
t010773,acc_0061,2026-05-17,157.04,online retail,card_not_present,IE,False,rapid_burst
t010774,acc_0061,2026-05-17,123.86,online retail,card_not_present,IE,False,rapid_burst
t010775,acc_0061,2026-05-17,116.61,online retail,card_not_present,IE,False,rapid_burst
t010776,acc_0061,2026-05-17,117.37,online retail,card_not_present,IE,False,rapid_burst
t010872,acc_0119,2026-05-17,985.0,transfer,online_banking,IE,False,threshold_structuring
t010873,acc_0119,2026-05-17,995.0,transfer,online_banking,IE,False,threshold_structuring
t000067,acc_0001,2026-05-18,237.67,fuel,card_present,IE,False,
t000166,acc_0003,2026-05-18,33.75,fuel,card_not_present,IE,False,
t000315,acc_0006,2026-05-18,151.68,pharmacy,card_not_present,IE,False,
t000369,acc_0007,2026-05-18,46.19,groceries,card_present,IE,False,
t000489,acc_0009,2026-05-18,30.26,transfer,mobile_app,IE,False,
t000754,acc_0014,2026-05-18,7.4,fuel,online_banking,IE,False,
t000857,acc_0016,2026-05-18,62.03,electronics,card_not_present,IE,False,
t000940,acc_0017,2026-05-18,121.73,utilities,mobile_app,IE,False,
t000983,acc_0018,2026-05-18,150.22,transfer,online_banking,IE,False,
t001049,acc_0019,2026-05-18,57.92,pharmacy,mobile_app,IE,False,
t001188,acc_0021,2026-05-18,179.64,pharmacy,mobile_app,IE,False,
t001265,acc_0022,2026-05-18,21.18,fuel,online_banking,IE,False,
t001317,acc_0023,2026-05-18,77.65,travel,mobile_app,IE,False,
t001471,acc_0027,2026-05-18,22.42,utilities,card_present,IE,False,
t001536,acc_0029,2026-05-18,116.02,fuel,card_present,IE,False,
t001633,acc_0031,2026-05-18,42.95,travel,online_banking,IE,False,
t001724,acc_0033,2026-05-18,136.14,restaurants,card_present,IE,False,
t001804,acc_0034,2026-05-18,70.16,pharmacy,card_present,IE,False,
t001880,acc_0035,2026-05-18,59.99,fuel,card_present,IE,False,
t001920,acc_0036,2026-05-18,88.37,groceries,mobile_app,IE,False,
t002136,acc_0044,2026-05-18,58.06,electronics,card_not_present,IE,False,
t002226,acc_0045,2026-05-18,53.68,pharmacy,mobile_app,IE,False,
t002444,acc_0050,2026-05-18,12.8,electronics,online_banking,IE,False,
t002516,acc_0051,2026-05-18,134.18,transfer,card_not_present,IE,False,
t002619,acc_0053,2026-05-18,34.57,transfer,mobile_app,IE,False,
t002685,acc_0054,2026-05-18,34.44,utilities,mobile_app,IE,False,
t002773,acc_0056,2026-05-18,21.72,pharmacy,card_not_present,IE,False,
t002835,acc_0057,2026-05-18,104.19,online retail,card_not_present,IE,False,
t002925,acc_0058,2026-05-18,143.79,fuel,online_banking,IE,False,
t002998,acc_0059,2026-05-18,150.82,travel,card_present,IE,False,
t003145,acc_0061,2026-05-18,79.56,pharmacy,mobile_app,IE,False,
t003235,acc_0062,2026-05-18,76.2,restaurants,online_banking,IE,False,
t003325,acc_0063,2026-05-18,274.62,utilities,mobile_app,IE,False,
t003458,acc_0065,2026-05-18,51.63,groceries,mobile_app,IE,False,
t003533,acc_0066,2026-05-18,40.55,online retail,card_present,IE,False,
t003609,acc_0067,2026-05-18,53.38,utilities,online_banking,IE,False,
t003699,acc_0068,2026-05-18,126.42,online retail,mobile_app,IE,False,
t003794,acc_0070,2026-05-18,58.51,transfer,card_not_present,IE,False,
t003871,acc_0071,2026-05-18,16.53,travel,card_not_present,IE,False,
t003969,acc_0073,2026-05-18,69.16,fuel,card_present,IE,False,
t004169,acc_0079,2026-05-18,77.26,utilities,card_not_present,IE,False,
t004261,acc_0081,2026-05-18,102.95,restaurants,mobile_app,IE,False,
t004403,acc_0084,2026-05-18,312.21,restaurants,online_banking,IE,False,
t004456,acc_0085,2026-05-18,360.89,groceries,mobile_app,IE,False,
t004519,acc_0086,2026-05-18,175.76,online retail,online_banking,IE,False,
t004598,acc_0087,2026-05-18,277.21,fuel,online_banking,IE,False,
t004677,acc_0088,2026-05-18,15.87,travel,online_banking,IE,False,
t004767,acc_0089,2026-05-18,60.75,pharmacy,card_present,IE,False,
t005004,acc_0095,2026-05-18,68.1,fuel,card_present,IE,False,
t005096,acc_0097,2026-05-18,4.34,pharmacy,mobile_app,IE,False,
t005132,acc_0098,2026-05-18,33.53,restaurants,mobile_app,IE,False,
t005194,acc_0099,2026-05-18,53.82,groceries,card_not_present,IE,False,
t005256,acc_0100,2026-05-18,506.56,transfer,card_not_present,IE,False,
t005305,acc_0101,2026-05-18,50.39,restaurants,online_banking,IE,False,
t005427,acc_0103,2026-05-18,61.36,utilities,card_not_present,IE,False,
t005578,acc_0105,2026-05-18,104.29,pharmacy,card_not_present,IE,False,
t005631,acc_0106,2026-05-18,213.01,utilities,card_present,IE,False,
t005673,acc_0107,2026-05-18,49.87,transfer,online_banking,IE,False,
t005723,acc_0108,2026-05-18,18.29,fuel,card_not_present,IE,False,
t005809,acc_0110,2026-05-18,16.32,groceries,card_present,IE,False,
t006003,acc_0113,2026-05-18,372.83,pharmacy,card_present,IE,False,
t006113,acc_0115,2026-05-18,26.31,electronics,card_present,IE,False,
t006191,acc_0117,2026-05-18,43.48,pharmacy,card_not_present,IE,False,
t006247,acc_0118,2026-05-18,56.34,groceries,online_banking,IE,False,
t006328,acc_0120,2026-05-18,26.83,online retail,online_banking,IE,False,
t006445,acc_0122,2026-05-18,39.84,electronics,online_banking,IE,False,
t006524,acc_0123,2026-05-18,22.41,transfer,mobile_app,IE,False,
t006669,acc_0126,2026-05-18,43.23,online retail,card_present,IE,False,
t006742,acc_0127,2026-05-18,234.88,electronics,online_banking,IE,False,
t006820,acc_0128,2026-05-18,9.11,utilities,online_banking,IE,False,
t006962,acc_0131,2026-05-18,62.39,fuel,mobile_app,IE,False,
t007200,acc_0136,2026-05-18,65.73,travel,card_not_present,IE,False,
t007331,acc_0139,2026-05-18,24.22,groceries,mobile_app,IE,False,
t007398,acc_0140,2026-05-18,135.07,travel,mobile_app,IE,False,
t007509,acc_0142,2026-05-18,190.18,pharmacy,mobile_app,IE,False,
t007685,acc_0147,2026-05-18,18.99,restaurants,card_not_present,IE,False,
t007835,acc_0149,2026-05-18,63.17,electronics,mobile_app,IE,False,
t007936,acc_0152,2026-05-18,218.26,restaurants,mobile_app,IE,False,
t007961,acc_0153,2026-05-18,85.01,pharmacy,card_not_present,IE,False,
t008092,acc_0156,2026-05-18,117.09,transfer,mobile_app,IE,False,
t008154,acc_0157,2026-05-18,198.4,electronics,card_present,IE,False,
t008411,acc_0161,2026-05-18,451.33,travel,card_present,IE,False,
t008521,acc_0163,2026-05-18,102.99,travel,online_banking,IE,False,
t008623,acc_0165,2026-05-18,69.41,groceries,card_present,IE,False,
t008701,acc_0166,2026-05-18,83.35,pharmacy,card_not_present,IE,False,
t008813,acc_0168,2026-05-18,98.94,online retail,online_banking,IE,False,
t008867,acc_0169,2026-05-18,560.61,fuel,online_banking,IE,False,
t008933,acc_0170,2026-05-18,115.79,online retail,online_banking,IE,False,
t009023,acc_0171,2026-05-18,114.35,groceries,card_not_present,IE,False,
t009113,acc_0172,2026-05-18,450.57,transfer,card_not_present,IE,False,
t009239,acc_0174,2026-05-18,27.39,utilities,card_present,IE,False,
t009316,acc_0175,2026-05-18,206.56,travel,online_banking,IE,False,
t009396,acc_0176,2026-05-18,253.75,transfer,card_not_present,IE,False,
t009541,acc_0178,2026-05-18,17.45,electronics,card_not_present,IE,False,
t009615,acc_0179,2026-05-18,18.36,electronics,online_banking,IE,False,
t009746,acc_0181,2026-05-18,35.41,restaurants,online_banking,IE,False,
t009836,acc_0182,2026-05-18,26.16,transfer,card_present,IE,False,
t009909,acc_0184,2026-05-18,360.64,utilities,mobile_app,IE,False,
t009934,acc_0185,2026-05-18,63.91,transfer,mobile_app,IE,False,
t010005,acc_0187,2026-05-18,25.58,restaurants,card_present,IE,False,
t010099,acc_0189,2026-05-18,74.0,fuel,card_present,IE,False,
t010189,acc_0190,2026-05-18,73.95,online retail,card_not_present,IE,False,
t010259,acc_0192,2026-05-18,8.35,fuel,online_banking,IE,False,
t010355,acc_0194,2026-05-18,175.84,pharmacy,mobile_app,IE,False,
t010408,acc_0195,2026-05-18,247.85,transfer,card_not_present,IE,False,
t010504,acc_0197,2026-05-18,67.98,fuel,online_banking,IE,False,
t010599,acc_0199,2026-05-18,8.74,groceries,mobile_app,IE,False,
t010668,acc_0020,2026-05-18,4701.77,electronics,card_not_present,IE,False,amount_spike
t000068,acc_0001,2026-05-19,144.2,electronics,mobile_app,IE,False,
t000111,acc_0002,2026-05-19,47.65,utilities,online_banking,IE,False,
t000167,acc_0003,2026-05-19,94.9,travel,online_banking,IE,False,
t000216,acc_0004,2026-05-19,431.77,online retail,online_banking,IE,False,
t000370,acc_0007,2026-05-19,104.69,groceries,card_not_present,IE,False,
t000422,acc_0008,2026-05-19,304.1,utilities,mobile_app,IE,False,
t000490,acc_0009,2026-05-19,57.13,utilities,card_present,IE,False,
t000587,acc_0011,2026-05-19,24.79,groceries,online_banking,IE,False,
t000677,acc_0013,2026-05-19,91.96,fuel,mobile_app,IE,False,
t000755,acc_0014,2026-05-19,21.48,pharmacy,online_banking,IE,False,
t000858,acc_0016,2026-05-19,116.04,electronics,card_not_present,IE,False,
t000984,acc_0018,2026-05-19,99.69,utilities,card_present,IE,False,
t001050,acc_0019,2026-05-19,76.41,pharmacy,card_not_present,IE,False,
t001124,acc_0020,2026-05-19,438.58,online retail,card_present,IE,False,
t001266,acc_0022,2026-05-19,20.43,travel,card_not_present,IE,False,
t001396,acc_0025,2026-05-19,37.16,online retail,online_banking,IE,False,
t001472,acc_0027,2026-05-19,16.86,pharmacy,card_not_present,IE,False,
t001537,acc_0029,2026-05-19,152.16,utilities,card_present,IE,False,
t001561,acc_0030,2026-05-19,182.75,pharmacy,card_present,IE,False,
t001634,acc_0031,2026-05-19,49.29,transfer,mobile_app,IE,False,
t001684,acc_0032,2026-05-19,253.47,utilities,card_not_present,IE,False,
t001725,acc_0033,2026-05-19,150.72,utilities,card_not_present,IE,False,
t001805,acc_0034,2026-05-19,190.01,utilities,online_banking,IE,False,
t001881,acc_0035,2026-05-19,54.03,fuel,online_banking,IE,False,
t001921,acc_0036,2026-05-19,109.52,electronics,mobile_app,IE,False,
t001998,acc_0039,2026-05-19,183.07,restaurants,card_not_present,IE,False,
t002063,acc_0042,2026-05-19,266.58,groceries,card_present,IE,False,
t002137,acc_0044,2026-05-19,33.79,electronics,online_banking,IE,False,
t002227,acc_0045,2026-05-19,54.46,travel,online_banking,IE,False,
t002445,acc_0050,2026-05-19,34.28,online retail,card_present,IE,False,
t002620,acc_0053,2026-05-19,19.72,groceries,card_not_present,IE,False,
t002686,acc_0054,2026-05-19,17.72,groceries,mobile_app,IE,False,
t002836,acc_0057,2026-05-19,212.35,restaurants,card_present,IE,False,
t002926,acc_0058,2026-05-19,261.05,electronics,mobile_app,IE,False,
t002999,acc_0059,2026-05-19,328.75,transfer,online_banking,IE,False,
t003069,acc_0060,2026-05-19,119.42,online retail,card_present,IE,False,
t003146,acc_0061,2026-05-19,170.87,restaurants,mobile_app,IE,False,
t003236,acc_0062,2026-05-19,56.76,travel,online_banking,IE,False,
t003326,acc_0063,2026-05-19,442.38,groceries,online_banking,IE,False,
t003459,acc_0065,2026-05-19,36.51,transfer,card_not_present,IE,False,
t003534,acc_0066,2026-05-19,172.71,pharmacy,online_banking,IE,False,
t003610,acc_0067,2026-05-19,47.32,fuel,online_banking,IE,False,
t003700,acc_0068,2026-05-19,29.95,pharmacy,online_banking,IE,False,
t003795,acc_0070,2026-05-19,86.29,online retail,online_banking,IE,False,
t003872,acc_0071,2026-05-19,41.06,restaurants,mobile_app,IE,False,
t004047,acc_0075,2026-05-19,160.28,utilities,online_banking,IE,False,
t004147,acc_0078,2026-05-19,13.44,restaurants,card_present,IE,False,
t004170,acc_0079,2026-05-19,95.98,electronics,card_present,IE,False,
t004262,acc_0081,2026-05-19,53.7,groceries,mobile_app,IE,False,
t004404,acc_0084,2026-05-19,123.3,groceries,online_banking,IE,False,
t004457,acc_0085,2026-05-19,269.68,pharmacy,online_banking,IE,False,
t004520,acc_0086,2026-05-19,197.38,online retail,card_present,IE,False,
t004678,acc_0088,2026-05-19,39.09,groceries,online_banking,IE,False,
t004768,acc_0089,2026-05-19,24.18,fuel,online_banking,IE,False,
t004844,acc_0090,2026-05-19,64.28,groceries,online_banking,IE,False,
t004882,acc_0091,2026-05-19,26.0,online retail,card_not_present,IE,False,
t005005,acc_0095,2026-05-19,17.71,restaurants,online_banking,IE,False,
t005195,acc_0099,2026-05-19,39.93,online retail,online_banking,IE,False,
t005257,acc_0100,2026-05-19,412.83,electronics,mobile_app,IE,False,
t005306,acc_0101,2026-05-19,49.86,utilities,mobile_app,IE,False,
t005358,acc_0102,2026-05-19,42.02,travel,mobile_app,IE,False,
t005428,acc_0103,2026-05-19,104.59,transfer,online_banking,IE,False,
t005504,acc_0104,2026-05-19,90.48,restaurants,mobile_app,IE,False,
t005579,acc_0105,2026-05-19,83.87,pharmacy,mobile_app,IE,False,
t005632,acc_0106,2026-05-19,225.95,transfer,card_not_present,IE,False,
t005674,acc_0107,2026-05-19,263.62,online retail,card_present,IE,False,
t005810,acc_0110,2026-05-19,49.31,utilities,online_banking,IE,False,
t005889,acc_0111,2026-05-19,62.95,fuel,card_present,IE,False,
t006004,acc_0113,2026-05-19,210.26,transfer,mobile_app,IE,False,
t006114,acc_0115,2026-05-19,6.63,pharmacy,online_banking,IE,False,
t006148,acc_0116,2026-05-19,90.4,transfer,card_not_present,IE,False,
t006248,acc_0118,2026-05-19,124.27,online retail,card_present,IE,False,
t006289,acc_0119,2026-05-19,29.35,travel,mobile_app,IE,False,
t006329,acc_0120,2026-05-19,12.39,groceries,online_banking,IE,False,
t006446,acc_0122,2026-05-19,22.81,pharmacy,card_not_present,IE,False,
t006670,acc_0126,2026-05-19,45.52,pharmacy,card_present,IE,False,
t006743,acc_0127,2026-05-19,104.26,online retail,online_banking,IE,False,
t006821,acc_0128,2026-05-19,41.72,utilities,online_banking,IE,False,
t006870,acc_0129,2026-05-19,107.14,fuel,card_not_present,IE,False,
t006963,acc_0131,2026-05-19,68.14,utilities,mobile_app,IE,False,
t007039,acc_0132,2026-05-19,406.68,electronics,mobile_app,IE,False,
t007201,acc_0136,2026-05-19,57.76,electronics,card_present,IE,False,
t007287,acc_0138,2026-05-19,120.96,electronics,card_not_present,IE,False,
t007332,acc_0139,2026-05-19,42.8,electronics,card_present,IE,False,
t007399,acc_0140,2026-05-19,350.88,transfer,online_banking,IE,False,
t007441,acc_0141,2026-05-19,46.06,online retail,card_not_present,IE,False,
t007510,acc_0142,2026-05-19,658.43,transfer,card_present,IE,False,
t007686,acc_0147,2026-05-19,35.82,restaurants,card_not_present,IE,False,
t007836,acc_0149,2026-05-19,144.85,travel,online_banking,IE,False,
t007992,acc_0154,2026-05-19,15.92,pharmacy,card_not_present,IE,False,
t008093,acc_0156,2026-05-19,32.06,pharmacy,card_not_present,IE,False,
t008155,acc_0157,2026-05-19,137.27,transfer,mobile_app,IE,False,
t008230,acc_0158,2026-05-19,17.72,online retail,mobile_app,IE,False,
t008412,acc_0161,2026-05-19,215.16,restaurants,card_present,IE,False,
t008522,acc_0163,2026-05-19,255.0,electronics,card_present,IE,False,
t008566,acc_0164,2026-05-19,134.84,travel,mobile_app,IE,False,
t008702,acc_0166,2026-05-19,45.26,pharmacy,card_not_present,IE,False,
t008814,acc_0168,2026-05-19,128.92,fuel,online_banking,IE,False,
t008868,acc_0169,2026-05-19,105.96,travel,card_present,IE,False,
t008934,acc_0170,2026-05-19,80.6,pharmacy,card_present,IE,False,
t009024,acc_0171,2026-05-19,30.07,utilities,mobile_app,IE,False,
t009114,acc_0172,2026-05-19,198.93,electronics,card_present,IE,False,
t009176,acc_0173,2026-05-19,10.75,utilities,card_present,IE,False,
t009240,acc_0174,2026-05-19,33.25,restaurants,card_present,IE,False,
t009317,acc_0175,2026-05-19,27.94,transfer,card_present,IE,False,
t009397,acc_0176,2026-05-19,302.69,utilities,card_not_present,IE,False,
t009542,acc_0178,2026-05-19,9.68,travel,card_present,IE,False,
t009667,acc_0180,2026-05-19,33.25,electronics,online_banking,IE,False,
t009747,acc_0181,2026-05-19,39.75,online retail,card_not_present,IE,False,
t009837,acc_0182,2026-05-19,70.86,fuel,mobile_app,IE,False,
t009910,acc_0184,2026-05-19,93.0,fuel,mobile_app,IE,False,
t010100,acc_0189,2026-05-19,190.8,online retail,card_not_present,IE,False,
t010190,acc_0190,2026-05-19,162.44,transfer,card_present,IE,False,
t010356,acc_0194,2026-05-19,227.78,pharmacy,card_not_present,IE,False,
t010454,acc_0196,2026-05-19,13.24,online retail,card_present,IE,False,
t010505,acc_0197,2026-05-19,42.49,fuel,card_not_present,IE,False,
t010549,acc_0198,2026-05-19,165.9,pharmacy,card_present,IE,False,
t010924,acc_0137,2026-05-19,66.26,online retail,card_not_present,IE,False,rapid_burst
t010925,acc_0137,2026-05-19,111.94,online retail,card_not_present,IE,False,rapid_burst
t010926,acc_0137,2026-05-19,94.83,online retail,card_not_present,IE,False,rapid_burst
t010927,acc_0137,2026-05-19,81.81,online retail,card_not_present,IE,False,rapid_burst
t010928,acc_0137,2026-05-19,104.13,online retail,card_not_present,IE,False,rapid_burst
t010929,acc_0137,2026-05-19,75.9,online retail,card_not_present,IE,False,rapid_burst
t010930,acc_0137,2026-05-19,99.35,online retail,card_not_present,IE,False,rapid_burst
t011034,acc_0177,2026-05-19,24.84,online retail,card_not_present,IE,False,rapid_burst
t011035,acc_0177,2026-05-19,24.14,online retail,card_not_present,IE,False,rapid_burst
t011036,acc_0177,2026-05-19,30.02,online retail,card_not_present,IE,False,rapid_burst
t011037,acc_0177,2026-05-19,25.32,online retail,card_not_present,IE,False,rapid_burst
t011038,acc_0177,2026-05-19,27.86,online retail,card_not_present,IE,False,rapid_burst
t011039,acc_0177,2026-05-19,33.17,online retail,card_not_present,IE,False,rapid_burst
t011040,acc_0177,2026-05-19,26.18,online retail,card_not_present,IE,False,rapid_burst
t011041,acc_0177,2026-05-19,29.35,online retail,card_not_present,IE,False,rapid_burst
t011042,acc_0177,2026-05-19,27.51,online retail,card_not_present,IE,False,rapid_burst
t000069,acc_0001,2026-05-20,127.98,fuel,card_present,IE,False,
t000168,acc_0003,2026-05-20,65.33,travel,online_banking,IE,False,
t000316,acc_0006,2026-05-20,313.04,fuel,mobile_app,IE,False,
t000371,acc_0007,2026-05-20,29.78,online retail,card_not_present,IE,False,
t000423,acc_0008,2026-05-20,154.21,pharmacy,card_not_present,IE,False,
t000491,acc_0009,2026-05-20,45.71,online retail,card_not_present,IE,False,
t000629,acc_0012,2026-05-20,15.15,fuel,card_present,IE,False,
t000678,acc_0013,2026-05-20,28.51,restaurants,card_not_present,IE,False,
t000756,acc_0014,2026-05-20,21.3,restaurants,mobile_app,IE,False,
t000859,acc_0016,2026-05-20,59.61,groceries,card_present,IE,False,
t000941,acc_0017,2026-05-20,501.67,pharmacy,card_present,IE,False,
t000985,acc_0018,2026-05-20,128.36,groceries,card_present,IE,False,
t001051,acc_0019,2026-05-20,63.69,restaurants,online_banking,IE,False,
t001125,acc_0020,2026-05-20,235.17,electronics,card_not_present,IE,False,
t001189,acc_0021,2026-05-20,214.4,pharmacy,card_present,IE,False,
t001267,acc_0022,2026-05-20,34.65,utilities,card_not_present,IE,False,
t001351,acc_0024,2026-05-20,217.8,groceries,card_present,IE,False,
t001397,acc_0025,2026-05-20,96.07,online retail,card_present,IE,False,
t001562,acc_0030,2026-05-20,218.73,groceries,card_present,IE,False,
t001635,acc_0031,2026-05-20,45.59,fuel,online_banking,IE,False,
t001806,acc_0034,2026-05-20,252.08,utilities,mobile_app,IE,False,
t001882,acc_0035,2026-05-20,37.75,utilities,mobile_app,IE,False,
t001922,acc_0036,2026-05-20,100.71,online retail,card_present,IE,False,
t001999,acc_0039,2026-05-20,214.71,pharmacy,card_present,IE,False,
t002023,acc_0040,2026-05-20,121.07,fuel,mobile_app,IE,False,
t002138,acc_0044,2026-05-20,25.9,groceries,card_present,IE,False,
t002228,acc_0045,2026-05-20,57.3,pharmacy,card_present,IE,False,
t002317,acc_0047,2026-05-20,126.5,fuel,online_banking,IE,False,
t002446,acc_0050,2026-05-20,16.13,travel,card_not_present,IE,False,
t002517,acc_0051,2026-05-20,159.31,electronics,mobile_app,IE,False,
t002567,acc_0052,2026-05-20,11.31,travel,online_banking,IE,False,
t002621,acc_0053,2026-05-20,18.91,travel,online_banking,IE,False,
t002687,acc_0054,2026-05-20,16.36,fuel,card_present,IE,False,
t002739,acc_0055,2026-05-20,257.33,fuel,card_present,IE,False,
t002837,acc_0057,2026-05-20,136.16,restaurants,card_present,IE,False,
t002927,acc_0058,2026-05-20,327.59,online retail,mobile_app,IE,False,
t003000,acc_0059,2026-05-20,331.1,online retail,online_banking,IE,False,
t003147,acc_0061,2026-05-20,426.12,fuel,online_banking,IE,False,
t003237,acc_0062,2026-05-20,175.09,electronics,online_banking,IE,False,
t003327,acc_0063,2026-05-20,140.57,electronics,mobile_app,IE,False,
t003460,acc_0065,2026-05-20,48.07,utilities,mobile_app,IE,False,
t003535,acc_0066,2026-05-20,21.38,fuel,mobile_app,IE,False,
t003611,acc_0067,2026-05-20,25.24,pharmacy,card_not_present,IE,False,
t003701,acc_0068,2026-05-20,50.9,transfer,card_not_present,IE,False,
t003873,acc_0071,2026-05-20,13.13,travel,card_present,IE,False,
t003970,acc_0073,2026-05-20,287.53,pharmacy,card_present,IE,False,
t004048,acc_0075,2026-05-20,302.72,transfer,mobile_app,IE,False,
t004128,acc_0077,2026-05-20,24.29,restaurants,card_not_present,IE,False,
t004171,acc_0079,2026-05-20,65.76,groceries,online_banking,IE,False,
t004263,acc_0081,2026-05-20,72.38,transfer,card_not_present,IE,False,
t004321,acc_0082,2026-05-20,36.25,travel,online_banking,IE,False,
t004364,acc_0083,2026-05-20,148.49,electronics,mobile_app,IE,False,
t004405,acc_0084,2026-05-20,91.96,electronics,card_not_present,IE,False,
t004458,acc_0085,2026-05-20,476.51,online retail,card_present,IE,False,
t004521,acc_0086,2026-05-20,129.24,online retail,card_present,IE,False,
t004679,acc_0088,2026-05-20,189.42,restaurants,mobile_app,IE,False,
t004769,acc_0089,2026-05-20,58.52,fuel,mobile_app,IE,False,
t004845,acc_0090,2026-05-20,57.17,transfer,mobile_app,IE,False,
t005006,acc_0095,2026-05-20,17.26,restaurants,card_not_present,IE,False,
t005196,acc_0099,2026-05-20,73.43,fuel,card_not_present,IE,False,
t005258,acc_0100,2026-05-20,169.18,restaurants,card_present,IE,False,
t005307,acc_0101,2026-05-20,79.25,pharmacy,card_not_present,IE,False,
t005429,acc_0103,2026-05-20,145.66,groceries,online_banking,IE,False,
t005505,acc_0104,2026-05-20,20.42,online retail,online_banking,IE,False,
t005580,acc_0105,2026-05-20,189.44,travel,card_present,IE,False,
t005675,acc_0107,2026-05-20,196.78,groceries,mobile_app,IE,False,
t005754,acc_0109,2026-05-20,14.67,transfer,online_banking,IE,False,
t005811,acc_0110,2026-05-20,9.78,fuel,card_present,IE,False,
t005890,acc_0111,2026-05-20,90.65,fuel,mobile_app,IE,False,
t005937,acc_0112,2026-05-20,21.73,transfer,mobile_app,IE,False,
t006005,acc_0113,2026-05-20,158.63,travel,card_present,IE,False,
t006077,acc_0114,2026-05-20,11.55,online retail,card_not_present,IE,False,
t006192,acc_0117,2026-05-20,76.22,electronics,online_banking,IE,False,
t006249,acc_0118,2026-05-20,75.71,transfer,card_not_present,IE,False,
t006290,acc_0119,2026-05-20,97.37,fuel,online_banking,IE,False,
t006330,acc_0120,2026-05-20,27.51,pharmacy,card_not_present,IE,False,
t006447,acc_0122,2026-05-20,51.1,utilities,card_present,IE,False,
t006525,acc_0123,2026-05-20,74.24,transfer,online_banking,IE,False,
t006671,acc_0126,2026-05-20,87.78,restaurants,card_present,IE,False,
t006744,acc_0127,2026-05-20,70.01,pharmacy,online_banking,IE,False,
t006822,acc_0128,2026-05-20,11.74,utilities,online_banking,IE,False,
t006964,acc_0131,2026-05-20,36.99,fuel,card_not_present,IE,False,
t007040,acc_0132,2026-05-20,98.47,groceries,mobile_app,IE,False,
t007136,acc_0135,2026-05-20,77.77,transfer,mobile_app,IE,False,
t007202,acc_0136,2026-05-20,55.55,groceries,online_banking,IE,False,
t007263,acc_0137,2026-05-20,91.26,online retail,card_present,IE,False,
t007400,acc_0140,2026-05-20,447.91,electronics,card_present,IE,False,
t007442,acc_0141,2026-05-20,40.57,restaurants,card_not_present,IE,False,
t007511,acc_0142,2026-05-20,287.47,travel,online_banking,IE,False,
t007572,acc_0143,2026-05-20,27.06,fuel,mobile_app,IE,False,
t007687,acc_0147,2026-05-20,22.82,travel,card_present,IE,False,
t007837,acc_0149,2026-05-20,74.98,online retail,card_not_present,IE,False,
t007913,acc_0151,2026-05-20,34.08,online retail,card_present,IE,False,
t007993,acc_0154,2026-05-20,45.55,travel,card_present,IE,False,
t008156,acc_0157,2026-05-20,110.83,electronics,mobile_app,IE,False,
t008292,acc_0159,2026-05-20,40.55,fuel,online_banking,IE,False,
t008413,acc_0161,2026-05-20,293.64,pharmacy,card_not_present,IE,False,
t008523,acc_0163,2026-05-20,585.35,online retail,card_present,IE,False,
t008624,acc_0165,2026-05-20,59.69,pharmacy,mobile_app,IE,False,
t008703,acc_0166,2026-05-20,45.13,pharmacy,online_banking,IE,False,
t008755,acc_0167,2026-05-20,94.89,restaurants,mobile_app,IE,False,
t008815,acc_0168,2026-05-20,81.01,groceries,card_present,IE,False,
t008869,acc_0169,2026-05-20,104.89,electronics,mobile_app,IE,False,
t008935,acc_0170,2026-05-20,161.19,travel,card_present,IE,False,
t009025,acc_0171,2026-05-20,74.74,fuel,card_present,IE,False,
t009115,acc_0172,2026-05-20,135.55,online retail,card_not_present,IE,False,
t009177,acc_0173,2026-05-20,25.73,restaurants,mobile_app,IE,False,
t009241,acc_0174,2026-05-20,133.17,transfer,mobile_app,IE,False,
t009318,acc_0175,2026-05-20,75.91,restaurants,online_banking,IE,False,
t009398,acc_0176,2026-05-20,397.04,electronics,card_not_present,IE,False,
t009543,acc_0178,2026-05-20,24.77,transfer,online_banking,IE,False,
t009616,acc_0179,2026-05-20,27.61,pharmacy,online_banking,IE,False,
t009668,acc_0180,2026-05-20,110.75,transfer,mobile_app,IE,False,
t009748,acc_0181,2026-05-20,61.34,groceries,mobile_app,IE,False,
t009838,acc_0182,2026-05-20,31.72,online retail,mobile_app,IE,False,
t009972,acc_0186,2026-05-20,27.21,utilities,card_present,IE,False,
t010035,acc_0188,2026-05-20,22.2,pharmacy,mobile_app,IE,False,
t010101,acc_0189,2026-05-20,243.16,electronics,online_banking,IE,False,
t010191,acc_0190,2026-05-20,64.31,groceries,mobile_app,IE,False,
t010357,acc_0194,2026-05-20,199.15,restaurants,mobile_app,IE,False,
t010409,acc_0195,2026-05-20,82.94,online retail,online_banking,IE,False,
t010455,acc_0196,2026-05-20,25.18,restaurants,online_banking,IE,False,
t010506,acc_0197,2026-05-20,68.67,pharmacy,card_not_present,IE,False,
t010550,acc_0198,2026-05-20,183.88,groceries,online_banking,IE,False,
t010749,acc_0048,2026-05-20,3907.09,electronics,card_not_present,IE,False,amount_spike
t010838,acc_0101,2026-05-20,32.89,online retail,card_not_present,IE,False,rapid_burst
t010839,acc_0101,2026-05-20,41.46,online retail,card_not_present,IE,False,rapid_burst
t010840,acc_0101,2026-05-20,34.33,online retail,card_not_present,IE,False,rapid_burst
t010841,acc_0101,2026-05-20,30.22,online retail,card_not_present,IE,False,rapid_burst
t010842,acc_0101,2026-05-20,25.06,online retail,card_not_present,IE,False,rapid_burst
t010843,acc_0101,2026-05-20,33.09,online retail,card_not_present,IE,False,rapid_burst
t010844,acc_0101,2026-05-20,35.57,online retail,card_not_present,IE,False,rapid_burst
t010845,acc_0101,2026-05-20,30.19,online retail,card_not_present,IE,False,rapid_burst
t010846,acc_0101,2026-05-20,33.72,online retail,card_not_present,IE,False,rapid_burst
t010954,acc_0148,2026-05-20,845.04,electronics,card_not_present,IE,False,amount_spike
t000070,acc_0001,2026-05-21,67.45,restaurants,mobile_app,IE,False,
t000169,acc_0003,2026-05-21,75.27,fuel,online_banking,IE,False,
t000265,acc_0005,2026-05-21,20.58,fuel,online_banking,IE,False,
t000372,acc_0007,2026-05-21,91.6,groceries,card_present,IE,False,
t000492,acc_0009,2026-05-21,106.98,electronics,mobile_app,IE,False,
t000679,acc_0013,2026-05-21,190.22,pharmacy,card_not_present,IE,False,
t000757,acc_0014,2026-05-21,30.59,electronics,card_not_present,IE,False,
t000860,acc_0016,2026-05-21,67.6,utilities,card_not_present,IE,False,
t001052,acc_0019,2026-05-21,100.07,pharmacy,online_banking,IE,False,
t001268,acc_0022,2026-05-21,55.56,electronics,card_not_present,IE,False,
t001352,acc_0024,2026-05-21,241.08,pharmacy,card_not_present,IE,False,
t001398,acc_0025,2026-05-21,31.3,electronics,online_banking,IE,False,
t001473,acc_0027,2026-05-21,12.7,groceries,online_banking,IE,False,
t001636,acc_0031,2026-05-21,67.66,pharmacy,online_banking,IE,False,
t001807,acc_0034,2026-05-21,165.19,groceries,card_present,IE,False,
t002000,acc_0039,2026-05-21,202.58,restaurants,mobile_app,IE,False,
t002139,acc_0044,2026-05-21,25.73,transfer,card_not_present,IE,False,
t002229,acc_0045,2026-05-21,129.13,electronics,mobile_app,IE,False,
t002318,acc_0047,2026-05-21,83.44,travel,online_banking,IE,False,
t002386,acc_0049,2026-05-21,158.12,pharmacy,online_banking,IE,False,
t002447,acc_0050,2026-05-21,9.97,utilities,card_present,IE,False,
t002518,acc_0051,2026-05-21,241.79,restaurants,card_not_present,IE,False,
t002622,acc_0053,2026-05-21,14.95,restaurants,card_not_present,IE,False,
t002774,acc_0056,2026-05-21,22.32,travel,card_present,IE,False,
t002838,acc_0057,2026-05-21,139.92,fuel,card_not_present,IE,False,
t002928,acc_0058,2026-05-21,231.29,restaurants,card_present,IE,False,
t003001,acc_0059,2026-05-21,138.47,groceries,card_not_present,IE,False,
t003070,acc_0060,2026-05-21,58.26,online retail,card_present,IE,False,
t003148,acc_0061,2026-05-21,165.5,online retail,card_present,IE,False,
t003238,acc_0062,2026-05-21,42.48,pharmacy,card_not_present,IE,False,
t003328,acc_0063,2026-05-21,139.61,fuel,card_not_present,IE,False,
t003386,acc_0064,2026-05-21,113.21,transfer,online_banking,IE,False,
t003461,acc_0065,2026-05-21,134.53,fuel,online_banking,IE,False,
t003536,acc_0066,2026-05-21,109.31,pharmacy,online_banking,IE,False,
t003612,acc_0067,2026-05-21,33.88,transfer,card_not_present,IE,False,
t003702,acc_0068,2026-05-21,324.12,travel,card_present,IE,False,
t003796,acc_0070,2026-05-21,32.45,groceries,card_not_present,IE,False,
t003874,acc_0071,2026-05-21,27.68,fuel,online_banking,IE,False,
t004148,acc_0078,2026-05-21,12.2,transfer,card_present,IE,False,
t004172,acc_0079,2026-05-21,118.0,transfer,mobile_app,IE,False,
t004199,acc_0080,2026-05-21,75.38,utilities,card_not_present,IE,False,
t004264,acc_0081,2026-05-21,77.74,restaurants,mobile_app,IE,False,
t004522,acc_0086,2026-05-21,73.37,electronics,card_not_present,IE,False,
t004599,acc_0087,2026-05-21,324.43,utilities,online_banking,IE,False,
t004680,acc_0088,2026-05-21,90.57,restaurants,card_not_present,IE,False,
t004770,acc_0089,2026-05-21,33.71,online retail,online_banking,IE,False,
t004846,acc_0090,2026-05-21,86.26,online retail,online_banking,IE,False,
t005007,acc_0095,2026-05-21,19.44,pharmacy,mobile_app,IE,False,
t005097,acc_0097,2026-05-21,17.4,fuel,card_not_present,IE,False,
t005197,acc_0099,2026-05-21,80.56,fuel,online_banking,IE,False,
t005259,acc_0100,2026-05-21,461.48,pharmacy,mobile_app,IE,False,
t005308,acc_0101,2026-05-21,28.34,travel,mobile_app,IE,False,
t005359,acc_0102,2026-05-21,36.98,groceries,card_present,IE,False,
t005430,acc_0103,2026-05-21,267.58,electronics,card_not_present,IE,False,
t005506,acc_0104,2026-05-21,9.76,pharmacy,card_present,IE,False,
t005581,acc_0105,2026-05-21,258.0,fuel,mobile_app,IE,False,
t005676,acc_0107,2026-05-21,76.51,online retail,card_present,IE,False,
t005724,acc_0108,2026-05-21,10.24,fuel,mobile_app,IE,False,
t005812,acc_0110,2026-05-21,25.9,travel,card_not_present,IE,False,
t005891,acc_0111,2026-05-21,122.96,fuel,card_not_present,IE,False,
t005938,acc_0112,2026-05-21,76.3,electronics,online_banking,IE,False,
t006006,acc_0113,2026-05-21,289.48,restaurants,card_present,IE,False,
t006149,acc_0116,2026-05-21,167.21,travel,mobile_app,IE,False,
t006193,acc_0117,2026-05-21,42.23,electronics,card_not_present,IE,False,
t006448,acc_0122,2026-05-21,21.55,pharmacy,online_banking,IE,False,
t006526,acc_0123,2026-05-21,44.66,travel,online_banking,IE,False,
t006575,acc_0124,2026-05-21,151.53,electronics,card_not_present,IE,False,
t006602,acc_0125,2026-05-21,17.23,restaurants,mobile_app,IE,False,
t006672,acc_0126,2026-05-21,69.65,utilities,card_not_present,IE,False,
t006745,acc_0127,2026-05-21,48.99,electronics,online_banking,IE,False,
t006823,acc_0128,2026-05-21,11.61,pharmacy,online_banking,IE,False,
t006965,acc_0131,2026-05-21,28.16,restaurants,online_banking,IE,False,
t007041,acc_0132,2026-05-21,212.14,fuel,mobile_app,IE,False,
t007088,acc_0133,2026-05-21,202.47,groceries,mobile_app,IE,False,
t007203,acc_0136,2026-05-21,77.56,groceries,mobile_app,IE,False,
t007443,acc_0141,2026-05-21,25.09,transfer,mobile_app,IE,False,
t007512,acc_0142,2026-05-21,114.49,online retail,online_banking,IE,False,
t007573,acc_0143,2026-05-21,19.58,travel,mobile_app,IE,False,
t007688,acc_0147,2026-05-21,20.2,utilities,online_banking,IE,False,
t007838,acc_0149,2026-05-21,192.92,utilities,mobile_app,IE,False,
t007994,acc_0154,2026-05-21,27.27,electronics,online_banking,IE,False,
t008051,acc_0155,2026-05-21,323.02,online retail,online_banking,IE,False,
t008094,acc_0156,2026-05-21,83.92,fuel,card_present,IE,False,
t008157,acc_0157,2026-05-21,104.11,travel,mobile_app,IE,False,
t008231,acc_0158,2026-05-21,30.93,electronics,card_not_present,IE,False,
t008414,acc_0161,2026-05-21,148.81,restaurants,card_not_present,IE,False,
t008524,acc_0163,2026-05-21,139.93,utilities,card_not_present,IE,False,
t008625,acc_0165,2026-05-21,18.87,transfer,card_present,IE,False,
t008704,acc_0166,2026-05-21,81.41,travel,online_banking,IE,False,
t008816,acc_0168,2026-05-21,38.35,groceries,card_not_present,IE,False,
t008936,acc_0170,2026-05-21,152.91,fuel,card_present,IE,False,
t009026,acc_0171,2026-05-21,22.62,travel,card_not_present,IE,False,
t009116,acc_0172,2026-05-21,227.5,online retail,card_present,IE,False,
t009178,acc_0173,2026-05-21,29.33,travel,online_banking,IE,False,
t009242,acc_0174,2026-05-21,93.4,electronics,card_present,IE,False,
t009319,acc_0175,2026-05-21,40.34,groceries,online_banking,IE,False,
t009399,acc_0176,2026-05-21,480.86,groceries,online_banking,IE,False,
t009466,acc_0177,2026-05-21,27.49,groceries,online_banking,IE,False,
t009544,acc_0178,2026-05-21,18.13,travel,online_banking,IE,False,
t009617,acc_0179,2026-05-21,48.18,utilities,online_banking,IE,False,
t009669,acc_0180,2026-05-21,30.95,pharmacy,mobile_app,IE,False,
t009749,acc_0181,2026-05-21,52.47,groceries,card_present,IE,False,
t009839,acc_0182,2026-05-21,89.39,online retail,online_banking,IE,False,
t009888,acc_0183,2026-05-21,30.66,online retail,online_banking,IE,False,
t010006,acc_0187,2026-05-21,35.08,utilities,mobile_app,IE,False,
t010036,acc_0188,2026-05-21,51.64,groceries,card_not_present,IE,False,
t010102,acc_0189,2026-05-21,58.01,restaurants,online_banking,IE,False,
t010192,acc_0190,2026-05-21,147.59,restaurants,online_banking,IE,False,
t010410,acc_0195,2026-05-21,149.66,transfer,online_banking,IE,False,
t010456,acc_0196,2026-05-21,18.08,online retail,card_present,IE,False,
t010507,acc_0197,2026-05-21,196.86,fuel,card_present,IE,False,
t010600,acc_0199,2026-05-21,26.69,pharmacy,card_present,IE,False,
t010681,acc_0024,2026-05-21,4022.54,electronics,card_not_present,IE,False,amount_spike
t010822,acc_0095,2026-05-21,985.0,transfer,online_banking,IE,False,threshold_structuring
t010823,acc_0095,2026-05-21,980.0,transfer,online_banking,IE,False,threshold_structuring
t010910,acc_0130,2026-05-21,161.89,travel,card_present,TR,True,new_country_new_device
t010911,acc_0130,2026-05-21,140.07,travel,card_present,TR,True,new_country_new_device
t000022,acc_0000,2026-05-22,54.51,transfer,card_present,IE,False,
t000170,acc_0003,2026-05-22,36.75,travel,card_present,IE,False,
t000266,acc_0005,2026-05-22,76.37,groceries,online_banking,IE,False,
t000317,acc_0006,2026-05-22,168.8,online retail,card_not_present,IE,False,
t000373,acc_0007,2026-05-22,73.19,fuel,online_banking,IE,False,
t000493,acc_0009,2026-05-22,39.94,utilities,online_banking,IE,False,
t000588,acc_0011,2026-05-22,10.46,travel,card_present,IE,False,
t000630,acc_0012,2026-05-22,13.89,utilities,card_not_present,IE,False,
t000680,acc_0013,2026-05-22,118.91,transfer,online_banking,IE,False,
t000758,acc_0014,2026-05-22,7.25,fuel,card_not_present,IE,False,
t000861,acc_0016,2026-05-22,56.27,restaurants,online_banking,IE,False,
t001053,acc_0019,2026-05-22,110.33,restaurants,card_not_present,IE,False,
t001126,acc_0020,2026-05-22,198.66,groceries,mobile_app,IE,False,
t001190,acc_0021,2026-05-22,155.87,electronics,mobile_app,IE,False,
t001269,acc_0022,2026-05-22,41.55,transfer,mobile_app,IE,False,
t001318,acc_0023,2026-05-22,153.25,electronics,online_banking,IE,False,
t001353,acc_0024,2026-05-22,121.86,transfer,mobile_app,IE,False,
t001399,acc_0025,2026-05-22,81.22,groceries,online_banking,IE,False,
t001563,acc_0030,2026-05-22,114.66,fuel,card_not_present,IE,False,
t001637,acc_0031,2026-05-22,61.37,online retail,mobile_app,IE,False,
t001726,acc_0033,2026-05-22,182.82,travel,mobile_app,IE,False,
t001808,acc_0034,2026-05-22,95.27,fuel,mobile_app,IE,False,
t001883,acc_0035,2026-05-22,22.75,fuel,card_present,IE,False,
t001923,acc_0036,2026-05-22,188.37,fuel,online_banking,IE,False,
t002064,acc_0042,2026-05-22,75.68,fuel,online_banking,IE,False,
t002079,acc_0043,2026-05-22,5.31,pharmacy,online_banking,IE,False,
t002140,acc_0044,2026-05-22,42.97,electronics,online_banking,IE,False,
t002230,acc_0045,2026-05-22,39.82,travel,mobile_app,IE,False,
t002387,acc_0049,2026-05-22,171.8,utilities,online_banking,IE,False,
t002448,acc_0050,2026-05-22,13.78,transfer,online_banking,IE,False,
t002519,acc_0051,2026-05-22,115.93,transfer,online_banking,IE,False,
t002568,acc_0052,2026-05-22,10.03,online retail,online_banking,IE,False,
t002623,acc_0053,2026-05-22,62.05,restaurants,card_present,IE,False,
t002688,acc_0054,2026-05-22,17.61,utilities,card_present,IE,False,
t002740,acc_0055,2026-05-22,171.31,utilities,card_present,IE,False,
t002839,acc_0057,2026-05-22,261.3,electronics,mobile_app,IE,False,
t002929,acc_0058,2026-05-22,231.99,electronics,mobile_app,IE,False,
t003002,acc_0059,2026-05-22,157.87,transfer,card_not_present,IE,False,
t003071,acc_0060,2026-05-22,40.71,online retail,online_banking,IE,False,
t003149,acc_0061,2026-05-22,152.79,restaurants,online_banking,IE,False,
t003239,acc_0062,2026-05-22,89.33,travel,card_present,IE,False,
t003329,acc_0063,2026-05-22,227.21,online retail,card_not_present,IE,False,
t003387,acc_0064,2026-05-22,129.72,transfer,online_banking,IE,False,
t003462,acc_0065,2026-05-22,63.78,travel,online_banking,IE,False,
t003613,acc_0067,2026-05-22,61.81,electronics,mobile_app,IE,False,
t003703,acc_0068,2026-05-22,92.27,pharmacy,mobile_app,IE,False,
t003797,acc_0070,2026-05-22,31.41,utilities,online_banking,IE,False,
t003875,acc_0071,2026-05-22,13.88,online retail,card_present,IE,False,
t004049,acc_0075,2026-05-22,194.79,online retail,mobile_app,IE,False,
t004104,acc_0076,2026-05-22,100.26,restaurants,mobile_app,IE,False,
t004149,acc_0078,2026-05-22,14.44,transfer,online_banking,IE,False,
t004265,acc_0081,2026-05-22,95.0,restaurants,online_banking,IE,False,
t004322,acc_0082,2026-05-22,25.23,transfer,card_present,IE,False,
t004365,acc_0083,2026-05-22,48.16,travel,mobile_app,IE,False,
t004523,acc_0086,2026-05-22,150.87,electronics,mobile_app,IE,False,
t004681,acc_0088,2026-05-22,42.74,groceries,online_banking,IE,False,
t004771,acc_0089,2026-05-22,49.9,fuel,mobile_app,IE,False,
t004847,acc_0090,2026-05-22,328.25,electronics,online_banking,IE,False,
t004906,acc_0092,2026-05-22,271.42,online retail,mobile_app,IE,False,
t005008,acc_0095,2026-05-22,15.87,pharmacy,mobile_app,IE,False,
t005063,acc_0096,2026-05-22,42.95,restaurants,card_present,IE,False,
t005133,acc_0098,2026-05-22,11.93,utilities,card_not_present,IE,False,
t005198,acc_0099,2026-05-22,175.04,transfer,online_banking,IE,False,
t005431,acc_0103,2026-05-22,52.5,pharmacy,card_not_present,IE,False,
t005582,acc_0105,2026-05-22,57.22,travel,card_not_present,IE,False,
t005677,acc_0107,2026-05-22,235.98,pharmacy,card_not_present,IE,False,
t005725,acc_0108,2026-05-22,16.97,travel,card_present,IE,False,
t005813,acc_0110,2026-05-22,12.46,online retail,card_present,IE,False,
t006007,acc_0113,2026-05-22,300.61,electronics,online_banking,IE,False,
t006150,acc_0116,2026-05-22,123.46,travel,card_present,IE,False,
t006250,acc_0118,2026-05-22,63.06,fuel,mobile_app,IE,False,
t006331,acc_0120,2026-05-22,19.13,groceries,card_not_present,IE,False,
t006378,acc_0121,2026-05-22,26.94,groceries,mobile_app,IE,False,
t006449,acc_0122,2026-05-22,18.54,travel,online_banking,IE,False,
t006527,acc_0123,2026-05-22,71.05,online retail,card_present,IE,False,
t006603,acc_0125,2026-05-22,7.35,restaurants,mobile_app,IE,False,
t006673,acc_0126,2026-05-22,99.76,transfer,card_present,IE,False,
t006824,acc_0128,2026-05-22,6.63,online retail,mobile_app,IE,False,
t006902,acc_0130,2026-05-22,58.52,pharmacy,mobile_app,IE,False,
t006966,acc_0131,2026-05-22,64.05,groceries,online_banking,IE,False,
t007042,acc_0132,2026-05-22,372.57,groceries,mobile_app,IE,False,
t007089,acc_0133,2026-05-22,135.13,transfer,card_not_present,IE,False,
t007112,acc_0134,2026-05-22,7.21,utilities,online_banking,IE,False,
t007204,acc_0136,2026-05-22,50.92,electronics,online_banking,IE,False,
t007288,acc_0138,2026-05-22,274.26,pharmacy,card_present,IE,False,
t007333,acc_0139,2026-05-22,49.42,restaurants,card_present,IE,False,
t007401,acc_0140,2026-05-22,186.82,electronics,card_present,IE,False,
t007444,acc_0141,2026-05-22,9.54,pharmacy,mobile_app,IE,False,
t007513,acc_0142,2026-05-22,229.6,fuel,mobile_app,IE,False,
t007689,acc_0147,2026-05-22,27.53,utilities,online_banking,IE,False,
t007760,acc_0148,2026-05-22,45.29,travel,card_not_present,IE,False,
t007839,acc_0149,2026-05-22,63.66,pharmacy,online_banking,IE,False,
t007995,acc_0154,2026-05-22,19.8,pharmacy,mobile_app,IE,False,
t008158,acc_0157,2026-05-22,283.39,pharmacy,card_present,IE,False,
t008232,acc_0158,2026-05-22,15.79,transfer,mobile_app,IE,False,
t008415,acc_0161,2026-05-22,75.34,travel,online_banking,IE,False,
t008469,acc_0162,2026-05-22,23.21,groceries,card_not_present,IE,False,
t008525,acc_0163,2026-05-22,288.1,fuel,card_not_present,IE,False,
t008567,acc_0164,2026-05-22,169.55,transfer,card_present,IE,False,
t008626,acc_0165,2026-05-22,37.91,utilities,card_not_present,IE,False,
t008705,acc_0166,2026-05-22,38.46,restaurants,card_present,IE,False,
t008817,acc_0168,2026-05-22,245.62,groceries,card_present,IE,False,
t008870,acc_0169,2026-05-22,96.47,travel,card_present,IE,False,
t008937,acc_0170,2026-05-22,101.73,travel,card_present,IE,False,
t009027,acc_0171,2026-05-22,63.96,groceries,mobile_app,IE,False,
t009117,acc_0172,2026-05-22,70.73,online retail,card_present,IE,False,
t009243,acc_0174,2026-05-22,52.64,online retail,online_banking,IE,False,
t009320,acc_0175,2026-05-22,41.08,pharmacy,online_banking,IE,False,
t009400,acc_0176,2026-05-22,86.11,fuel,card_present,IE,False,
t009467,acc_0177,2026-05-22,22.83,fuel,card_not_present,IE,False,
t009545,acc_0178,2026-05-22,12.98,electronics,card_not_present,IE,False,
t009670,acc_0180,2026-05-22,32.53,transfer,online_banking,IE,False,
t009750,acc_0181,2026-05-22,55.0,groceries,online_banking,IE,False,
t009840,acc_0182,2026-05-22,65.42,utilities,mobile_app,IE,False,
t010037,acc_0188,2026-05-22,8.71,transfer,online_banking,IE,False,
t010103,acc_0189,2026-05-22,420.94,transfer,card_present,IE,False,
t010193,acc_0190,2026-05-22,89.64,pharmacy,mobile_app,IE,False,
t010358,acc_0194,2026-05-22,189.83,electronics,card_not_present,IE,False,
t010411,acc_0195,2026-05-22,269.11,restaurants,card_not_present,IE,False,
t010601,acc_0199,2026-05-22,15.98,pharmacy,card_present,IE,False,
t010637,acc_0004,2026-05-22,3880.55,electronics,card_not_present,IE,False,amount_spike
t010824,acc_0095,2026-05-22,980.0,transfer,online_banking,IE,False,threshold_structuring
t010825,acc_0095,2026-05-22,980.0,transfer,online_banking,IE,False,threshold_structuring
t010867,acc_0116,2026-05-22,1922.85,electronics,card_not_present,IE,False,amount_spike
t011051,acc_0181,2026-05-22,65.73,online retail,card_not_present,IE,False,rapid_burst
t011052,acc_0181,2026-05-22,45.06,online retail,card_not_present,IE,False,rapid_burst
t011053,acc_0181,2026-05-22,58.09,online retail,card_not_present,IE,False,rapid_burst
t011054,acc_0181,2026-05-22,54.23,online retail,card_not_present,IE,False,rapid_burst
t011055,acc_0181,2026-05-22,42.37,online retail,card_not_present,IE,False,rapid_burst
t011056,acc_0181,2026-05-22,58.84,online retail,card_not_present,IE,False,rapid_burst
t011057,acc_0181,2026-05-22,60.88,online retail,card_not_present,IE,False,rapid_burst
t011058,acc_0181,2026-05-22,62.37,online retail,card_not_present,IE,False,rapid_burst
t011059,acc_0181,2026-05-22,62.9,online retail,card_not_present,IE,False,rapid_burst
t011060,acc_0181,2026-05-22,41.21,online retail,card_not_present,IE,False,rapid_burst
t000071,acc_0001,2026-05-23,144.95,online retail,card_present,IE,False,
t000171,acc_0003,2026-05-23,39.04,restaurants,mobile_app,IE,False,
t000267,acc_0005,2026-05-23,34.25,electronics,mobile_app,IE,False,
t000318,acc_0006,2026-05-23,228.15,transfer,card_present,IE,False,
t000494,acc_0009,2026-05-23,92.25,groceries,mobile_app,IE,False,
t000681,acc_0013,2026-05-23,98.15,online retail,card_present,IE,False,
t000759,acc_0014,2026-05-23,84.17,travel,mobile_app,IE,False,
t000862,acc_0016,2026-05-23,35.82,utilities,card_not_present,IE,False,
t000942,acc_0017,2026-05-23,278.08,electronics,card_present,IE,False,
t001054,acc_0019,2026-05-23,144.57,travel,card_not_present,IE,False,
t001127,acc_0020,2026-05-23,116.75,electronics,mobile_app,IE,False,
t001191,acc_0021,2026-05-23,303.17,utilities,card_not_present,IE,False,
t001270,acc_0022,2026-05-23,23.8,online retail,card_not_present,IE,False,
t001400,acc_0025,2026-05-23,70.0,electronics,mobile_app,IE,False,
t001564,acc_0030,2026-05-23,114.66,online retail,mobile_app,IE,False,
t001638,acc_0031,2026-05-23,29.23,fuel,online_banking,IE,False,
t001727,acc_0033,2026-05-23,354.28,online retail,card_not_present,IE,False,
t001809,acc_0034,2026-05-23,181.54,online retail,mobile_app,IE,False,
t001963,acc_0038,2026-05-23,95.87,online retail,mobile_app,IE,False,
t002042,acc_0041,2026-05-23,115.89,transfer,mobile_app,IE,False,
t002065,acc_0042,2026-05-23,269.63,electronics,card_present,IE,False,
t002080,acc_0043,2026-05-23,11.44,transfer,mobile_app,IE,False,
t002141,acc_0044,2026-05-23,46.35,groceries,online_banking,IE,False,
t002231,acc_0045,2026-05-23,66.11,utilities,card_present,IE,False,
t002319,acc_0047,2026-05-23,518.85,groceries,card_not_present,IE,False,
t002388,acc_0049,2026-05-23,111.77,fuel,mobile_app,IE,False,
t002449,acc_0050,2026-05-23,22.43,travel,card_present,IE,False,
t002569,acc_0052,2026-05-23,13.29,online retail,mobile_app,IE,False,
t002689,acc_0054,2026-05-23,18.54,travel,card_not_present,IE,False,
t002775,acc_0056,2026-05-23,15.48,travel,online_banking,IE,False,
t002840,acc_0057,2026-05-23,325.45,fuel,mobile_app,IE,False,
t002930,acc_0058,2026-05-23,177.47,pharmacy,card_present,IE,False,
t003003,acc_0059,2026-05-23,111.33,groceries,online_banking,IE,False,
t003072,acc_0060,2026-05-23,41.27,transfer,card_present,IE,False,
t003150,acc_0061,2026-05-23,389.3,groceries,mobile_app,IE,False,
t003240,acc_0062,2026-05-23,209.09,online retail,card_present,IE,False,
t003330,acc_0063,2026-05-23,425.95,restaurants,card_not_present,IE,False,
t003388,acc_0064,2026-05-23,60.98,restaurants,mobile_app,IE,False,
t003463,acc_0065,2026-05-23,43.13,transfer,mobile_app,IE,False,
t003537,acc_0066,2026-05-23,29.65,transfer,card_present,IE,False,
t003614,acc_0067,2026-05-23,32.44,restaurants,mobile_app,IE,False,
t003704,acc_0068,2026-05-23,126.92,transfer,online_banking,IE,False,
t003751,acc_0069,2026-05-23,17.26,online retail,card_present,IE,False,
t003798,acc_0070,2026-05-23,288.94,travel,mobile_app,IE,False,
t003876,acc_0071,2026-05-23,25.99,restaurants,mobile_app,IE,False,
t003928,acc_0072,2026-05-23,112.71,groceries,card_not_present,IE,False,
t004105,acc_0076,2026-05-23,560.82,groceries,online_banking,IE,False,
t004150,acc_0078,2026-05-23,19.38,pharmacy,online_banking,IE,False,
t004200,acc_0080,2026-05-23,452.21,online retail,mobile_app,IE,False,
t004266,acc_0081,2026-05-23,27.93,transfer,card_present,IE,False,
t004459,acc_0085,2026-05-23,815.93,restaurants,card_present,IE,False,
t004524,acc_0086,2026-05-23,533.91,restaurants,online_banking,IE,False,
t004682,acc_0088,2026-05-23,69.58,travel,card_not_present,IE,False,
t004772,acc_0089,2026-05-23,42.84,pharmacy,card_present,IE,False,
t004848,acc_0090,2026-05-23,54.19,online retail,online_banking,IE,False,
t005009,acc_0095,2026-05-23,22.75,transfer,card_not_present,IE,False,
t005098,acc_0097,2026-05-23,16.05,restaurants,online_banking,IE,False,
t005134,acc_0098,2026-05-23,23.82,pharmacy,card_not_present,IE,False,
t005199,acc_0099,2026-05-23,73.64,fuel,online_banking,IE,False,
t005309,acc_0101,2026-05-23,46.91,restaurants,online_banking,IE,False,
t005432,acc_0103,2026-05-23,80.98,transfer,online_banking,IE,False,
t005507,acc_0104,2026-05-23,75.87,electronics,card_present,IE,False,
t005583,acc_0105,2026-05-23,163.32,utilities,card_not_present,IE,False,
t005726,acc_0108,2026-05-23,10.68,transfer,mobile_app,IE,False,
t005814,acc_0110,2026-05-23,15.48,travel,card_not_present,IE,False,
t005892,acc_0111,2026-05-23,71.83,electronics,online_banking,IE,False,
t005939,acc_0112,2026-05-23,44.27,fuel,online_banking,IE,False,
t006008,acc_0113,2026-05-23,330.89,utilities,card_present,IE,False,
t006078,acc_0114,2026-05-23,10.65,travel,online_banking,IE,False,
t006251,acc_0118,2026-05-23,246.12,pharmacy,card_present,IE,False,
t006332,acc_0120,2026-05-23,30.93,transfer,mobile_app,IE,False,
t006379,acc_0121,2026-05-23,44.71,pharmacy,online_banking,IE,False,
t006450,acc_0122,2026-05-23,36.61,online retail,card_not_present,IE,False,
t006528,acc_0123,2026-05-23,57.55,travel,card_present,IE,False,
t006674,acc_0126,2026-05-23,126.69,transfer,online_banking,IE,False,
t006746,acc_0127,2026-05-23,61.85,fuel,online_banking,IE,False,
t006825,acc_0128,2026-05-23,17.31,groceries,mobile_app,IE,False,
t006967,acc_0131,2026-05-23,42.13,travel,card_not_present,IE,False,
t007137,acc_0135,2026-05-23,110.64,online retail,card_present,IE,False,
t007205,acc_0136,2026-05-23,57.62,restaurants,mobile_app,IE,False,
t007334,acc_0139,2026-05-23,31.05,restaurants,mobile_app,IE,False,
t007514,acc_0142,2026-05-23,172.15,restaurants,card_not_present,IE,False,
t007574,acc_0143,2026-05-23,17.72,utilities,card_not_present,IE,False,
t007598,acc_0144,2026-05-23,70.32,fuel,card_not_present,IE,False,
t007690,acc_0147,2026-05-23,43.39,electronics,online_banking,IE,False,
t007761,acc_0148,2026-05-23,43.14,utilities,mobile_app,IE,False,
t007840,acc_0149,2026-05-23,54.43,electronics,card_not_present,IE,False,
t007996,acc_0154,2026-05-23,31.77,restaurants,online_banking,IE,False,
t008159,acc_0157,2026-05-23,193.6,travel,card_not_present,IE,False,
t008293,acc_0159,2026-05-23,15.87,utilities,card_present,IE,False,
t008416,acc_0161,2026-05-23,375.81,electronics,card_not_present,IE,False,
t008470,acc_0162,2026-05-23,51.52,transfer,card_present,IE,False,
t008526,acc_0163,2026-05-23,369.34,travel,card_not_present,IE,False,
t008568,acc_0164,2026-05-23,433.55,groceries,mobile_app,IE,False,
t008627,acc_0165,2026-05-23,67.02,utilities,mobile_app,IE,False,
t008706,acc_0166,2026-05-23,46.16,restaurants,card_not_present,IE,False,
t008818,acc_0168,2026-05-23,59.98,pharmacy,online_banking,IE,False,
t008871,acc_0169,2026-05-23,207.28,groceries,card_present,IE,False,
t008938,acc_0170,2026-05-23,74.8,utilities,card_present,IE,False,
t009028,acc_0171,2026-05-23,140.04,travel,card_present,IE,False,
t009118,acc_0172,2026-05-23,57.61,pharmacy,mobile_app,IE,False,
t009244,acc_0174,2026-05-23,75.91,fuel,card_present,IE,False,
t009321,acc_0175,2026-05-23,17.34,electronics,card_not_present,IE,False,
t009401,acc_0176,2026-05-23,118.66,electronics,online_banking,IE,False,
t009468,acc_0177,2026-05-23,20.51,electronics,card_present,IE,False,
t009546,acc_0178,2026-05-23,63.68,utilities,card_not_present,IE,False,
t009618,acc_0179,2026-05-23,23.29,pharmacy,online_banking,IE,False,
t009671,acc_0180,2026-05-23,34.2,travel,card_present,IE,False,
t009751,acc_0181,2026-05-23,30.21,utilities,online_banking,IE,False,
t009841,acc_0182,2026-05-23,54.25,electronics,mobile_app,IE,False,
t009973,acc_0186,2026-05-23,7.48,restaurants,mobile_app,IE,False,
t010007,acc_0187,2026-05-23,34.49,online retail,card_not_present,IE,False,
t010038,acc_0188,2026-05-23,48.59,pharmacy,mobile_app,IE,False,
t010104,acc_0189,2026-05-23,228.5,online retail,card_not_present,IE,False,
t010194,acc_0190,2026-05-23,94.83,transfer,card_not_present,IE,False,
t010244,acc_0191,2026-05-23,182.77,transfer,card_not_present,IE,False,
t010301,acc_0193,2026-05-23,89.57,online retail,mobile_app,IE,False,
t010602,acc_0199,2026-05-23,7.73,travel,card_present,IE,False,
t010826,acc_0095,2026-05-23,985.0,transfer,online_banking,IE,False,threshold_structuring
t010959,acc_0151,2026-05-23,990.0,transfer,online_banking,IE,False,threshold_structuring
t010960,acc_0151,2026-05-23,980.0,transfer,online_banking,IE,False,threshold_structuring
t011004,acc_0165,2026-05-23,29.49,online retail,card_not_present,IE,False,rapid_burst
t011005,acc_0165,2026-05-23,35.26,online retail,card_not_present,IE,False,rapid_burst
t011006,acc_0165,2026-05-23,36.8,online retail,card_not_present,IE,False,rapid_burst
t011007,acc_0165,2026-05-23,33.03,online retail,card_not_present,IE,False,rapid_burst
t011008,acc_0165,2026-05-23,25.68,online retail,card_not_present,IE,False,rapid_burst
t011009,acc_0165,2026-05-23,39.62,online retail,card_not_present,IE,False,rapid_burst
t011010,acc_0165,2026-05-23,36.18,online retail,card_not_present,IE,False,rapid_burst
t011011,acc_0165,2026-05-23,31.48,online retail,card_not_present,IE,False,rapid_burst
t011012,acc_0165,2026-05-23,34.01,online retail,card_not_present,IE,False,rapid_burst
t000072,acc_0001,2026-05-24,147.85,utilities,mobile_app,IE,False,
t000112,acc_0002,2026-05-24,207.23,transfer,card_not_present,IE,False,
t000172,acc_0003,2026-05-24,181.21,online retail,mobile_app,IE,False,
t000268,acc_0005,2026-05-24,47.99,pharmacy,card_not_present,IE,False,
t000319,acc_0006,2026-05-24,132.79,online retail,mobile_app,IE,False,
t000374,acc_0007,2026-05-24,90.61,restaurants,card_present,IE,False,
t000495,acc_0009,2026-05-24,34.07,fuel,online_banking,IE,False,
t000589,acc_0011,2026-05-24,28.94,travel,mobile_app,IE,False,
t000760,acc_0014,2026-05-24,11.42,groceries,card_not_present,IE,False,
t000805,acc_0015,2026-05-24,81.22,pharmacy,mobile_app,IE,False,
t000863,acc_0016,2026-05-24,79.47,utilities,card_present,IE,False,
t000943,acc_0017,2026-05-24,516.66,pharmacy,online_banking,IE,False,
t001055,acc_0019,2026-05-24,104.61,restaurants,card_not_present,IE,False,
t001192,acc_0021,2026-05-24,236.93,transfer,online_banking,IE,False,
t001271,acc_0022,2026-05-24,21.01,utilities,card_present,IE,False,
t001401,acc_0025,2026-05-24,21.06,electronics,card_present,IE,False,
t001474,acc_0027,2026-05-24,13.0,travel,mobile_app,IE,False,
t001538,acc_0029,2026-05-24,129.31,transfer,mobile_app,IE,False,
t001565,acc_0030,2026-05-24,311.85,restaurants,online_banking,IE,False,
t001639,acc_0031,2026-05-24,29.49,electronics,card_present,IE,False,
t001810,acc_0034,2026-05-24,112.9,electronics,mobile_app,IE,False,
t001884,acc_0035,2026-05-24,26.39,fuel,card_present,IE,False,
t001964,acc_0038,2026-05-24,121.57,fuel,card_not_present,IE,False,
t002024,acc_0040,2026-05-24,222.53,utilities,card_present,IE,False,
t002081,acc_0043,2026-05-24,6.06,restaurants,mobile_app,IE,False,
t002142,acc_0044,2026-05-24,31.04,utilities,mobile_app,IE,False,
t002232,acc_0045,2026-05-24,61.51,transfer,mobile_app,IE,False,
t002320,acc_0047,2026-05-24,119.91,utilities,card_present,IE,False,
t002389,acc_0049,2026-05-24,60.48,fuel,card_not_present,IE,False,
t002450,acc_0050,2026-05-24,19.47,fuel,card_present,IE,False,
t002520,acc_0051,2026-05-24,192.23,groceries,card_not_present,IE,False,
t002570,acc_0052,2026-05-24,38.35,transfer,online_banking,IE,False,
t002624,acc_0053,2026-05-24,51.27,electronics,card_not_present,IE,False,
t002690,acc_0054,2026-05-24,12.54,transfer,online_banking,IE,False,
t002841,acc_0057,2026-05-24,61.55,travel,online_banking,IE,False,
t002931,acc_0058,2026-05-24,121.74,groceries,mobile_app,IE,False,
t003004,acc_0059,2026-05-24,161.84,restaurants,card_not_present,IE,False,
t003073,acc_0060,2026-05-24,61.98,utilities,mobile_app,IE,False,
t003151,acc_0061,2026-05-24,159.4,transfer,card_not_present,IE,False,
t003241,acc_0062,2026-05-24,54.48,fuel,card_present,IE,False,
t003331,acc_0063,2026-05-24,53.81,utilities,mobile_app,IE,False,
t003389,acc_0064,2026-05-24,77.15,travel,online_banking,IE,False,
t003464,acc_0065,2026-05-24,66.86,travel,card_not_present,IE,False,
t003615,acc_0067,2026-05-24,23.72,online retail,mobile_app,IE,False,
t003705,acc_0068,2026-05-24,66.25,electronics,card_not_present,IE,False,
t003752,acc_0069,2026-05-24,32.61,groceries,online_banking,IE,False,
t003799,acc_0070,2026-05-24,20.49,restaurants,mobile_app,IE,False,
t003877,acc_0071,2026-05-24,6.7,utilities,online_banking,IE,False,
t003971,acc_0073,2026-05-24,149.01,restaurants,card_present,IE,False,
t004050,acc_0075,2026-05-24,357.25,travel,online_banking,IE,False,
t004106,acc_0076,2026-05-24,238.92,transfer,card_present,IE,False,
t004201,acc_0080,2026-05-24,107.4,fuel,online_banking,IE,False,
t004267,acc_0081,2026-05-24,134.24,restaurants,card_present,IE,False,
t004406,acc_0084,2026-05-24,188.3,utilities,mobile_app,IE,False,
t004460,acc_0085,2026-05-24,374.25,pharmacy,card_present,IE,False,
t004525,acc_0086,2026-05-24,148.7,restaurants,card_not_present,IE,False,
t004600,acc_0087,2026-05-24,171.27,restaurants,online_banking,IE,False,
t004683,acc_0088,2026-05-24,54.99,restaurants,card_not_present,IE,False,
t004773,acc_0089,2026-05-24,19.98,transfer,card_present,IE,False,
t004849,acc_0090,2026-05-24,170.19,online retail,card_present,IE,False,
t005010,acc_0095,2026-05-24,110.09,travel,card_not_present,IE,False,
t005200,acc_0099,2026-05-24,58.48,travel,card_not_present,IE,False,
t005360,acc_0102,2026-05-24,17.11,online retail,online_banking,IE,False,
t005433,acc_0103,2026-05-24,152.24,restaurants,online_banking,IE,False,
t005584,acc_0105,2026-05-24,444.37,online retail,card_present,IE,False,
t005678,acc_0107,2026-05-24,131.34,restaurants,mobile_app,IE,False,
t005727,acc_0108,2026-05-24,13.4,groceries,mobile_app,IE,False,
t005755,acc_0109,2026-05-24,61.49,electronics,card_present,IE,False,
t005815,acc_0110,2026-05-24,19.15,online retail,online_banking,IE,False,
t005893,acc_0111,2026-05-24,410.52,online retail,card_present,IE,False,
t005940,acc_0112,2026-05-24,42.9,restaurants,online_banking,IE,False,
t006009,acc_0113,2026-05-24,359.23,restaurants,card_not_present,IE,False,
t006079,acc_0114,2026-05-24,8.01,utilities,online_banking,IE,False,
t006115,acc_0115,2026-05-24,15.02,utilities,online_banking,IE,False,
t006151,acc_0116,2026-05-24,135.31,transfer,online_banking,IE,False,
t006194,acc_0117,2026-05-24,73.81,transfer,online_banking,IE,False,
t006451,acc_0122,2026-05-24,29.85,electronics,card_not_present,IE,False,
t006576,acc_0124,2026-05-24,150.64,pharmacy,online_banking,IE,False,
t006675,acc_0126,2026-05-24,86.09,transfer,card_present,IE,False,
t006826,acc_0128,2026-05-24,17.01,fuel,online_banking,IE,False,
t006968,acc_0131,2026-05-24,74.28,online retail,card_not_present,IE,False,
t007043,acc_0132,2026-05-24,87.7,electronics,online_banking,IE,False,
t007090,acc_0133,2026-05-24,305.14,travel,online_banking,IE,False,
t007138,acc_0135,2026-05-24,76.92,fuel,mobile_app,IE,False,
t007206,acc_0136,2026-05-24,90.27,restaurants,mobile_app,IE,False,
t007264,acc_0137,2026-05-24,75.18,online retail,online_banking,IE,False,
t007335,acc_0139,2026-05-24,36.63,transfer,mobile_app,IE,False,
t007402,acc_0140,2026-05-24,278.01,fuel,mobile_app,IE,False,
t007515,acc_0142,2026-05-24,122.97,online retail,mobile_app,IE,False,
t007691,acc_0147,2026-05-24,48.16,transfer,mobile_app,IE,False,
t007762,acc_0148,2026-05-24,29.06,travel,online_banking,IE,False,
t007841,acc_0149,2026-05-24,85.93,utilities,mobile_app,IE,False,
t007997,acc_0154,2026-05-24,54.43,travel,card_present,IE,False,
t008095,acc_0156,2026-05-24,64.24,online retail,card_not_present,IE,False,
t008160,acc_0157,2026-05-24,148.18,utilities,mobile_app,IE,False,
t008233,acc_0158,2026-05-24,16.81,utilities,mobile_app,IE,False,
t008294,acc_0159,2026-05-24,36.33,electronics,card_present,IE,False,
t008344,acc_0160,2026-05-24,117.49,utilities,card_not_present,IE,False,
t008417,acc_0161,2026-05-24,100.22,electronics,card_present,IE,False,
t008471,acc_0162,2026-05-24,25.35,transfer,card_not_present,IE,False,
t008527,acc_0163,2026-05-24,233.96,pharmacy,online_banking,IE,False,
t008707,acc_0166,2026-05-24,18.83,pharmacy,card_not_present,IE,False,
t008819,acc_0168,2026-05-24,96.13,electronics,mobile_app,IE,False,
t008872,acc_0169,2026-05-24,101.07,restaurants,mobile_app,IE,False,
t008939,acc_0170,2026-05-24,47.43,groceries,mobile_app,IE,False,
t009029,acc_0171,2026-05-24,124.47,online retail,card_present,IE,False,
t009119,acc_0172,2026-05-24,260.69,groceries,card_present,IE,False,
t009245,acc_0174,2026-05-24,53.18,groceries,card_not_present,IE,False,
t009322,acc_0175,2026-05-24,60.45,electronics,card_present,IE,False,
t009402,acc_0176,2026-05-24,311.21,fuel,online_banking,IE,False,
t009547,acc_0178,2026-05-24,12.61,transfer,mobile_app,IE,False,
t009619,acc_0179,2026-05-24,19.77,transfer,card_present,IE,False,
t009752,acc_0181,2026-05-24,68.66,utilities,mobile_app,IE,False,
t009842,acc_0182,2026-05-24,34.27,online retail,card_not_present,IE,False,
t010008,acc_0187,2026-05-24,64.01,pharmacy,mobile_app,IE,False,
t010105,acc_0189,2026-05-24,520.59,electronics,card_not_present,IE,False,
t010195,acc_0190,2026-05-24,186.47,travel,mobile_app,IE,False,
t010302,acc_0193,2026-05-24,79.96,electronics,online_banking,IE,False,
t010359,acc_0194,2026-05-24,120.86,restaurants,card_not_present,IE,False,
t010412,acc_0195,2026-05-24,177.34,groceries,card_not_present,IE,False,
t010603,acc_0199,2026-05-24,10.32,online retail,online_banking,IE,False,
t010782,acc_0064,2026-05-24,1548.8,electronics,card_not_present,IE,False,amount_spike
t010847,acc_0104,2026-05-24,277.24,electronics,card_not_present,IE,False,amount_spike
t010961,acc_0151,2026-05-24,985.0,transfer,online_banking,IE,False,threshold_structuring
t010962,acc_0151,2026-05-24,995.0,transfer,online_banking,IE,False,threshold_structuring
t000023,acc_0000,2026-05-25,19.0,online retail,mobile_app,IE,False,
t000173,acc_0003,2026-05-25,44.66,electronics,card_not_present,IE,False,
t000217,acc_0004,2026-05-25,177.64,travel,mobile_app,IE,False,
t000269,acc_0005,2026-05-25,55.03,groceries,card_present,IE,False,
t000424,acc_0008,2026-05-25,158.07,pharmacy,card_present,IE,False,
t000496,acc_0009,2026-05-25,34.39,restaurants,card_present,IE,False,
t000549,acc_0010,2026-05-25,31.88,travel,mobile_app,IE,False,
t000761,acc_0014,2026-05-25,8.7,online retail,card_not_present,IE,False,
t000864,acc_0016,2026-05-25,31.64,groceries,card_present,IE,False,
t000944,acc_0017,2026-05-25,162.9,transfer,card_present,IE,False,
t001056,acc_0019,2026-05-25,193.97,restaurants,card_not_present,IE,False,
t001128,acc_0020,2026-05-25,129.09,travel,mobile_app,IE,False,
t001193,acc_0021,2026-05-25,157.05,utilities,online_banking,IE,False,
t001272,acc_0022,2026-05-25,23.53,utilities,mobile_app,IE,False,
t001402,acc_0025,2026-05-25,111.65,transfer,card_not_present,IE,False,
t001640,acc_0031,2026-05-25,18.17,travel,mobile_app,IE,False,
t001728,acc_0033,2026-05-25,71.79,travel,online_banking,IE,False,
t001811,acc_0034,2026-05-25,91.33,travel,card_not_present,IE,False,
t001885,acc_0035,2026-05-25,37.65,transfer,mobile_app,IE,False,
t001924,acc_0036,2026-05-25,134.07,pharmacy,card_present,IE,False,
t002143,acc_0044,2026-05-25,55.71,electronics,card_present,IE,False,
t002233,acc_0045,2026-05-25,104.72,utilities,card_not_present,IE,False,
t002451,acc_0050,2026-05-25,33.26,electronics,online_banking,IE,False,
t002521,acc_0051,2026-05-25,104.18,pharmacy,card_present,IE,False,
t002571,acc_0052,2026-05-25,36.42,groceries,card_not_present,IE,False,
t002625,acc_0053,2026-05-25,9.78,transfer,online_banking,IE,False,
t002691,acc_0054,2026-05-25,18.2,online retail,mobile_app,IE,False,
t002842,acc_0057,2026-05-25,157.73,electronics,card_not_present,IE,False,
t002932,acc_0058,2026-05-25,195.11,online retail,card_not_present,IE,False,
t003005,acc_0059,2026-05-25,108.82,online retail,online_banking,IE,False,
t003074,acc_0060,2026-05-25,48.37,travel,mobile_app,IE,False,
t003152,acc_0061,2026-05-25,102.36,utilities,card_present,IE,False,
t003242,acc_0062,2026-05-25,63.57,pharmacy,mobile_app,IE,False,
t003332,acc_0063,2026-05-25,84.04,travel,card_not_present,IE,False,
t003465,acc_0065,2026-05-25,45.26,fuel,card_present,IE,False,
t003616,acc_0067,2026-05-25,38.53,utilities,mobile_app,IE,False,
t003706,acc_0068,2026-05-25,70.64,online retail,mobile_app,IE,False,
t003800,acc_0070,2026-05-25,30.35,online retail,mobile_app,IE,False,
t003878,acc_0071,2026-05-25,21.49,utilities,card_present,IE,False,
t003972,acc_0073,2026-05-25,156.39,utilities,card_not_present,IE,False,
t004051,acc_0075,2026-05-25,152.51,pharmacy,card_present,IE,False,
t004107,acc_0076,2026-05-25,138.69,groceries,card_not_present,IE,False,
t004129,acc_0077,2026-05-25,18.0,online retail,card_present,IE,False,
t004202,acc_0080,2026-05-25,66.55,electronics,online_banking,IE,False,
t004268,acc_0081,2026-05-25,185.66,restaurants,card_present,IE,False,
t004407,acc_0084,2026-05-25,183.56,utilities,mobile_app,IE,False,
t004461,acc_0085,2026-05-25,213.83,pharmacy,card_present,IE,False,
t004526,acc_0086,2026-05-25,96.6,restaurants,card_present,IE,False,
t004601,acc_0087,2026-05-25,403.49,online retail,card_present,IE,False,
t004684,acc_0088,2026-05-25,53.67,electronics,mobile_app,IE,False,
t004774,acc_0089,2026-05-25,26.44,online retail,card_present,IE,False,
t004850,acc_0090,2026-05-25,83.64,groceries,online_banking,IE,False,
t004883,acc_0091,2026-05-25,68.76,groceries,online_banking,IE,False,
t005011,acc_0095,2026-05-25,8.76,electronics,online_banking,IE,False,
t005099,acc_0097,2026-05-25,19.95,fuel,mobile_app,IE,False,
t005201,acc_0099,2026-05-25,80.3,electronics,card_not_present,IE,False,
t005310,acc_0101,2026-05-25,28.87,electronics,card_present,IE,False,
t005361,acc_0102,2026-05-25,29.86,restaurants,online_banking,IE,False,
t005434,acc_0103,2026-05-25,72.98,pharmacy,card_not_present,IE,False,
t005585,acc_0105,2026-05-25,199.26,groceries,card_not_present,IE,False,
t005679,acc_0107,2026-05-25,127.95,travel,online_banking,IE,False,
t005728,acc_0108,2026-05-25,9.97,fuel,online_banking,IE,False,
t005816,acc_0110,2026-05-25,19.88,electronics,card_not_present,IE,False,
t005894,acc_0111,2026-05-25,224.52,pharmacy,online_banking,IE,False,
t006010,acc_0113,2026-05-25,624.75,fuel,card_present,IE,False,
t006152,acc_0116,2026-05-25,91.68,utilities,card_present,IE,False,
t006195,acc_0117,2026-05-25,41.38,groceries,card_not_present,IE,False,
t006252,acc_0118,2026-05-25,62.75,transfer,online_banking,IE,False,
t006291,acc_0119,2026-05-25,35.62,restaurants,mobile_app,IE,False,
t006333,acc_0120,2026-05-25,16.01,groceries,online_banking,IE,False,
t006452,acc_0122,2026-05-25,36.43,fuel,card_not_present,IE,False,
t006529,acc_0123,2026-05-25,67.74,pharmacy,card_not_present,IE,False,
t006676,acc_0126,2026-05-25,61.84,fuel,mobile_app,IE,False,
t006827,acc_0128,2026-05-25,12.17,fuel,mobile_app,IE,False,
t006871,acc_0129,2026-05-25,61.2,transfer,mobile_app,IE,False,
t006903,acc_0130,2026-05-25,185.62,utilities,card_present,IE,False,
t006969,acc_0131,2026-05-25,78.04,electronics,card_not_present,IE,False,
t007044,acc_0132,2026-05-25,96.42,fuel,online_banking,IE,False,
t007207,acc_0136,2026-05-25,64.76,electronics,online_banking,IE,False,
t007265,acc_0137,2026-05-25,66.19,online retail,card_not_present,IE,False,
t007336,acc_0139,2026-05-25,70.56,fuel,mobile_app,IE,False,
t007445,acc_0141,2026-05-25,22.55,utilities,card_present,IE,False,
t007516,acc_0142,2026-05-25,293.74,electronics,card_not_present,IE,False,
t007615,acc_0145,2026-05-25,123.02,electronics,online_banking,IE,False,
t007632,acc_0146,2026-05-25,113.96,fuel,online_banking,IE,False,
t007692,acc_0147,2026-05-25,20.59,electronics,mobile_app,IE,False,
t007842,acc_0149,2026-05-25,139.98,fuel,mobile_app,IE,False,
t007962,acc_0153,2026-05-25,55.54,groceries,mobile_app,IE,False,
t007998,acc_0154,2026-05-25,22.38,electronics,mobile_app,IE,False,
t008052,acc_0155,2026-05-25,314.82,electronics,card_not_present,IE,False,
t008161,acc_0157,2026-05-25,239.34,groceries,card_not_present,IE,False,
t008234,acc_0158,2026-05-25,21.99,pharmacy,mobile_app,IE,False,
t008345,acc_0160,2026-05-25,126.68,groceries,card_not_present,IE,False,
t008418,acc_0161,2026-05-25,174.75,utilities,mobile_app,IE,False,
t008472,acc_0162,2026-05-25,21.32,online retail,online_banking,IE,False,
t008528,acc_0163,2026-05-25,705.07,utilities,online_banking,IE,False,
t008569,acc_0164,2026-05-25,103.04,electronics,mobile_app,IE,False,
t008628,acc_0165,2026-05-25,15.06,travel,online_banking,IE,False,
t008708,acc_0166,2026-05-25,52.64,utilities,mobile_app,IE,False,
t008820,acc_0168,2026-05-25,159.29,online retail,mobile_app,IE,False,
t008873,acc_0169,2026-05-25,235.29,utilities,online_banking,IE,False,
t008940,acc_0170,2026-05-25,105.42,groceries,mobile_app,IE,False,
t009030,acc_0171,2026-05-25,50.06,restaurants,card_not_present,IE,False,
t009120,acc_0172,2026-05-25,88.37,transfer,online_banking,IE,False,
t009246,acc_0174,2026-05-25,81.66,transfer,card_not_present,IE,False,
t009403,acc_0176,2026-05-25,185.71,pharmacy,card_present,IE,False,
t009469,acc_0177,2026-05-25,28.72,restaurants,card_not_present,IE,False,
t009548,acc_0178,2026-05-25,19.4,travel,card_not_present,IE,False,
t009672,acc_0180,2026-05-25,30.51,travel,card_present,IE,False,
t009753,acc_0181,2026-05-25,30.01,pharmacy,mobile_app,IE,False,
t009843,acc_0182,2026-05-25,32.14,restaurants,online_banking,IE,False,
t010106,acc_0189,2026-05-25,166.51,transfer,online_banking,IE,False,
t010196,acc_0190,2026-05-25,107.93,utilities,card_not_present,IE,False,
t010245,acc_0191,2026-05-25,142.55,online retail,card_not_present,IE,False,
t010260,acc_0192,2026-05-25,34.81,restaurants,card_not_present,IE,False,
t010303,acc_0193,2026-05-25,28.58,travel,card_not_present,IE,False,
t010413,acc_0195,2026-05-25,64.38,utilities,online_banking,IE,False,
t010508,acc_0197,2026-05-25,117.37,electronics,online_banking,IE,False,
t010604,acc_0199,2026-05-25,60.93,groceries,mobile_app,IE,False,
t010720,acc_0036,2026-05-25,2576.12,electronics,card_not_present,IE,False,amount_spike
t011089,acc_0196,2026-05-25,424.93,electronics,card_not_present,IE,False,amount_spike
t000113,acc_0002,2026-05-26,62.05,restaurants,card_present,IE,False,
t000174,acc_0003,2026-05-26,107.63,electronics,online_banking,IE,False,
t000270,acc_0005,2026-05-26,84.1,online retail,card_present,IE,False,
t000497,acc_0009,2026-05-26,78.27,fuel,card_present,IE,False,
t000550,acc_0010,2026-05-26,20.47,travel,card_not_present,IE,False,
t000682,acc_0013,2026-05-26,249.84,fuel,card_not_present,IE,False,
t000762,acc_0014,2026-05-26,39.77,restaurants,card_present,IE,False,
t000865,acc_0016,2026-05-26,60.22,travel,online_banking,IE,False,
t000945,acc_0017,2026-05-26,201.74,groceries,mobile_app,IE,False,
t000986,acc_0018,2026-05-26,79.55,online retail,mobile_app,IE,False,
t001057,acc_0019,2026-05-26,64.48,restaurants,card_not_present,IE,False,
t001129,acc_0020,2026-05-26,208.87,travel,online_banking,IE,False,
t001194,acc_0021,2026-05-26,165.22,online retail,card_present,IE,False,
t001273,acc_0022,2026-05-26,16.01,travel,online_banking,IE,False,
t001354,acc_0024,2026-05-26,297.79,restaurants,card_not_present,IE,False,
t001403,acc_0025,2026-05-26,71.31,travel,mobile_app,IE,False,
t001475,acc_0027,2026-05-26,30.28,transfer,card_not_present,IE,False,
t001539,acc_0029,2026-05-26,518.92,travel,card_present,IE,False,
t001641,acc_0031,2026-05-26,51.21,fuel,online_banking,IE,False,
t001729,acc_0033,2026-05-26,497.05,restaurants,card_not_present,IE,False,
t001812,acc_0034,2026-05-26,120.17,pharmacy,online_banking,IE,False,
t001886,acc_0035,2026-05-26,40.58,pharmacy,mobile_app,IE,False,
t002001,acc_0039,2026-05-26,650.01,travel,card_present,IE,False,
t002144,acc_0044,2026-05-26,63.62,utilities,online_banking,IE,False,
t002234,acc_0045,2026-05-26,83.46,transfer,online_banking,IE,False,
t002321,acc_0047,2026-05-26,133.87,fuel,mobile_app,IE,False,
t002452,acc_0050,2026-05-26,15.82,travel,mobile_app,IE,False,
t002522,acc_0051,2026-05-26,193.37,electronics,card_not_present,IE,False,
t002572,acc_0052,2026-05-26,7.79,transfer,card_present,IE,False,
t002626,acc_0053,2026-05-26,17.07,electronics,online_banking,IE,False,
t002692,acc_0054,2026-05-26,40.74,restaurants,card_present,IE,False,
t002843,acc_0057,2026-05-26,66.65,travel,mobile_app,IE,False,
t002933,acc_0058,2026-05-26,366.29,pharmacy,card_not_present,IE,False,
t003153,acc_0061,2026-05-26,80.02,utilities,card_not_present,IE,False,
t003243,acc_0062,2026-05-26,118.24,transfer,online_banking,IE,False,
t003333,acc_0063,2026-05-26,128.26,restaurants,online_banking,IE,False,
t003466,acc_0065,2026-05-26,26.35,travel,card_present,IE,False,
t003617,acc_0067,2026-05-26,34.64,utilities,card_present,IE,False,
t003707,acc_0068,2026-05-26,37.01,online retail,online_banking,IE,False,
t003753,acc_0069,2026-05-26,13.41,electronics,card_present,IE,False,
t003879,acc_0071,2026-05-26,68.59,pharmacy,card_present,IE,False,
t003973,acc_0073,2026-05-26,207.79,restaurants,card_not_present,IE,False,
t004004,acc_0074,2026-05-26,134.48,restaurants,card_present,IE,False,
t004052,acc_0075,2026-05-26,519.87,transfer,card_not_present,IE,False,
t004203,acc_0080,2026-05-26,56.98,transfer,card_present,IE,False,
t004269,acc_0081,2026-05-26,94.42,online retail,card_not_present,IE,False,
t004408,acc_0084,2026-05-26,301.5,groceries,card_not_present,IE,False,
t004527,acc_0086,2026-05-26,340.12,transfer,card_present,IE,False,
t004602,acc_0087,2026-05-26,77.52,pharmacy,mobile_app,IE,False,
t004685,acc_0088,2026-05-26,200.27,utilities,mobile_app,IE,False,
t004775,acc_0089,2026-05-26,19.89,online retail,mobile_app,IE,False,
t004851,acc_0090,2026-05-26,105.34,travel,card_not_present,IE,False,
t004928,acc_0093,2026-05-26,58.84,travel,card_present,IE,False,
t004948,acc_0094,2026-05-26,50.48,online retail,card_not_present,IE,False,
t005012,acc_0095,2026-05-26,15.2,online retail,mobile_app,IE,False,
t005064,acc_0096,2026-05-26,116.55,utilities,online_banking,IE,False,
t005202,acc_0099,2026-05-26,54.41,restaurants,card_not_present,IE,False,
t005311,acc_0101,2026-05-26,17.68,pharmacy,online_banking,IE,False,
t005362,acc_0102,2026-05-26,57.81,transfer,online_banking,IE,False,
t005435,acc_0103,2026-05-26,22.05,online retail,card_present,IE,False,
t005508,acc_0104,2026-05-26,16.9,pharmacy,online_banking,IE,False,
t005586,acc_0105,2026-05-26,186.95,restaurants,online_banking,IE,False,
t005680,acc_0107,2026-05-26,117.41,electronics,card_not_present,IE,False,
t005817,acc_0110,2026-05-26,6.57,travel,card_not_present,IE,False,
t005895,acc_0111,2026-05-26,232.91,utilities,card_not_present,IE,False,
t006011,acc_0113,2026-05-26,613.76,groceries,card_present,IE,False,
t006253,acc_0118,2026-05-26,64.41,electronics,card_not_present,IE,False,
t006380,acc_0121,2026-05-26,23.19,groceries,mobile_app,IE,False,
t006453,acc_0122,2026-05-26,31.82,fuel,card_not_present,IE,False,
t006530,acc_0123,2026-05-26,50.68,restaurants,online_banking,IE,False,
t006577,acc_0124,2026-05-26,154.36,travel,online_banking,IE,False,
t006604,acc_0125,2026-05-26,11.74,utilities,card_present,IE,False,
t006677,acc_0126,2026-05-26,70.66,transfer,card_present,IE,False,
t006747,acc_0127,2026-05-26,47.85,electronics,online_banking,IE,False,
t006828,acc_0128,2026-05-26,7.68,groceries,card_present,IE,False,
t006904,acc_0130,2026-05-26,80.78,utilities,card_present,IE,False,
t006970,acc_0131,2026-05-26,27.96,fuel,card_not_present,IE,False,
t007091,acc_0133,2026-05-26,547.97,groceries,card_present,IE,False,
t007139,acc_0135,2026-05-26,178.51,travel,card_present,IE,False,
t007208,acc_0136,2026-05-26,91.3,groceries,online_banking,IE,False,
t007337,acc_0139,2026-05-26,23.85,groceries,mobile_app,IE,False,
t007403,acc_0140,2026-05-26,131.87,travel,card_present,IE,False,
t007517,acc_0142,2026-05-26,231.71,pharmacy,card_not_present,IE,False,
t007633,acc_0146,2026-05-26,51.79,fuel,card_present,IE,False,
t007693,acc_0147,2026-05-26,57.21,pharmacy,online_banking,IE,False,
t007763,acc_0148,2026-05-26,14.08,fuel,mobile_app,IE,False,
t007843,acc_0149,2026-05-26,106.7,fuel,card_not_present,IE,False,
t007914,acc_0151,2026-05-26,13.85,online retail,online_banking,IE,False,
t007937,acc_0152,2026-05-26,174.07,groceries,card_not_present,IE,False,
t007999,acc_0154,2026-05-26,25.47,restaurants,mobile_app,IE,False,
t008053,acc_0155,2026-05-26,334.64,electronics,card_not_present,IE,False,
t008096,acc_0156,2026-05-26,75.33,utilities,card_not_present,IE,False,
t008162,acc_0157,2026-05-26,178.17,utilities,mobile_app,IE,False,
t008235,acc_0158,2026-05-26,42.24,online retail,card_present,IE,False,
t008295,acc_0159,2026-05-26,12.08,online retail,card_present,IE,False,
t008419,acc_0161,2026-05-26,131.08,online retail,mobile_app,IE,False,
t008473,acc_0162,2026-05-26,12.32,pharmacy,card_not_present,IE,False,
t008629,acc_0165,2026-05-26,53.46,travel,mobile_app,IE,False,
t008709,acc_0166,2026-05-26,113.47,fuel,card_not_present,IE,False,
t008756,acc_0167,2026-05-26,56.38,groceries,card_present,IE,False,
t008821,acc_0168,2026-05-26,185.27,groceries,card_not_present,IE,False,
t008874,acc_0169,2026-05-26,72.24,groceries,card_present,IE,False,
t008941,acc_0170,2026-05-26,96.29,fuel,online_banking,IE,False,
t009031,acc_0171,2026-05-26,23.45,electronics,card_not_present,IE,False,
t009121,acc_0172,2026-05-26,60.16,restaurants,online_banking,IE,False,
t009247,acc_0174,2026-05-26,43.9,online retail,card_present,IE,False,
t009323,acc_0175,2026-05-26,49.54,fuel,card_present,IE,False,
t009404,acc_0176,2026-05-26,84.1,travel,card_not_present,IE,False,
t009470,acc_0177,2026-05-26,19.43,utilities,card_not_present,IE,False,
t009549,acc_0178,2026-05-26,15.98,utilities,card_present,IE,False,
t009754,acc_0181,2026-05-26,36.58,transfer,card_present,IE,False,
t009844,acc_0182,2026-05-26,39.2,travel,online_banking,IE,False,
t009889,acc_0183,2026-05-26,71.03,fuel,card_present,IE,False,
t010107,acc_0189,2026-05-26,169.4,transfer,mobile_app,IE,False,
t010197,acc_0190,2026-05-26,101.2,restaurants,mobile_app,IE,False,
t010246,acc_0191,2026-05-26,69.85,utilities,card_not_present,IE,False,
t010304,acc_0193,2026-05-26,45.51,pharmacy,card_present,IE,False,
t010414,acc_0195,2026-05-26,70.61,transfer,card_present,IE,False,
t010457,acc_0196,2026-05-26,10.99,electronics,card_present,IE,False,
t010509,acc_0197,2026-05-26,179.4,restaurants,online_banking,IE,False,
t010551,acc_0198,2026-05-26,144.75,travel,card_present,IE,False,
t010605,acc_0199,2026-05-26,17.74,transfer,mobile_app,IE,False,
t000175,acc_0003,2026-05-27,113.39,pharmacy,card_not_present,IE,False,
t000320,acc_0006,2026-05-27,55.27,transfer,mobile_app,IE,False,
t000375,acc_0007,2026-05-27,65.11,travel,online_banking,IE,False,
t000425,acc_0008,2026-05-27,85.67,pharmacy,card_present,IE,False,
t000498,acc_0009,2026-05-27,42.42,travel,mobile_app,IE,False,
t000551,acc_0010,2026-05-27,17.28,transfer,mobile_app,IE,False,
t000631,acc_0012,2026-05-27,24.74,groceries,card_not_present,IE,False,
t000683,acc_0013,2026-05-27,103.25,pharmacy,mobile_app,IE,False,
t000763,acc_0014,2026-05-27,25.63,restaurants,online_banking,IE,False,
t000866,acc_0016,2026-05-27,37.67,groceries,card_not_present,IE,False,
t000946,acc_0017,2026-05-27,267.25,pharmacy,card_not_present,IE,False,
t000987,acc_0018,2026-05-27,178.46,online retail,card_not_present,IE,False,
t001058,acc_0019,2026-05-27,45.96,utilities,mobile_app,IE,False,
t001130,acc_0020,2026-05-27,99.32,fuel,online_banking,IE,False,
t001195,acc_0021,2026-05-27,157.24,fuel,online_banking,IE,False,
t001274,acc_0022,2026-05-27,32.06,groceries,card_present,IE,False,
t001476,acc_0027,2026-05-27,34.2,utilities,card_present,IE,False,
t001566,acc_0030,2026-05-27,213.55,groceries,card_not_present,IE,False,
t001642,acc_0031,2026-05-27,55.51,travel,card_present,IE,False,
t001730,acc_0033,2026-05-27,175.54,transfer,mobile_app,IE,False,
t001813,acc_0034,2026-05-27,355.44,utilities,card_not_present,IE,False,
t001887,acc_0035,2026-05-27,35.45,transfer,card_not_present,IE,False,
t001925,acc_0036,2026-05-27,47.19,groceries,mobile_app,IE,False,
t001943,acc_0037,2026-05-27,40.33,online retail,mobile_app,IE,False,
t001965,acc_0038,2026-05-27,73.38,travel,card_present,IE,False,
t002002,acc_0039,2026-05-27,718.7,restaurants,card_not_present,IE,False,
t002145,acc_0044,2026-05-27,61.81,utilities,online_banking,IE,False,
t002235,acc_0045,2026-05-27,55.41,online retail,online_banking,IE,False,
t002322,acc_0047,2026-05-27,118.61,transfer,mobile_app,IE,False,
t002453,acc_0050,2026-05-27,19.26,restaurants,mobile_app,IE,False,
t002627,acc_0053,2026-05-27,24.79,transfer,card_present,IE,False,
t002844,acc_0057,2026-05-27,88.71,travel,online_banking,IE,False,
t002934,acc_0058,2026-05-27,264.6,electronics,mobile_app,IE,False,
t003006,acc_0059,2026-05-27,444.37,fuel,mobile_app,IE,False,
t003154,acc_0061,2026-05-27,156.22,restaurants,card_not_present,IE,False,
t003244,acc_0062,2026-05-27,143.25,travel,card_not_present,IE,False,
t003334,acc_0063,2026-05-27,192.6,travel,card_present,IE,False,
t003390,acc_0064,2026-05-27,72.49,groceries,card_present,IE,False,
t003467,acc_0065,2026-05-27,94.81,groceries,card_present,IE,False,
t003618,acc_0067,2026-05-27,34.96,restaurants,mobile_app,IE,False,
t003708,acc_0068,2026-05-27,81.32,utilities,mobile_app,IE,False,
t003801,acc_0070,2026-05-27,70.4,transfer,mobile_app,IE,False,
t003880,acc_0071,2026-05-27,21.98,restaurants,mobile_app,IE,False,
t003974,acc_0073,2026-05-27,110.26,electronics,card_not_present,IE,False,
t004005,acc_0074,2026-05-27,44.79,groceries,online_banking,IE,False,
t004108,acc_0076,2026-05-27,401.42,electronics,mobile_app,IE,False,
t004130,acc_0077,2026-05-27,77.12,online retail,online_banking,IE,False,
t004270,acc_0081,2026-05-27,99.54,electronics,card_present,IE,False,
t004323,acc_0082,2026-05-27,36.33,pharmacy,card_not_present,IE,False,
t004409,acc_0084,2026-05-27,525.89,online retail,mobile_app,IE,False,
t004528,acc_0086,2026-05-27,217.65,restaurants,card_not_present,IE,False,
t004686,acc_0088,2026-05-27,95.93,electronics,mobile_app,IE,False,
t004776,acc_0089,2026-05-27,45.08,travel,online_banking,IE,False,
t004907,acc_0092,2026-05-27,392.01,restaurants,online_banking,IE,False,
t005013,acc_0095,2026-05-27,16.64,transfer,online_banking,IE,False,
t005135,acc_0098,2026-05-27,60.34,electronics,online_banking,IE,False,
t005203,acc_0099,2026-05-27,81.29,pharmacy,card_not_present,IE,False,
t005312,acc_0101,2026-05-27,33.26,travel,card_not_present,IE,False,
t005363,acc_0102,2026-05-27,36.34,travel,card_not_present,IE,False,
t005436,acc_0103,2026-05-27,85.24,fuel,mobile_app,IE,False,
t005509,acc_0104,2026-05-27,26.99,groceries,mobile_app,IE,False,
t005587,acc_0105,2026-05-27,107.62,restaurants,online_banking,IE,False,
t005681,acc_0107,2026-05-27,223.64,pharmacy,mobile_app,IE,False,
t005818,acc_0110,2026-05-27,33.14,restaurants,mobile_app,IE,False,
t005896,acc_0111,2026-05-27,70.92,travel,card_present,IE,False,
t005941,acc_0112,2026-05-27,25.19,restaurants,card_present,IE,False,
t006012,acc_0113,2026-05-27,258.62,transfer,mobile_app,IE,False,
t006080,acc_0114,2026-05-27,27.79,travel,mobile_app,IE,False,
t006334,acc_0120,2026-05-27,18.72,restaurants,card_present,IE,False,
t006381,acc_0121,2026-05-27,29.38,online retail,card_present,IE,False,
t006454,acc_0122,2026-05-27,33.19,travel,mobile_app,IE,False,
t006531,acc_0123,2026-05-27,64.04,restaurants,card_not_present,IE,False,
t006605,acc_0125,2026-05-27,10.54,restaurants,mobile_app,IE,False,
t006678,acc_0126,2026-05-27,139.08,fuel,card_not_present,IE,False,
t006748,acc_0127,2026-05-27,97.27,utilities,online_banking,IE,False,
t006829,acc_0128,2026-05-27,11.7,online retail,mobile_app,IE,False,
t006971,acc_0131,2026-05-27,31.37,groceries,card_present,IE,False,
t007092,acc_0133,2026-05-27,173.73,transfer,card_present,IE,False,
t007209,acc_0136,2026-05-27,43.78,restaurants,online_banking,IE,False,
t007404,acc_0140,2026-05-27,219.78,pharmacy,card_present,IE,False,
t007446,acc_0141,2026-05-27,38.48,groceries,mobile_app,IE,False,
t007518,acc_0142,2026-05-27,198.86,groceries,card_present,IE,False,
t007694,acc_0147,2026-05-27,19.77,utilities,online_banking,IE,False,
t007844,acc_0149,2026-05-27,51.56,fuel,card_present,IE,False,
t007888,acc_0150,2026-05-27,62.74,utilities,card_not_present,IE,False,
t007915,acc_0151,2026-05-27,59.46,electronics,online_banking,IE,False,
t007963,acc_0153,2026-05-27,103.66,online retail,online_banking,IE,False,
t008000,acc_0154,2026-05-27,54.96,utilities,card_not_present,IE,False,
t008054,acc_0155,2026-05-27,909.93,utilities,mobile_app,IE,False,
t008163,acc_0157,2026-05-27,142.57,restaurants,online_banking,IE,False,
t008236,acc_0158,2026-05-27,7.42,electronics,card_present,IE,False,
t008296,acc_0159,2026-05-27,9.89,restaurants,card_not_present,IE,False,
t008420,acc_0161,2026-05-27,192.48,fuel,mobile_app,IE,False,
t008529,acc_0163,2026-05-27,120.81,restaurants,card_not_present,IE,False,
t008570,acc_0164,2026-05-27,43.06,pharmacy,card_not_present,IE,False,
t008710,acc_0166,2026-05-27,57.78,transfer,mobile_app,IE,False,
t008822,acc_0168,2026-05-27,25.69,restaurants,online_banking,IE,False,
t008942,acc_0170,2026-05-27,112.38,pharmacy,mobile_app,IE,False,
t009032,acc_0171,2026-05-27,21.03,pharmacy,card_present,IE,False,
t009122,acc_0172,2026-05-27,110.51,pharmacy,online_banking,IE,False,
t009248,acc_0174,2026-05-27,220.43,restaurants,online_banking,IE,False,
t009324,acc_0175,2026-05-27,43.83,electronics,card_present,IE,False,
t009405,acc_0176,2026-05-27,386.31,groceries,mobile_app,IE,False,
t009471,acc_0177,2026-05-27,29.14,transfer,card_present,IE,False,
t009550,acc_0178,2026-05-27,16.19,transfer,mobile_app,IE,False,
t009620,acc_0179,2026-05-27,51.65,transfer,online_banking,IE,False,
t009673,acc_0180,2026-05-27,60.97,travel,online_banking,IE,False,
t009755,acc_0181,2026-05-27,56.42,transfer,card_not_present,IE,False,
t009845,acc_0182,2026-05-27,68.22,fuel,card_not_present,IE,False,
t009911,acc_0184,2026-05-27,205.79,utilities,card_not_present,IE,False,
t009935,acc_0185,2026-05-27,64.47,travel,mobile_app,IE,False,
t010039,acc_0188,2026-05-27,25.1,utilities,card_not_present,IE,False,
t010108,acc_0189,2026-05-27,300.86,utilities,card_present,IE,False,
t010198,acc_0190,2026-05-27,115.69,restaurants,card_present,IE,False,
t010305,acc_0193,2026-05-27,58.33,transfer,mobile_app,IE,False,
t010510,acc_0197,2026-05-27,66.36,electronics,online_banking,IE,False,
t010606,acc_0199,2026-05-27,29.7,transfer,mobile_app,IE,False,
t000024,acc_0000,2026-05-28,20.6,online retail,mobile_app,IE,False,
t000073,acc_0001,2026-05-28,107.22,restaurants,mobile_app,IE,False,
t000176,acc_0003,2026-05-28,131.91,groceries,card_not_present,IE,False,
t000271,acc_0005,2026-05-28,89.71,online retail,card_present,IE,False,
t000321,acc_0006,2026-05-28,125.15,groceries,card_not_present,IE,False,
t000376,acc_0007,2026-05-28,41.13,transfer,online_banking,IE,False,
t000426,acc_0008,2026-05-28,150.03,utilities,online_banking,IE,False,
t000499,acc_0009,2026-05-28,56.13,transfer,card_present,IE,False,
t000684,acc_0013,2026-05-28,207.74,pharmacy,mobile_app,IE,False,
t000764,acc_0014,2026-05-28,27.45,pharmacy,online_banking,IE,False,
t000867,acc_0016,2026-05-28,27.65,transfer,card_not_present,IE,False,
t000947,acc_0017,2026-05-28,96.58,transfer,card_present,IE,False,
t001059,acc_0019,2026-05-28,141.64,groceries,card_present,IE,False,
t001131,acc_0020,2026-05-28,188.07,fuel,online_banking,IE,False,
t001275,acc_0022,2026-05-28,12.58,online retail,online_banking,IE,False,
t001404,acc_0025,2026-05-28,47.52,pharmacy,online_banking,IE,False,
t001477,acc_0027,2026-05-28,39.49,transfer,mobile_app,IE,False,
t001567,acc_0030,2026-05-28,301.96,electronics,card_present,IE,False,
t001643,acc_0031,2026-05-28,114.17,electronics,card_not_present,IE,False,
t001731,acc_0033,2026-05-28,81.72,groceries,online_banking,IE,False,
t001814,acc_0034,2026-05-28,215.3,pharmacy,card_present,IE,False,
t001944,acc_0037,2026-05-28,82.62,utilities,card_not_present,IE,False,
t002146,acc_0044,2026-05-28,47.54,restaurants,online_banking,IE,False,
t002236,acc_0045,2026-05-28,77.74,pharmacy,card_not_present,IE,False,
t002323,acc_0047,2026-05-28,130.61,fuel,mobile_app,IE,False,
t002454,acc_0050,2026-05-28,16.23,transfer,mobile_app,IE,False,
t002573,acc_0052,2026-05-28,11.11,groceries,card_not_present,IE,False,
t002693,acc_0054,2026-05-28,26.27,travel,mobile_app,IE,False,
t002776,acc_0056,2026-05-28,15.71,groceries,mobile_app,IE,False,
t002845,acc_0057,2026-05-28,438.39,fuel,mobile_app,IE,False,
t002935,acc_0058,2026-05-28,121.84,groceries,card_not_present,IE,False,
t003007,acc_0059,2026-05-28,120.37,groceries,mobile_app,IE,False,
t003155,acc_0061,2026-05-28,242.84,groceries,card_present,IE,False,
t003245,acc_0062,2026-05-28,174.92,restaurants,online_banking,IE,False,
t003335,acc_0063,2026-05-28,289.19,utilities,mobile_app,IE,False,
t003468,acc_0065,2026-05-28,62.65,online retail,online_banking,IE,False,
t003538,acc_0066,2026-05-28,70.73,restaurants,card_not_present,IE,False,
t003619,acc_0067,2026-05-28,72.72,online retail,mobile_app,IE,False,
t003709,acc_0068,2026-05-28,33.08,utilities,card_present,IE,False,
t003802,acc_0070,2026-05-28,80.29,fuel,card_present,IE,False,
t003881,acc_0071,2026-05-28,16.95,restaurants,mobile_app,IE,False,
t003929,acc_0072,2026-05-28,208.52,travel,mobile_app,IE,False,
t004006,acc_0074,2026-05-28,23.68,restaurants,card_not_present,IE,False,
t004109,acc_0076,2026-05-28,273.87,fuel,online_banking,IE,False,
t004271,acc_0081,2026-05-28,60.33,pharmacy,card_present,IE,False,
t004529,acc_0086,2026-05-28,179.66,groceries,card_present,IE,False,
t004603,acc_0087,2026-05-28,63.12,transfer,card_present,IE,False,
t004687,acc_0088,2026-05-28,275.65,transfer,online_banking,IE,False,
t004777,acc_0089,2026-05-28,39.3,electronics,online_banking,IE,False,
t004852,acc_0090,2026-05-28,57.85,groceries,mobile_app,IE,False,
t004908,acc_0092,2026-05-28,317.64,restaurants,mobile_app,IE,False,
t005014,acc_0095,2026-05-28,38.32,transfer,online_banking,IE,False,
t005204,acc_0099,2026-05-28,77.34,fuel,online_banking,IE,False,
t005260,acc_0100,2026-05-28,169.75,utilities,card_present,IE,False,
t005313,acc_0101,2026-05-28,34.84,groceries,card_not_present,IE,False,
t005437,acc_0103,2026-05-28,86.77,utilities,online_banking,IE,False,
t005588,acc_0105,2026-05-28,225.22,restaurants,online_banking,IE,False,
t005633,acc_0106,2026-05-28,259.16,utilities,card_not_present,IE,False,
t005819,acc_0110,2026-05-28,10.39,utilities,online_banking,IE,False,
t005897,acc_0111,2026-05-28,118.38,transfer,mobile_app,IE,False,
t005942,acc_0112,2026-05-28,29.15,transfer,card_present,IE,False,
t006013,acc_0113,2026-05-28,177.39,utilities,mobile_app,IE,False,
t006081,acc_0114,2026-05-28,20.37,utilities,online_banking,IE,False,
t006254,acc_0118,2026-05-28,107.49,online retail,card_not_present,IE,False,
t006382,acc_0121,2026-05-28,39.15,restaurants,card_present,IE,False,
t006455,acc_0122,2026-05-28,22.06,travel,card_not_present,IE,False,
t006532,acc_0123,2026-05-28,49.89,fuel,online_banking,IE,False,
t006679,acc_0126,2026-05-28,47.57,transfer,card_not_present,IE,False,
t006830,acc_0128,2026-05-28,19.21,groceries,card_not_present,IE,False,
t006872,acc_0129,2026-05-28,20.86,groceries,mobile_app,IE,False,
t006905,acc_0130,2026-05-28,52.29,pharmacy,online_banking,IE,False,
t006972,acc_0131,2026-05-28,25.32,restaurants,card_present,IE,False,
t007045,acc_0132,2026-05-28,456.04,travel,card_not_present,IE,False,
t007210,acc_0136,2026-05-28,122.21,groceries,online_banking,IE,False,
t007266,acc_0137,2026-05-28,147.28,groceries,card_not_present,IE,False,
t007338,acc_0139,2026-05-28,12.72,online retail,card_not_present,IE,False,
t007405,acc_0140,2026-05-28,99.25,restaurants,online_banking,IE,False,
t007447,acc_0141,2026-05-28,18.07,online retail,card_present,IE,False,
t007519,acc_0142,2026-05-28,264.46,utilities,card_not_present,IE,False,
t007695,acc_0147,2026-05-28,27.68,travel,mobile_app,IE,False,
t007845,acc_0149,2026-05-28,69.63,pharmacy,online_banking,IE,False,
t008097,acc_0156,2026-05-28,34.84,online retail,card_not_present,IE,False,
t008164,acc_0157,2026-05-28,391.65,fuel,card_not_present,IE,False,
t008346,acc_0160,2026-05-28,94.62,online retail,online_banking,IE,False,
t008421,acc_0161,2026-05-28,90.1,restaurants,online_banking,IE,False,
t008630,acc_0165,2026-05-28,13.42,electronics,card_not_present,IE,False,
t008711,acc_0166,2026-05-28,56.17,electronics,card_present,IE,False,
t008823,acc_0168,2026-05-28,93.85,fuel,card_not_present,IE,False,
t008875,acc_0169,2026-05-28,173.6,groceries,mobile_app,IE,False,
t008943,acc_0170,2026-05-28,169.77,restaurants,card_not_present,IE,False,
t009033,acc_0171,2026-05-28,65.74,transfer,mobile_app,IE,False,
t009123,acc_0172,2026-05-28,94.41,fuel,card_not_present,IE,False,
t009249,acc_0174,2026-05-28,157.29,online retail,online_banking,IE,False,
t009406,acc_0176,2026-05-28,202.99,pharmacy,card_not_present,IE,False,
t009472,acc_0177,2026-05-28,44.24,utilities,mobile_app,IE,False,
t009551,acc_0178,2026-05-28,15.97,groceries,mobile_app,IE,False,
t009621,acc_0179,2026-05-28,46.75,fuel,mobile_app,IE,False,
t009756,acc_0181,2026-05-28,93.78,utilities,card_present,IE,False,
t009846,acc_0182,2026-05-28,40.23,electronics,card_present,IE,False,
t009912,acc_0184,2026-05-28,140.01,groceries,card_present,IE,False,
t009974,acc_0186,2026-05-28,10.88,utilities,card_present,IE,False,
t010109,acc_0189,2026-05-28,215.07,transfer,card_not_present,IE,False,
t010199,acc_0190,2026-05-28,251.94,transfer,card_present,IE,False,
t010261,acc_0192,2026-05-28,24.0,pharmacy,card_not_present,IE,False,
t010306,acc_0193,2026-05-28,92.67,restaurants,card_not_present,IE,False,
t010360,acc_0194,2026-05-28,164.05,pharmacy,card_not_present,IE,False,
t000025,acc_0000,2026-05-29,34.91,utilities,card_present,IE,False,
t000074,acc_0001,2026-05-29,143.95,fuel,online_banking,IE,False,
t000114,acc_0002,2026-05-29,44.87,utilities,card_present,IE,False,
t000177,acc_0003,2026-05-29,63.23,online retail,card_present,IE,False,
t000272,acc_0005,2026-05-29,40.15,restaurants,card_present,IE,False,
t000322,acc_0006,2026-05-29,107.02,restaurants,mobile_app,IE,False,
t000377,acc_0007,2026-05-29,71.85,fuel,online_banking,IE,False,
t000427,acc_0008,2026-05-29,178.86,utilities,card_present,IE,False,
t000500,acc_0009,2026-05-29,48.58,groceries,online_banking,IE,False,
t000685,acc_0013,2026-05-29,77.22,transfer,card_not_present,IE,False,
t000765,acc_0014,2026-05-29,23.6,utilities,mobile_app,IE,False,
t000868,acc_0016,2026-05-29,80.7,pharmacy,mobile_app,IE,False,
t000948,acc_0017,2026-05-29,299.99,travel,online_banking,IE,False,
t001060,acc_0019,2026-05-29,96.31,travel,mobile_app,IE,False,
t001276,acc_0022,2026-05-29,30.79,fuel,mobile_app,IE,False,
t001355,acc_0024,2026-05-29,184.05,travel,mobile_app,IE,False,
t001405,acc_0025,2026-05-29,59.62,utilities,card_not_present,IE,False,
t001478,acc_0027,2026-05-29,53.46,online retail,online_banking,IE,False,
t001568,acc_0030,2026-05-29,210.09,electronics,card_present,IE,False,
t001644,acc_0031,2026-05-29,23.42,travel,online_banking,IE,False,
t001815,acc_0034,2026-05-29,140.79,utilities,online_banking,IE,False,
t001888,acc_0035,2026-05-29,15.66,groceries,card_not_present,IE,False,
t001945,acc_0037,2026-05-29,40.12,transfer,card_present,IE,False,
t002003,acc_0039,2026-05-29,572.81,transfer,online_banking,IE,False,
t002147,acc_0044,2026-05-29,9.68,pharmacy,mobile_app,IE,False,
t002237,acc_0045,2026-05-29,59.96,utilities,mobile_app,IE,False,
t002455,acc_0050,2026-05-29,10.72,fuel,card_not_present,IE,False,
t002694,acc_0054,2026-05-29,11.91,travel,card_present,IE,False,
t002741,acc_0055,2026-05-29,225.61,online retail,card_not_present,IE,False,
t002777,acc_0056,2026-05-29,6.58,fuel,mobile_app,IE,False,
t002846,acc_0057,2026-05-29,97.55,travel,card_present,IE,False,
t002936,acc_0058,2026-05-29,115.69,restaurants,card_present,IE,False,
t003008,acc_0059,2026-05-29,140.12,restaurants,card_present,IE,False,
t003075,acc_0060,2026-05-29,38.85,pharmacy,mobile_app,IE,False,
t003156,acc_0061,2026-05-29,136.06,pharmacy,mobile_app,IE,False,
t003246,acc_0062,2026-05-29,50.84,electronics,card_present,IE,False,
t003336,acc_0063,2026-05-29,111.67,pharmacy,online_banking,IE,False,
t003469,acc_0065,2026-05-29,52.18,pharmacy,card_present,IE,False,
t003539,acc_0066,2026-05-29,35.08,electronics,card_present,IE,False,
t003620,acc_0067,2026-05-29,17.16,electronics,online_banking,IE,False,
t003710,acc_0068,2026-05-29,248.83,electronics,card_not_present,IE,False,
t003754,acc_0069,2026-05-29,35.53,groceries,online_banking,IE,False,
t003882,acc_0071,2026-05-29,26.7,utilities,mobile_app,IE,False,
t003975,acc_0073,2026-05-29,173.85,pharmacy,mobile_app,IE,False,
t004053,acc_0075,2026-05-29,137.21,restaurants,card_not_present,IE,False,
t004110,acc_0076,2026-05-29,250.16,groceries,card_not_present,IE,False,
t004204,acc_0080,2026-05-29,46.54,transfer,mobile_app,IE,False,
t004272,acc_0081,2026-05-29,57.08,restaurants,card_not_present,IE,False,
t004324,acc_0082,2026-05-29,48.27,online retail,mobile_app,IE,False,
t004530,acc_0086,2026-05-29,74.62,travel,card_not_present,IE,False,
t004688,acc_0088,2026-05-29,129.41,online retail,online_banking,IE,False,
t004778,acc_0089,2026-05-29,17.77,fuel,online_banking,IE,False,
t004853,acc_0090,2026-05-29,192.92,transfer,mobile_app,IE,False,
t005015,acc_0095,2026-05-29,14.24,utilities,mobile_app,IE,False,
t005065,acc_0096,2026-05-29,115.6,electronics,mobile_app,IE,False,
t005205,acc_0099,2026-05-29,61.98,transfer,card_present,IE,False,
t005261,acc_0100,2026-05-29,218.38,online retail,online_banking,IE,False,
t005314,acc_0101,2026-05-29,21.83,restaurants,card_present,IE,False,
t005438,acc_0103,2026-05-29,89.32,travel,online_banking,IE,False,
t005510,acc_0104,2026-05-29,22.76,fuel,online_banking,IE,False,
t005589,acc_0105,2026-05-29,89.32,online retail,mobile_app,IE,False,
t005756,acc_0109,2026-05-29,13.52,electronics,card_not_present,IE,False,
t005820,acc_0110,2026-05-29,19.96,travel,online_banking,IE,False,
t005898,acc_0111,2026-05-29,325.17,utilities,card_not_present,IE,False,
t005943,acc_0112,2026-05-29,50.77,transfer,card_present,IE,False,
t006014,acc_0113,2026-05-29,94.83,restaurants,card_not_present,IE,False,
t006082,acc_0114,2026-05-29,27.94,fuel,mobile_app,IE,False,
t006255,acc_0118,2026-05-29,55.19,transfer,online_banking,IE,False,
t006335,acc_0120,2026-05-29,36.77,fuel,mobile_app,IE,False,
t006456,acc_0122,2026-05-29,22.13,transfer,online_banking,IE,False,
t006533,acc_0123,2026-05-29,110.05,restaurants,mobile_app,IE,False,
t006606,acc_0125,2026-05-29,8.45,groceries,online_banking,IE,False,
t006680,acc_0126,2026-05-29,147.47,online retail,mobile_app,IE,False,
t006749,acc_0127,2026-05-29,75.56,restaurants,card_not_present,IE,False,
t006831,acc_0128,2026-05-29,20.75,travel,mobile_app,IE,False,
t006906,acc_0130,2026-05-29,136.92,transfer,card_present,IE,False,
t006973,acc_0131,2026-05-29,342.23,restaurants,online_banking,IE,False,
t007046,acc_0132,2026-05-29,275.47,pharmacy,online_banking,IE,False,
t007140,acc_0135,2026-05-29,213.49,transfer,online_banking,IE,False,
t007211,acc_0136,2026-05-29,38.63,restaurants,card_not_present,IE,False,
t007267,acc_0137,2026-05-29,78.02,electronics,online_banking,IE,False,
t007406,acc_0140,2026-05-29,99.17,pharmacy,mobile_app,IE,False,
t007520,acc_0142,2026-05-29,114.08,utilities,card_not_present,IE,False,
t007575,acc_0143,2026-05-29,10.9,pharmacy,mobile_app,IE,False,
t007696,acc_0147,2026-05-29,14.92,utilities,card_present,IE,False,
t007846,acc_0149,2026-05-29,74.0,travel,card_present,IE,False,
t008098,acc_0156,2026-05-29,53.71,groceries,card_not_present,IE,False,
t008165,acc_0157,2026-05-29,289.23,groceries,online_banking,IE,False,
t008237,acc_0158,2026-05-29,12.76,travel,card_not_present,IE,False,
t008297,acc_0159,2026-05-29,3.37,electronics,card_not_present,IE,False,
t008422,acc_0161,2026-05-29,231.18,transfer,mobile_app,IE,False,
t008474,acc_0162,2026-05-29,21.98,fuel,mobile_app,IE,False,
t008530,acc_0163,2026-05-29,174.59,pharmacy,online_banking,IE,False,
t008631,acc_0165,2026-05-29,16.93,restaurants,card_not_present,IE,False,
t008712,acc_0166,2026-05-29,120.4,transfer,card_present,IE,False,
t008757,acc_0167,2026-05-29,51.29,travel,mobile_app,IE,False,
t008824,acc_0168,2026-05-29,105.71,restaurants,mobile_app,IE,False,
t008944,acc_0170,2026-05-29,166.35,pharmacy,online_banking,IE,False,
t009034,acc_0171,2026-05-29,42.55,restaurants,online_banking,IE,False,
t009124,acc_0172,2026-05-29,222.84,travel,mobile_app,IE,False,
t009250,acc_0174,2026-05-29,127.46,utilities,mobile_app,IE,False,
t009407,acc_0176,2026-05-29,107.71,transfer,card_not_present,IE,False,
t009473,acc_0177,2026-05-29,53.56,restaurants,card_not_present,IE,False,
t009552,acc_0178,2026-05-29,9.13,fuel,mobile_app,IE,False,
t009674,acc_0180,2026-05-29,66.96,pharmacy,mobile_app,IE,False,
t009757,acc_0181,2026-05-29,31.67,travel,mobile_app,IE,False,
t009847,acc_0182,2026-05-29,46.69,transfer,card_present,IE,False,
t009936,acc_0185,2026-05-29,48.53,online retail,online_banking,IE,False,
t010110,acc_0189,2026-05-29,311.54,travel,card_not_present,IE,False,
t010200,acc_0190,2026-05-29,58.14,utilities,card_present,IE,False,
t010307,acc_0193,2026-05-29,84.84,pharmacy,card_present,IE,False,
t010607,acc_0199,2026-05-29,21.06,restaurants,online_banking,IE,False,
t010970,acc_0157,2026-05-29,234.88,online retail,card_not_present,IE,False,rapid_burst
t010971,acc_0157,2026-05-29,231.49,online retail,card_not_present,IE,False,rapid_burst
t010972,acc_0157,2026-05-29,281.15,online retail,card_not_present,IE,False,rapid_burst
t010973,acc_0157,2026-05-29,180.13,online retail,card_not_present,IE,False,rapid_burst
t010974,acc_0157,2026-05-29,211.36,online retail,card_not_present,IE,False,rapid_burst
t010975,acc_0157,2026-05-29,234.78,online retail,card_not_present,IE,False,rapid_burst
t010976,acc_0157,2026-05-29,168.41,online retail,card_not_present,IE,False,rapid_burst
t010977,acc_0157,2026-05-29,267.45,online retail,card_not_present,IE,False,rapid_burst
t010978,acc_0157,2026-05-29,218.37,online retail,card_not_present,IE,False,rapid_burst
t010979,acc_0157,2026-05-29,222.59,online retail,card_not_present,IE,False,rapid_burst
t010980,acc_0157,2026-05-29,260.01,online retail,card_not_present,IE,False,rapid_burst
t000178,acc_0003,2026-05-30,28.2,restaurants,card_not_present,IE,False,
t000273,acc_0005,2026-05-30,23.99,electronics,card_present,IE,False,
t000378,acc_0007,2026-05-30,53.16,groceries,mobile_app,IE,False,
t000501,acc_0009,2026-05-30,41.62,electronics,mobile_app,IE,False,
t000590,acc_0011,2026-05-30,18.83,transfer,mobile_app,IE,False,
t000766,acc_0014,2026-05-30,11.86,groceries,card_not_present,IE,False,
t000869,acc_0016,2026-05-30,117.82,pharmacy,card_present,IE,False,
t000949,acc_0017,2026-05-30,54.56,groceries,card_present,IE,False,
t001061,acc_0019,2026-05-30,56.78,travel,card_not_present,IE,False,
t001132,acc_0020,2026-05-30,106.08,electronics,card_present,IE,False,
t001196,acc_0021,2026-05-30,105.09,restaurants,mobile_app,IE,False,
t001277,acc_0022,2026-05-30,24.63,pharmacy,card_present,IE,False,
t001406,acc_0025,2026-05-30,37.71,pharmacy,mobile_app,IE,False,
t001479,acc_0027,2026-05-30,29.16,transfer,online_banking,IE,False,
t001569,acc_0030,2026-05-30,287.62,online retail,mobile_app,IE,False,
t001645,acc_0031,2026-05-30,33.04,transfer,mobile_app,IE,False,
t001816,acc_0034,2026-05-30,125.68,restaurants,card_not_present,IE,False,
t001889,acc_0035,2026-05-30,55.16,fuel,card_present,IE,False,
t002082,acc_0043,2026-05-30,8.65,groceries,mobile_app,IE,False,
t002148,acc_0044,2026-05-30,83.11,travel,mobile_app,IE,False,
t002238,acc_0045,2026-05-30,131.53,travel,card_not_present,IE,False,
t002280,acc_0046,2026-05-30,37.97,utilities,mobile_app,IE,False,
t002324,acc_0047,2026-05-30,136.44,online retail,online_banking,IE,False,
t002456,acc_0050,2026-05-30,18.59,travel,online_banking,IE,False,
t002523,acc_0051,2026-05-30,135.36,electronics,card_not_present,IE,False,
t002628,acc_0053,2026-05-30,31.39,fuel,card_present,IE,False,
t002695,acc_0054,2026-05-30,10.92,fuel,online_banking,IE,False,
t002847,acc_0057,2026-05-30,61.03,restaurants,mobile_app,IE,False,
t002937,acc_0058,2026-05-30,262.38,travel,online_banking,IE,False,
t003009,acc_0059,2026-05-30,194.91,travel,card_not_present,IE,False,
t003076,acc_0060,2026-05-30,137.62,restaurants,online_banking,IE,False,
t003157,acc_0061,2026-05-30,200.52,electronics,mobile_app,IE,False,
t003247,acc_0062,2026-05-30,96.62,transfer,online_banking,IE,False,
t003337,acc_0063,2026-05-30,86.43,electronics,card_not_present,IE,False,
t003391,acc_0064,2026-05-30,35.69,groceries,mobile_app,IE,False,
t003470,acc_0065,2026-05-30,71.69,restaurants,online_banking,IE,False,
t003540,acc_0066,2026-05-30,199.36,utilities,mobile_app,IE,False,
t003621,acc_0067,2026-05-30,27.1,groceries,card_not_present,IE,False,
t003711,acc_0068,2026-05-30,81.85,pharmacy,card_present,IE,False,
t003803,acc_0070,2026-05-30,15.34,groceries,online_banking,IE,False,
t003883,acc_0071,2026-05-30,26.84,groceries,mobile_app,IE,False,
t003976,acc_0073,2026-05-30,171.65,fuel,card_not_present,IE,False,
t004054,acc_0075,2026-05-30,278.69,travel,mobile_app,IE,False,
t004205,acc_0080,2026-05-30,35.45,utilities,mobile_app,IE,False,
t004273,acc_0081,2026-05-30,231.05,restaurants,mobile_app,IE,False,
t004325,acc_0082,2026-05-30,11.84,restaurants,mobile_app,IE,False,
t004366,acc_0083,2026-05-30,145.56,groceries,online_banking,IE,False,
t004410,acc_0084,2026-05-30,179.6,restaurants,card_not_present,IE,False,
t004531,acc_0086,2026-05-30,135.22,travel,card_not_present,IE,False,
t004604,acc_0087,2026-05-30,117.62,fuel,mobile_app,IE,False,
t004689,acc_0088,2026-05-30,50.1,electronics,online_banking,IE,False,
t004779,acc_0089,2026-05-30,33.87,electronics,card_present,IE,False,
t004854,acc_0090,2026-05-30,70.94,restaurants,online_banking,IE,False,
t005016,acc_0095,2026-05-30,21.47,transfer,online_banking,IE,False,
t005066,acc_0096,2026-05-30,102.18,pharmacy,online_banking,IE,False,
t005136,acc_0098,2026-05-30,14.14,groceries,mobile_app,IE,False,
t005206,acc_0099,2026-05-30,98.65,transfer,card_present,IE,False,
t005262,acc_0100,2026-05-30,361.2,restaurants,mobile_app,IE,False,
t005315,acc_0101,2026-05-30,44.66,pharmacy,card_present,IE,False,
t005364,acc_0102,2026-05-30,25.05,pharmacy,online_banking,IE,False,
t005439,acc_0103,2026-05-30,67.9,online retail,mobile_app,IE,False,
t005511,acc_0104,2026-05-30,10.15,online retail,card_not_present,IE,False,
t005590,acc_0105,2026-05-30,75.41,online retail,card_present,IE,False,
t005682,acc_0107,2026-05-30,42.14,online retail,card_present,IE,False,
t005821,acc_0110,2026-05-30,9.35,utilities,online_banking,IE,False,
t005944,acc_0112,2026-05-30,54.01,transfer,card_present,IE,False,
t006015,acc_0113,2026-05-30,235.65,online retail,card_present,IE,False,
t006196,acc_0117,2026-05-30,38.21,online retail,card_present,IE,False,
t006457,acc_0122,2026-05-30,17.7,pharmacy,card_not_present,IE,False,
t006534,acc_0123,2026-05-30,60.48,fuel,card_present,IE,False,
t006607,acc_0125,2026-05-30,14.59,online retail,mobile_app,IE,False,
t006681,acc_0126,2026-05-30,28.87,electronics,online_banking,IE,False,
t006750,acc_0127,2026-05-30,46.51,restaurants,card_not_present,IE,False,
t006832,acc_0128,2026-05-30,22.12,groceries,mobile_app,IE,False,
t006907,acc_0130,2026-05-30,88.95,travel,card_present,IE,False,
t006974,acc_0131,2026-05-30,53.85,restaurants,mobile_app,IE,False,
t007047,acc_0132,2026-05-30,140.44,pharmacy,card_not_present,IE,False,
t007212,acc_0136,2026-05-30,38.02,transfer,card_present,IE,False,
t007339,acc_0139,2026-05-30,90.28,utilities,card_present,IE,False,
t007407,acc_0140,2026-05-30,294.02,transfer,mobile_app,IE,False,
t007448,acc_0141,2026-05-30,49.5,utilities,card_not_present,IE,False,
t007521,acc_0142,2026-05-30,239.47,online retail,card_present,IE,False,
t007697,acc_0147,2026-05-30,14.81,groceries,card_not_present,IE,False,
t007764,acc_0148,2026-05-30,36.44,travel,online_banking,IE,False,
t007847,acc_0149,2026-05-30,90.38,pharmacy,card_present,IE,False,
t007916,acc_0151,2026-05-30,21.94,utilities,card_present,IE,False,
t008001,acc_0154,2026-05-30,34.75,utilities,card_not_present,IE,False,
t008055,acc_0155,2026-05-30,196.38,fuel,online_banking,IE,False,
t008166,acc_0157,2026-05-30,450.96,online retail,online_banking,IE,False,
t008238,acc_0158,2026-05-30,17.76,groceries,online_banking,IE,False,
t008298,acc_0159,2026-05-30,22.74,transfer,card_present,IE,False,
t008347,acc_0160,2026-05-30,133.38,online retail,card_present,IE,False,
t008423,acc_0161,2026-05-30,147.84,transfer,card_not_present,IE,False,
t008475,acc_0162,2026-05-30,11.03,restaurants,online_banking,IE,False,
t008531,acc_0163,2026-05-30,227.44,travel,online_banking,IE,False,
t008632,acc_0165,2026-05-30,14.46,electronics,online_banking,IE,False,
t008713,acc_0166,2026-05-30,59.83,transfer,card_not_present,IE,False,
t008825,acc_0168,2026-05-30,81.45,restaurants,card_present,IE,False,
t008876,acc_0169,2026-05-30,146.65,electronics,mobile_app,IE,False,
t008945,acc_0170,2026-05-30,154.5,online retail,card_present,IE,False,
t009035,acc_0171,2026-05-30,63.6,transfer,card_present,IE,False,
t009125,acc_0172,2026-05-30,74.25,travel,online_banking,IE,False,
t009179,acc_0173,2026-05-30,13.84,electronics,card_present,IE,False,
t009251,acc_0174,2026-05-30,106.77,fuel,online_banking,IE,False,
t009325,acc_0175,2026-05-30,19.48,utilities,card_not_present,IE,False,
t009408,acc_0176,2026-05-30,134.87,restaurants,card_not_present,IE,False,
t009474,acc_0177,2026-05-30,28.63,online retail,card_present,IE,False,
t009553,acc_0178,2026-05-30,28.91,online retail,card_present,IE,False,
t009622,acc_0179,2026-05-30,45.81,restaurants,card_present,IE,False,
t009758,acc_0181,2026-05-30,18.78,online retail,online_banking,IE,False,
t009848,acc_0182,2026-05-30,103.59,electronics,online_banking,IE,False,
t009937,acc_0185,2026-05-30,62.92,restaurants,online_banking,IE,False,
t009975,acc_0186,2026-05-30,25.86,electronics,card_not_present,IE,False,
t010111,acc_0189,2026-05-30,208.25,transfer,card_not_present,IE,False,
t010201,acc_0190,2026-05-30,34.03,groceries,mobile_app,IE,False,
t010247,acc_0191,2026-05-30,71.35,utilities,mobile_app,IE,False,
t010308,acc_0193,2026-05-30,67.15,transfer,card_not_present,IE,False,
t010361,acc_0194,2026-05-30,276.27,restaurants,online_banking,IE,False,
t010415,acc_0195,2026-05-30,164.22,online retail,card_present,IE,False,
t010511,acc_0197,2026-05-30,84.88,online retail,mobile_app,IE,False,
t010608,acc_0199,2026-05-30,18.97,electronics,mobile_app,IE,False,
t010695,acc_0028,2026-05-30,1894.96,electronics,card_not_present,IE,False,amount_spike
t010827,acc_0096,2026-05-30,1313.55,electronics,card_not_present,IE,False,amount_spike
t011080,acc_0192,2026-05-30,510.13,electronics,card_not_present,IE,False,amount_spike
t000026,acc_0000,2026-05-31,47.38,travel,mobile_app,IE,False,
t000075,acc_0001,2026-05-31,50.64,transfer,mobile_app,IE,False,
t000179,acc_0003,2026-05-31,155.74,pharmacy,card_present,IE,False,
t000274,acc_0005,2026-05-31,45.82,fuel,mobile_app,IE,False,
t000323,acc_0006,2026-05-31,90.81,pharmacy,mobile_app,IE,False,
t000379,acc_0007,2026-05-31,249.81,restaurants,online_banking,IE,False,
t000428,acc_0008,2026-05-31,141.32,electronics,mobile_app,IE,False,
t000502,acc_0009,2026-05-31,80.79,online retail,card_present,IE,False,
t000686,acc_0013,2026-05-31,195.06,utilities,card_not_present,IE,False,
t000767,acc_0014,2026-05-31,36.72,transfer,mobile_app,IE,False,
t000870,acc_0016,2026-05-31,94.19,electronics,online_banking,IE,False,
t000950,acc_0017,2026-05-31,132.19,electronics,mobile_app,IE,False,
t001062,acc_0019,2026-05-31,78.35,fuel,mobile_app,IE,False,
t001133,acc_0020,2026-05-31,452.06,online retail,card_present,IE,False,
t001197,acc_0021,2026-05-31,214.78,transfer,online_banking,IE,False,
t001278,acc_0022,2026-05-31,69.59,fuel,card_present,IE,False,
t001356,acc_0024,2026-05-31,276.94,groceries,mobile_app,IE,False,
t001407,acc_0025,2026-05-31,64.17,groceries,card_not_present,IE,False,
t001480,acc_0027,2026-05-31,7.35,transfer,mobile_app,IE,False,
t001646,acc_0031,2026-05-31,11.64,fuel,online_banking,IE,False,
t001732,acc_0033,2026-05-31,272.05,travel,online_banking,IE,False,
t001817,acc_0034,2026-05-31,157.19,transfer,online_banking,IE,False,
t001926,acc_0036,2026-05-31,68.92,groceries,mobile_app,IE,False,
t002025,acc_0040,2026-05-31,98.82,transfer,online_banking,IE,False,
t002149,acc_0044,2026-05-31,55.07,utilities,mobile_app,IE,False,
t002239,acc_0045,2026-05-31,122.56,restaurants,card_present,IE,False,
t002325,acc_0047,2026-05-31,88.54,pharmacy,mobile_app,IE,False,
t002457,acc_0050,2026-05-31,25.9,transfer,card_not_present,IE,False,
t002524,acc_0051,2026-05-31,69.88,utilities,card_not_present,IE,False,
t002574,acc_0052,2026-05-31,11.92,electronics,online_banking,IE,False,
t002629,acc_0053,2026-05-31,27.3,travel,online_banking,IE,False,
t002742,acc_0055,2026-05-31,752.37,pharmacy,card_not_present,IE,False,
t002848,acc_0057,2026-05-31,233.63,online retail,card_present,IE,False,
t002938,acc_0058,2026-05-31,206.01,restaurants,online_banking,IE,False,
t003010,acc_0059,2026-05-31,223.21,pharmacy,card_present,IE,False,
t003077,acc_0060,2026-05-31,31.47,utilities,card_present,IE,False,
t003158,acc_0061,2026-05-31,160.83,restaurants,online_banking,IE,False,
t003248,acc_0062,2026-05-31,127.29,electronics,card_not_present,IE,False,
t003338,acc_0063,2026-05-31,397.37,transfer,card_present,IE,False,
t003471,acc_0065,2026-05-31,172.29,utilities,online_banking,IE,False,
t003622,acc_0067,2026-05-31,21.07,restaurants,card_not_present,IE,False,
t003712,acc_0068,2026-05-31,97.79,groceries,card_present,IE,False,
t003884,acc_0071,2026-05-31,42.21,restaurants,mobile_app,IE,False,
t004055,acc_0075,2026-05-31,83.87,utilities,card_not_present,IE,False,
t004111,acc_0076,2026-05-31,210.4,transfer,card_present,IE,False,
t004274,acc_0081,2026-05-31,109.52,transfer,card_present,IE,False,
t004326,acc_0082,2026-05-31,15.02,restaurants,online_banking,IE,False,
t004367,acc_0083,2026-05-31,87.48,groceries,online_banking,IE,False,
t004411,acc_0084,2026-05-31,175.95,electronics,online_banking,IE,False,
t004532,acc_0086,2026-05-31,259.57,online retail,card_present,IE,False,
t004605,acc_0087,2026-05-31,307.88,electronics,card_not_present,IE,False,
t004690,acc_0088,2026-05-31,102.35,electronics,mobile_app,IE,False,
t004780,acc_0089,2026-05-31,32.37,restaurants,card_not_present,IE,False,
t004909,acc_0092,2026-05-31,312.56,travel,mobile_app,IE,False,
t005017,acc_0095,2026-05-31,49.49,online retail,online_banking,IE,False,
t005100,acc_0097,2026-05-31,8.13,electronics,mobile_app,IE,False,
t005207,acc_0099,2026-05-31,40.19,electronics,mobile_app,IE,False,
t005316,acc_0101,2026-05-31,40.67,online retail,mobile_app,IE,False,
t005365,acc_0102,2026-05-31,29.95,fuel,mobile_app,IE,False,
t005440,acc_0103,2026-05-31,54.3,pharmacy,mobile_app,IE,False,
t005512,acc_0104,2026-05-31,18.6,pharmacy,mobile_app,IE,False,
t005591,acc_0105,2026-05-31,83.44,pharmacy,card_not_present,IE,False,
t005683,acc_0107,2026-05-31,60.49,restaurants,card_present,IE,False,
t005822,acc_0110,2026-05-31,14.04,pharmacy,mobile_app,IE,False,
t005945,acc_0112,2026-05-31,103.0,fuel,card_not_present,IE,False,
t006016,acc_0113,2026-05-31,218.33,groceries,card_present,IE,False,
t006083,acc_0114,2026-05-31,34.83,groceries,card_present,IE,False,
t006197,acc_0117,2026-05-31,46.6,online retail,card_present,IE,False,
t006256,acc_0118,2026-05-31,29.09,restaurants,card_present,IE,False,
t006458,acc_0122,2026-05-31,16.58,travel,card_present,IE,False,
t006535,acc_0123,2026-05-31,28.87,transfer,card_present,IE,False,
t006682,acc_0126,2026-05-31,306.91,transfer,online_banking,IE,False,
t006751,acc_0127,2026-05-31,188.95,pharmacy,card_not_present,IE,False,
t006833,acc_0128,2026-05-31,13.35,groceries,online_banking,IE,False,
t006908,acc_0130,2026-05-31,122.65,groceries,card_present,IE,False,
t006975,acc_0131,2026-05-31,86.99,electronics,card_not_present,IE,False,
t007048,acc_0132,2026-05-31,294.56,travel,online_banking,IE,False,
t007113,acc_0134,2026-05-31,22.74,groceries,card_present,IE,False,
t007213,acc_0136,2026-05-31,49.74,restaurants,online_banking,IE,False,
t007268,acc_0137,2026-05-31,69.78,online retail,card_not_present,IE,False,
t007340,acc_0139,2026-05-31,74.88,electronics,card_present,IE,False,
t007449,acc_0141,2026-05-31,51.53,transfer,online_banking,IE,False,
t007522,acc_0142,2026-05-31,587.48,restaurants,online_banking,IE,False,
t007634,acc_0146,2026-05-31,62.22,pharmacy,mobile_app,IE,False,
t007698,acc_0147,2026-05-31,44.29,utilities,card_present,IE,False,
t007765,acc_0148,2026-05-31,33.78,online retail,card_not_present,IE,False,
t007848,acc_0149,2026-05-31,158.98,groceries,mobile_app,IE,False,
t008056,acc_0155,2026-05-31,115.06,fuel,online_banking,IE,False,
t008167,acc_0157,2026-05-31,96.5,fuel,online_banking,IE,False,
t008239,acc_0158,2026-05-31,11.72,fuel,card_not_present,IE,False,
t008348,acc_0160,2026-05-31,288.05,electronics,card_present,IE,False,
t008424,acc_0161,2026-05-31,160.69,travel,mobile_app,IE,False,
t008633,acc_0165,2026-05-31,34.33,travel,card_present,IE,False,
t008714,acc_0166,2026-05-31,73.06,transfer,card_not_present,IE,False,
t008758,acc_0167,2026-05-31,145.79,fuel,card_present,IE,False,
t008826,acc_0168,2026-05-31,163.64,travel,mobile_app,IE,False,
t008946,acc_0170,2026-05-31,169.21,transfer,mobile_app,IE,False,
t009036,acc_0171,2026-05-31,27.18,transfer,online_banking,IE,False,
t009126,acc_0172,2026-05-31,90.97,fuel,card_present,IE,False,
t009180,acc_0173,2026-05-31,13.19,fuel,card_present,IE,False,
t009252,acc_0174,2026-05-31,250.3,pharmacy,card_present,IE,False,
t009326,acc_0175,2026-05-31,55.8,utilities,card_present,IE,False,
t009409,acc_0176,2026-05-31,246.63,electronics,mobile_app,IE,False,
t009554,acc_0178,2026-05-31,8.45,pharmacy,card_not_present,IE,False,
t009623,acc_0179,2026-05-31,25.56,travel,mobile_app,IE,False,
t009675,acc_0180,2026-05-31,55.38,pharmacy,online_banking,IE,False,
t009759,acc_0181,2026-05-31,50.16,restaurants,card_not_present,IE,False,
t009849,acc_0182,2026-05-31,146.28,utilities,online_banking,IE,False,
t009976,acc_0186,2026-05-31,15.07,transfer,online_banking,IE,False,
t010112,acc_0189,2026-05-31,170.56,pharmacy,online_banking,IE,False,
t010202,acc_0190,2026-05-31,179.89,fuel,mobile_app,IE,False,
t010309,acc_0193,2026-05-31,63.54,transfer,mobile_app,IE,False,
t010362,acc_0194,2026-05-31,302.55,pharmacy,online_banking,IE,False,
t010416,acc_0195,2026-05-31,481.72,transfer,mobile_app,IE,False,
t010458,acc_0196,2026-05-31,10.37,electronics,mobile_app,IE,False,
t010512,acc_0197,2026-05-31,67.6,pharmacy,online_banking,IE,False,
t010609,acc_0199,2026-05-31,53.16,pharmacy,online_banking,IE,False,
t010655,acc_0012,2026-05-31,258.66,electronics,card_not_present,IE,False,amount_spike
t010955,acc_0150,2026-05-31,84.99,travel,card_present,BR,True,new_country_new_device
t010956,acc_0150,2026-05-31,63.4,travel,card_present,RO,True,new_country_new_device
t010957,acc_0150,2026-05-31,73.85,travel,card_present,NG,True,new_country_new_device
t010958,acc_0150,2026-05-31,126.41,travel,card_present,UA,True,new_country_new_device
t011013,acc_0167,2026-05-31,985.0,transfer,online_banking,IE,False,threshold_structuring
t011014,acc_0167,2026-05-31,990.0,transfer,online_banking,IE,False,threshold_structuring
t011020,acc_0172,2026-05-31,1532.99,electronics,card_not_present,IE,False,amount_spike
t011061,acc_0184,2026-05-31,6350.44,electronics,card_not_present,IE,False,amount_spike
t000076,acc_0001,2026-06-01,59.61,travel,card_present,IE,False,
t000180,acc_0003,2026-06-01,112.7,utilities,online_banking,IE,False,
t000275,acc_0005,2026-06-01,25.81,fuel,card_not_present,IE,False,
t000324,acc_0006,2026-06-01,76.36,electronics,online_banking,IE,False,
t000380,acc_0007,2026-06-01,234.52,electronics,card_not_present,IE,False,
t000503,acc_0009,2026-06-01,120.05,utilities,card_not_present,IE,False,
t000591,acc_0011,2026-06-01,8.01,fuel,mobile_app,IE,False,
t000632,acc_0012,2026-06-01,58.28,fuel,mobile_app,IE,False,
t000768,acc_0014,2026-06-01,14.4,online retail,online_banking,IE,False,
t000871,acc_0016,2026-06-01,65.32,pharmacy,card_not_present,IE,False,
t000951,acc_0017,2026-06-01,293.8,travel,card_not_present,IE,False,
t001063,acc_0019,2026-06-01,75.34,utilities,online_banking,IE,False,
t001134,acc_0020,2026-06-01,294.43,transfer,card_not_present,IE,False,
t001279,acc_0022,2026-06-01,32.87,electronics,online_banking,IE,False,
t001319,acc_0023,2026-06-01,52.67,online retail,online_banking,IE,False,
t001357,acc_0024,2026-06-01,678.26,travel,mobile_app,IE,False,
t001408,acc_0025,2026-06-01,43.67,online retail,online_banking,IE,False,
t001570,acc_0030,2026-06-01,57.8,pharmacy,card_not_present,IE,False,
t001647,acc_0031,2026-06-01,39.86,pharmacy,card_present,IE,False,
t001733,acc_0033,2026-06-01,161.04,fuel,card_not_present,IE,False,
t001818,acc_0034,2026-06-01,213.48,transfer,mobile_app,IE,False,
t001890,acc_0035,2026-06-01,72.05,pharmacy,mobile_app,IE,False,
t002004,acc_0039,2026-06-01,107.28,utilities,card_not_present,IE,False,
t002026,acc_0040,2026-06-01,217.34,transfer,mobile_app,IE,False,
t002066,acc_0042,2026-06-01,105.62,pharmacy,card_present,IE,False,
t002150,acc_0044,2026-06-01,13.33,electronics,card_not_present,IE,False,
t002240,acc_0045,2026-06-01,95.31,groceries,online_banking,IE,False,
t002326,acc_0047,2026-06-01,145.43,pharmacy,card_present,IE,False,
t002458,acc_0050,2026-06-01,16.36,fuel,card_present,IE,False,
t002525,acc_0051,2026-06-01,225.43,restaurants,mobile_app,IE,False,
t002630,acc_0053,2026-06-01,51.27,restaurants,card_not_present,IE,False,
t002849,acc_0057,2026-06-01,263.65,fuel,online_banking,IE,False,
t002939,acc_0058,2026-06-01,135.48,restaurants,card_present,IE,False,
t003011,acc_0059,2026-06-01,212.18,online retail,card_present,IE,False,
t003078,acc_0060,2026-06-01,233.18,pharmacy,card_not_present,IE,False,
t003159,acc_0061,2026-06-01,316.49,restaurants,card_present,IE,False,
t003249,acc_0062,2026-06-01,179.74,utilities,card_present,IE,False,
t003339,acc_0063,2026-06-01,165.14,fuel,online_banking,IE,False,
t003392,acc_0064,2026-06-01,139.33,electronics,online_banking,IE,False,
t003472,acc_0065,2026-06-01,62.35,pharmacy,card_present,IE,False,
t003623,acc_0067,2026-06-01,29.02,restaurants,online_banking,IE,False,
t003713,acc_0068,2026-06-01,64.08,fuel,online_banking,IE,False,
t003755,acc_0069,2026-06-01,20.96,transfer,online_banking,IE,False,
t003885,acc_0071,2026-06-01,37.42,travel,card_present,IE,False,
t003977,acc_0073,2026-06-01,143.71,restaurants,online_banking,IE,False,
t004056,acc_0075,2026-06-01,201.37,restaurants,card_present,IE,False,
t004131,acc_0077,2026-06-01,80.11,travel,card_present,IE,False,
t004173,acc_0079,2026-06-01,156.8,online retail,mobile_app,IE,False,
t004275,acc_0081,2026-06-01,124.03,fuel,card_present,IE,False,
t004412,acc_0084,2026-06-01,169.21,travel,online_banking,IE,False,
t004533,acc_0086,2026-06-01,133.41,utilities,online_banking,IE,False,
t004606,acc_0087,2026-06-01,196.13,electronics,mobile_app,IE,False,
t004691,acc_0088,2026-06-01,115.91,fuel,card_present,IE,False,
t004781,acc_0089,2026-06-01,18.54,electronics,online_banking,IE,False,
t004855,acc_0090,2026-06-01,70.28,groceries,card_not_present,IE,False,
t004929,acc_0093,2026-06-01,50.92,fuel,card_not_present,IE,False,
t005018,acc_0095,2026-06-01,12.67,electronics,card_not_present,IE,False,
t005208,acc_0099,2026-06-01,73.41,utilities,card_present,IE,False,
t005441,acc_0103,2026-06-01,40.99,online retail,mobile_app,IE,False,
t005513,acc_0104,2026-06-01,18.72,groceries,online_banking,IE,False,
t005592,acc_0105,2026-06-01,229.13,travel,online_banking,IE,False,
t005634,acc_0106,2026-06-01,453.98,online retail,online_banking,IE,False,
t005684,acc_0107,2026-06-01,123.15,transfer,online_banking,IE,False,
t005823,acc_0110,2026-06-01,13.2,online retail,card_not_present,IE,False,
t005946,acc_0112,2026-06-01,47.22,restaurants,online_banking,IE,False,
t006017,acc_0113,2026-06-01,53.85,fuel,card_present,IE,False,
t006153,acc_0116,2026-06-01,113.2,online retail,mobile_app,IE,False,
t006198,acc_0117,2026-06-01,24.97,online retail,card_not_present,IE,False,
t006383,acc_0121,2026-06-01,15.52,utilities,card_not_present,IE,False,
t006459,acc_0122,2026-06-01,27.55,fuel,mobile_app,IE,False,
t006536,acc_0123,2026-06-01,37.39,electronics,card_not_present,IE,False,
t006683,acc_0126,2026-06-01,71.71,transfer,card_present,IE,False,
t006752,acc_0127,2026-06-01,64.87,transfer,card_present,IE,False,
t006834,acc_0128,2026-06-01,14.52,pharmacy,card_not_present,IE,False,
t006909,acc_0130,2026-06-01,48.02,groceries,mobile_app,IE,False,
t006976,acc_0131,2026-06-01,29.21,online retail,card_not_present,IE,False,
t007049,acc_0132,2026-06-01,111.55,pharmacy,mobile_app,IE,False,
t007093,acc_0133,2026-06-01,206.1,utilities,card_present,IE,False,
t007214,acc_0136,2026-06-01,78.77,restaurants,card_not_present,IE,False,
t007269,acc_0137,2026-06-01,84.9,utilities,mobile_app,IE,False,
t007341,acc_0139,2026-06-01,45.04,transfer,online_banking,IE,False,
t007408,acc_0140,2026-06-01,596.5,restaurants,mobile_app,IE,False,
t007523,acc_0142,2026-06-01,438.8,electronics,online_banking,IE,False,
t007635,acc_0146,2026-06-01,383.93,online retail,card_not_present,IE,False,
t007699,acc_0147,2026-06-01,17.68,restaurants,card_present,IE,False,
t007849,acc_0149,2026-06-01,33.89,electronics,mobile_app,IE,False,
t007938,acc_0152,2026-06-01,204.8,pharmacy,online_banking,IE,False,
t007964,acc_0153,2026-06-01,101.89,travel,mobile_app,IE,False,
t008057,acc_0155,2026-06-01,203.53,travel,online_banking,IE,False,
t008099,acc_0156,2026-06-01,28.47,pharmacy,card_not_present,IE,False,
t008168,acc_0157,2026-06-01,353.29,transfer,mobile_app,IE,False,
t008240,acc_0158,2026-06-01,9.6,restaurants,card_not_present,IE,False,
t008299,acc_0159,2026-06-01,10.31,transfer,mobile_app,IE,False,
t008349,acc_0160,2026-06-01,187.28,restaurants,mobile_app,IE,False,
t008425,acc_0161,2026-06-01,90.49,restaurants,online_banking,IE,False,
t008532,acc_0163,2026-06-01,96.48,online retail,mobile_app,IE,False,
t008571,acc_0164,2026-06-01,97.4,travel,online_banking,IE,False,
t008634,acc_0165,2026-06-01,26.49,transfer,card_not_present,IE,False,
t008715,acc_0166,2026-06-01,145.06,electronics,card_not_present,IE,False,
t008827,acc_0168,2026-06-01,70.44,restaurants,card_present,IE,False,
t008947,acc_0170,2026-06-01,114.34,electronics,online_banking,IE,False,
t009037,acc_0171,2026-06-01,35.36,utilities,mobile_app,IE,False,
t009127,acc_0172,2026-06-01,73.68,groceries,online_banking,IE,False,
t009253,acc_0174,2026-06-01,186.94,groceries,online_banking,IE,False,
t009327,acc_0175,2026-06-01,64.0,groceries,card_not_present,IE,False,
t009410,acc_0176,2026-06-01,194.2,groceries,online_banking,IE,False,
t009555,acc_0178,2026-06-01,20.62,groceries,mobile_app,IE,False,
t009760,acc_0181,2026-06-01,54.72,online retail,card_not_present,IE,False,
t009850,acc_0182,2026-06-01,41.89,fuel,mobile_app,IE,False,
t010040,acc_0188,2026-06-01,29.01,restaurants,mobile_app,IE,False,
t010113,acc_0189,2026-06-01,155.71,online retail,card_not_present,IE,False,
t010203,acc_0190,2026-06-01,60.33,electronics,online_banking,IE,False,
t010262,acc_0192,2026-06-01,31.42,restaurants,card_not_present,IE,False,
t010310,acc_0193,2026-06-01,199.5,transfer,online_banking,IE,False,
t010513,acc_0197,2026-06-01,100.76,online retail,online_banking,IE,False,
t010610,acc_0199,2026-06-01,15.94,pharmacy,card_not_present,IE,False,
t010732,acc_0041,2026-06-01,114.18,online retail,card_not_present,IE,False,rapid_burst
t010733,acc_0041,2026-06-01,137.86,online retail,card_not_present,IE,False,rapid_burst
t010734,acc_0041,2026-06-01,176.06,online retail,card_not_present,IE,False,rapid_burst
t010735,acc_0041,2026-06-01,164.69,online retail,card_not_present,IE,False,rapid_burst
t010736,acc_0041,2026-06-01,139.83,online retail,card_not_present,IE,False,rapid_burst
t010737,acc_0041,2026-06-01,171.87,online retail,card_not_present,IE,False,rapid_burst
t010738,acc_0041,2026-06-01,106.14,online retail,card_not_present,IE,False,rapid_burst
t010739,acc_0041,2026-06-01,129.57,online retail,card_not_present,IE,False,rapid_burst
t011015,acc_0167,2026-06-01,990.0,transfer,online_banking,IE,False,threshold_structuring
t011016,acc_0167,2026-06-01,990.0,transfer,online_banking,IE,False,threshold_structuring
t011050,acc_0180,2026-06-01,1443.66,electronics,card_not_present,IE,False,amount_spike
t000027,acc_0000,2026-06-02,22.68,travel,card_not_present,IE,False,
t000077,acc_0001,2026-06-02,84.39,fuel,online_banking,IE,False,
t000181,acc_0003,2026-06-02,64.45,groceries,mobile_app,IE,False,
t000218,acc_0004,2026-06-02,216.86,transfer,card_not_present,IE,False,
t000276,acc_0005,2026-06-02,29.33,restaurants,card_present,IE,False,
t000429,acc_0008,2026-06-02,338.84,restaurants,online_banking,IE,False,
t000504,acc_0009,2026-06-02,26.95,pharmacy,card_present,IE,False,
t000687,acc_0013,2026-06-02,456.41,online retail,online_banking,IE,False,
t000769,acc_0014,2026-06-02,3.34,travel,card_present,IE,False,
t000872,acc_0016,2026-06-02,90.3,pharmacy,card_not_present,IE,False,
t001064,acc_0019,2026-06-02,105.87,utilities,card_not_present,IE,False,
t001198,acc_0021,2026-06-02,225.7,restaurants,online_banking,IE,False,
t001280,acc_0022,2026-06-02,100.44,pharmacy,mobile_app,IE,False,
t001320,acc_0023,2026-06-02,76.2,travel,card_present,IE,False,
t001358,acc_0024,2026-06-02,470.6,restaurants,mobile_app,IE,False,
t001409,acc_0025,2026-06-02,23.07,transfer,online_banking,IE,False,
t001513,acc_0028,2026-06-02,182.19,transfer,card_not_present,IE,False,
t001648,acc_0031,2026-06-02,28.62,restaurants,card_not_present,IE,False,
t001734,acc_0033,2026-06-02,249.86,restaurants,card_present,IE,False,
t001819,acc_0034,2026-06-02,123.89,fuel,online_banking,IE,False,
t001891,acc_0035,2026-06-02,23.49,fuel,card_present,IE,False,
t001946,acc_0037,2026-06-02,22.59,fuel,online_banking,IE,False,
t002151,acc_0044,2026-06-02,62.96,online retail,card_present,IE,False,
t002241,acc_0045,2026-06-02,135.73,transfer,card_present,IE,False,
t002281,acc_0046,2026-06-02,110.27,online retail,card_present,IE,False,
t002357,acc_0048,2026-06-02,213.3,online retail,online_banking,IE,False,
t002390,acc_0049,2026-06-02,58.63,electronics,card_present,IE,False,
t002459,acc_0050,2026-06-02,10.99,utilities,card_present,IE,False,
t002526,acc_0051,2026-06-02,131.13,travel,card_present,IE,False,
t002631,acc_0053,2026-06-02,13.33,fuel,card_present,IE,False,
t002696,acc_0054,2026-06-02,17.94,electronics,online_banking,IE,False,
t002850,acc_0057,2026-06-02,331.8,restaurants,card_present,IE,False,
t002940,acc_0058,2026-06-02,204.98,groceries,card_not_present,IE,False,
t003079,acc_0060,2026-06-02,46.9,electronics,card_present,IE,False,
t003160,acc_0061,2026-06-02,189.8,restaurants,online_banking,IE,False,
t003250,acc_0062,2026-06-02,94.1,transfer,mobile_app,IE,False,
t003340,acc_0063,2026-06-02,192.65,travel,card_not_present,IE,False,
t003393,acc_0064,2026-06-02,131.55,restaurants,card_present,IE,False,
t003473,acc_0065,2026-06-02,27.3,groceries,online_banking,IE,False,
t003541,acc_0066,2026-06-02,38.51,online retail,mobile_app,IE,False,
t003624,acc_0067,2026-06-02,27.78,pharmacy,mobile_app,IE,False,
t003714,acc_0068,2026-06-02,57.89,utilities,card_not_present,IE,False,
t003804,acc_0070,2026-06-02,43.66,utilities,card_not_present,IE,False,
t003886,acc_0071,2026-06-02,17.69,utilities,card_not_present,IE,False,
t003978,acc_0073,2026-06-02,57.61,online retail,mobile_app,IE,False,
t004057,acc_0075,2026-06-02,330.22,pharmacy,mobile_app,IE,False,
t004112,acc_0076,2026-06-02,475.45,online retail,card_present,IE,False,
t004276,acc_0081,2026-06-02,30.74,groceries,card_present,IE,False,
t004534,acc_0086,2026-06-02,158.99,travel,mobile_app,IE,False,
t004607,acc_0087,2026-06-02,214.98,travel,online_banking,IE,False,
t004692,acc_0088,2026-06-02,85.27,travel,mobile_app,IE,False,
t004782,acc_0089,2026-06-02,24.01,fuel,online_banking,IE,False,
t005019,acc_0095,2026-06-02,23.8,electronics,mobile_app,IE,False,
t005209,acc_0099,2026-06-02,57.58,fuel,card_present,IE,False,
t005317,acc_0101,2026-06-02,37.97,groceries,card_present,IE,False,
t005366,acc_0102,2026-06-02,57.99,utilities,online_banking,IE,False,
t005442,acc_0103,2026-06-02,46.15,restaurants,online_banking,IE,False,
t005514,acc_0104,2026-06-02,16.71,fuel,mobile_app,IE,False,
t005593,acc_0105,2026-06-02,166.21,utilities,mobile_app,IE,False,
t005824,acc_0110,2026-06-02,29.66,restaurants,card_not_present,IE,False,
t005899,acc_0111,2026-06-02,160.67,online retail,online_banking,IE,False,
t006018,acc_0113,2026-06-02,585.94,pharmacy,card_present,IE,False,
t006084,acc_0114,2026-06-02,17.23,fuel,card_not_present,IE,False,
t006116,acc_0115,2026-06-02,29.59,travel,mobile_app,IE,False,
t006154,acc_0116,2026-06-02,86.97,restaurants,mobile_app,IE,False,
t006292,acc_0119,2026-06-02,62.86,groceries,card_not_present,IE,False,
t006384,acc_0121,2026-06-02,16.88,pharmacy,card_not_present,IE,False,
t006460,acc_0122,2026-06-02,27.15,restaurants,card_not_present,IE,False,
t006608,acc_0125,2026-06-02,12.11,restaurants,card_present,IE,False,
t006684,acc_0126,2026-06-02,54.19,transfer,card_present,IE,False,
t006753,acc_0127,2026-06-02,125.88,restaurants,mobile_app,IE,False,
t006835,acc_0128,2026-06-02,20.4,groceries,card_present,IE,False,
t006873,acc_0129,2026-06-02,12.4,online retail,online_banking,IE,False,
t006977,acc_0131,2026-06-02,40.53,pharmacy,card_present,IE,False,
t007215,acc_0136,2026-06-02,30.57,online retail,online_banking,IE,False,
t007289,acc_0138,2026-06-02,297.36,electronics,card_present,IE,False,
t007342,acc_0139,2026-06-02,94.96,utilities,mobile_app,IE,False,
t007450,acc_0141,2026-06-02,44.19,utilities,mobile_app,IE,False,
t007524,acc_0142,2026-06-02,77.21,utilities,online_banking,IE,False,
t007576,acc_0143,2026-06-02,11.29,travel,card_not_present,IE,False,
t007599,acc_0144,2026-06-02,40.34,utilities,card_not_present,IE,False,
t007700,acc_0147,2026-06-02,15.42,groceries,card_not_present,IE,False,
t007850,acc_0149,2026-06-02,131.78,utilities,card_not_present,IE,False,
t007889,acc_0150,2026-06-02,35.17,electronics,card_not_present,IE,False,
t008002,acc_0154,2026-06-02,28.37,pharmacy,online_banking,IE,False,
t008058,acc_0155,2026-06-02,90.05,transfer,online_banking,IE,False,
t008169,acc_0157,2026-06-02,223.39,electronics,card_present,IE,False,
t008300,acc_0159,2026-06-02,14.97,pharmacy,card_not_present,IE,False,
t008350,acc_0160,2026-06-02,231.31,travel,mobile_app,IE,False,
t008426,acc_0161,2026-06-02,95.43,travel,card_present,IE,False,
t008533,acc_0163,2026-06-02,76.07,pharmacy,card_present,IE,False,
t008572,acc_0164,2026-06-02,259.97,pharmacy,online_banking,IE,False,
t008635,acc_0165,2026-06-02,76.66,online retail,card_not_present,IE,False,
t008716,acc_0166,2026-06-02,108.69,pharmacy,online_banking,IE,False,
t008759,acc_0167,2026-06-02,75.8,electronics,online_banking,IE,False,
t008828,acc_0168,2026-06-02,80.48,groceries,mobile_app,IE,False,
t008877,acc_0169,2026-06-02,373.93,online retail,card_present,IE,False,
t008948,acc_0170,2026-06-02,69.94,electronics,mobile_app,IE,False,
t009038,acc_0171,2026-06-02,57.43,pharmacy,online_banking,IE,False,
t009128,acc_0172,2026-06-02,138.32,utilities,mobile_app,IE,False,
t009254,acc_0174,2026-06-02,238.97,transfer,card_present,IE,False,
t009328,acc_0175,2026-06-02,97.27,travel,mobile_app,IE,False,
t009411,acc_0176,2026-06-02,201.43,utilities,card_not_present,IE,False,
t009556,acc_0178,2026-06-02,10.4,electronics,mobile_app,IE,False,
t009676,acc_0180,2026-06-02,90.66,fuel,online_banking,IE,False,
t009761,acc_0181,2026-06-02,20.45,restaurants,card_not_present,IE,False,
t009851,acc_0182,2026-06-02,50.43,travel,card_not_present,IE,False,
t009938,acc_0185,2026-06-02,63.02,groceries,online_banking,IE,False,
t009977,acc_0186,2026-06-02,10.3,pharmacy,mobile_app,IE,False,
t010009,acc_0187,2026-06-02,85.21,pharmacy,card_present,IE,False,
t010114,acc_0189,2026-06-02,295.93,online retail,card_not_present,IE,False,
t010204,acc_0190,2026-06-02,111.35,transfer,card_present,IE,False,
t010417,acc_0195,2026-06-02,333.67,groceries,online_banking,IE,False,
t010459,acc_0196,2026-06-02,13.48,online retail,online_banking,IE,False,
t010514,acc_0197,2026-06-02,208.01,electronics,card_present,IE,False,
t010552,acc_0198,2026-06-02,403.17,utilities,mobile_app,IE,False,
t010611,acc_0199,2026-06-02,14.81,groceries,online_banking,IE,False,
t000078,acc_0001,2026-06-03,105.05,utilities,online_banking,IE,False,
t000182,acc_0003,2026-06-03,93.34,utilities,card_present,IE,False,
t000277,acc_0005,2026-06-03,58.35,online retail,mobile_app,IE,False,
t000381,acc_0007,2026-06-03,33.06,pharmacy,card_present,IE,False,
t000430,acc_0008,2026-06-03,76.2,fuel,mobile_app,IE,False,
t000505,acc_0009,2026-06-03,29.95,electronics,card_not_present,IE,False,
t000688,acc_0013,2026-06-03,346.62,electronics,card_not_present,IE,False,
t000770,acc_0014,2026-06-03,18.82,utilities,online_banking,IE,False,
t000873,acc_0016,2026-06-03,72.27,fuel,card_not_present,IE,False,
t000952,acc_0017,2026-06-03,147.14,travel,online_banking,IE,False,
t000988,acc_0018,2026-06-03,76.66,transfer,online_banking,IE,False,
t001065,acc_0019,2026-06-03,64.76,fuel,card_not_present,IE,False,
t001199,acc_0021,2026-06-03,155.66,travel,mobile_app,IE,False,
t001281,acc_0022,2026-06-03,17.19,transfer,online_banking,IE,False,
t001359,acc_0024,2026-06-03,128.16,online retail,card_present,IE,False,
t001481,acc_0027,2026-06-03,29.39,travel,card_not_present,IE,False,
t001571,acc_0030,2026-06-03,102.67,restaurants,mobile_app,IE,False,
t001649,acc_0031,2026-06-03,48.5,fuel,card_not_present,IE,False,
t001735,acc_0033,2026-06-03,61.63,pharmacy,card_not_present,IE,False,
t001820,acc_0034,2026-06-03,242.6,pharmacy,card_present,IE,False,
t001892,acc_0035,2026-06-03,38.13,restaurants,online_banking,IE,False,
t002043,acc_0041,2026-06-03,107.73,electronics,card_present,IE,False,
t002152,acc_0044,2026-06-03,12.74,fuel,mobile_app,IE,False,
t002242,acc_0045,2026-06-03,167.35,pharmacy,online_banking,IE,False,
t002282,acc_0046,2026-06-03,43.02,pharmacy,online_banking,IE,False,
t002327,acc_0047,2026-06-03,211.15,fuel,card_not_present,IE,False,
t002460,acc_0050,2026-06-03,10.67,restaurants,online_banking,IE,False,
t002527,acc_0051,2026-06-03,197.81,pharmacy,online_banking,IE,False,
t002575,acc_0052,2026-06-03,17.85,utilities,card_not_present,IE,False,
t002632,acc_0053,2026-06-03,21.35,online retail,mobile_app,IE,False,
t002851,acc_0057,2026-06-03,54.05,electronics,card_not_present,IE,False,
t002941,acc_0058,2026-06-03,309.26,transfer,card_not_present,IE,False,
t003012,acc_0059,2026-06-03,524.99,fuel,online_banking,IE,False,
t003080,acc_0060,2026-06-03,138.65,travel,card_present,IE,False,
t003161,acc_0061,2026-06-03,43.46,utilities,mobile_app,IE,False,
t003251,acc_0062,2026-06-03,146.68,utilities,online_banking,IE,False,
t003341,acc_0063,2026-06-03,123.81,utilities,card_present,IE,False,
t003394,acc_0064,2026-06-03,132.48,travel,online_banking,IE,False,
t003474,acc_0065,2026-06-03,95.4,groceries,card_present,IE,False,
t003542,acc_0066,2026-06-03,92.72,travel,card_not_present,IE,False,
t003625,acc_0067,2026-06-03,29.79,fuel,online_banking,IE,False,
t003715,acc_0068,2026-06-03,79.3,restaurants,online_banking,IE,False,
t003756,acc_0069,2026-06-03,31.39,fuel,online_banking,IE,False,
t003805,acc_0070,2026-06-03,66.36,fuel,online_banking,IE,False,
t003887,acc_0071,2026-06-03,22.15,utilities,card_present,IE,False,
t004277,acc_0081,2026-06-03,105.6,online retail,online_banking,IE,False,
t004327,acc_0082,2026-06-03,35.86,utilities,online_banking,IE,False,
t004413,acc_0084,2026-06-03,142.76,travel,card_present,IE,False,
t004462,acc_0085,2026-06-03,186.97,electronics,online_banking,IE,False,
t004535,acc_0086,2026-06-03,87.83,restaurants,card_present,IE,False,
t004608,acc_0087,2026-06-03,146.77,travel,card_not_present,IE,False,
t004693,acc_0088,2026-06-03,28.59,groceries,card_present,IE,False,
t004783,acc_0089,2026-06-03,36.81,restaurants,card_not_present,IE,False,
t004856,acc_0090,2026-06-03,98.49,transfer,online_banking,IE,False,
t004910,acc_0092,2026-06-03,192.55,online retail,mobile_app,IE,False,
t005020,acc_0095,2026-06-03,13.58,electronics,card_present,IE,False,
t005210,acc_0099,2026-06-03,78.61,online retail,card_present,IE,False,
t005318,acc_0101,2026-06-03,56.52,travel,online_banking,IE,False,
t005443,acc_0103,2026-06-03,180.45,transfer,mobile_app,IE,False,
t005515,acc_0104,2026-06-03,19.54,travel,online_banking,IE,False,
t005594,acc_0105,2026-06-03,167.26,restaurants,mobile_app,IE,False,
t005685,acc_0107,2026-06-03,63.52,transfer,mobile_app,IE,False,
t005825,acc_0110,2026-06-03,7.84,pharmacy,card_present,IE,False,
t006019,acc_0113,2026-06-03,229.73,pharmacy,online_banking,IE,False,
t006085,acc_0114,2026-06-03,37.14,fuel,online_banking,IE,False,
t006257,acc_0118,2026-06-03,74.3,groceries,online_banking,IE,False,
t006336,acc_0120,2026-06-03,38.2,groceries,online_banking,IE,False,
t006461,acc_0122,2026-06-03,12.06,online retail,card_present,IE,False,
t006609,acc_0125,2026-06-03,14.15,restaurants,mobile_app,IE,False,
t006685,acc_0126,2026-06-03,136.38,electronics,card_present,IE,False,
t006754,acc_0127,2026-06-03,96.36,pharmacy,mobile_app,IE,False,
t006836,acc_0128,2026-06-03,11.34,transfer,mobile_app,IE,False,
t006910,acc_0130,2026-06-03,305.38,electronics,card_present,IE,False,
t006978,acc_0131,2026-06-03,100.73,fuel,card_not_present,IE,False,
t007050,acc_0132,2026-06-03,67.11,groceries,card_present,IE,False,
t007216,acc_0136,2026-06-03,106.07,transfer,mobile_app,IE,False,
t007343,acc_0139,2026-06-03,95.83,fuel,card_not_present,IE,False,
t007409,acc_0140,2026-06-03,305.54,pharmacy,online_banking,IE,False,
t007525,acc_0142,2026-06-03,149.78,transfer,mobile_app,IE,False,
t007701,acc_0147,2026-06-03,42.53,travel,card_present,IE,False,
t007766,acc_0148,2026-06-03,52.74,utilities,mobile_app,IE,False,
t007851,acc_0149,2026-06-03,37.43,transfer,card_present,IE,False,
t008003,acc_0154,2026-06-03,35.26,electronics,online_banking,IE,False,
t008059,acc_0155,2026-06-03,134.44,transfer,card_not_present,IE,False,
t008170,acc_0157,2026-06-03,240.73,fuel,mobile_app,IE,False,
t008241,acc_0158,2026-06-03,23.94,pharmacy,card_present,IE,False,
t008351,acc_0160,2026-06-03,450.32,pharmacy,online_banking,IE,False,
t008427,acc_0161,2026-06-03,197.02,pharmacy,online_banking,IE,False,
t008573,acc_0164,2026-06-03,106.02,groceries,card_present,IE,False,
t008636,acc_0165,2026-06-03,27.28,transfer,mobile_app,IE,False,
t008717,acc_0166,2026-06-03,46.14,restaurants,card_present,IE,False,
t008829,acc_0168,2026-06-03,189.96,travel,card_present,IE,False,
t008949,acc_0170,2026-06-03,140.47,pharmacy,online_banking,IE,False,
t009039,acc_0171,2026-06-03,65.94,transfer,card_not_present,IE,False,
t009129,acc_0172,2026-06-03,133.42,fuel,online_banking,IE,False,
t009181,acc_0173,2026-06-03,27.04,transfer,online_banking,IE,False,
t009255,acc_0174,2026-06-03,42.63,fuel,online_banking,IE,False,
t009412,acc_0176,2026-06-03,66.91,groceries,card_not_present,IE,False,
t009475,acc_0177,2026-06-03,44.23,restaurants,card_present,IE,False,
t009557,acc_0178,2026-06-03,9.41,pharmacy,mobile_app,IE,False,
t009677,acc_0180,2026-06-03,35.96,transfer,card_present,IE,False,
t009762,acc_0181,2026-06-03,147.03,travel,online_banking,IE,False,
t009852,acc_0182,2026-06-03,50.68,travel,card_present,IE,False,
t009939,acc_0185,2026-06-03,63.3,utilities,mobile_app,IE,False,
t009978,acc_0186,2026-06-03,36.46,electronics,card_not_present,IE,False,
t010115,acc_0189,2026-06-03,216.57,travel,card_present,IE,False,
t010205,acc_0190,2026-06-03,58.57,groceries,card_present,IE,False,
t010418,acc_0195,2026-06-03,182.75,online retail,card_present,IE,False,
t010460,acc_0196,2026-06-03,10.33,online retail,mobile_app,IE,False,
t010515,acc_0197,2026-06-03,80.36,utilities,card_present,IE,False,
t010553,acc_0198,2026-06-03,287.5,electronics,card_not_present,IE,False,
t010803,acc_0083,2026-06-03,990.0,transfer,online_banking,IE,False,threshold_structuring
t010804,acc_0083,2026-06-03,985.0,transfer,online_banking,IE,False,threshold_structuring
t000079,acc_0001,2026-06-04,102.97,electronics,mobile_app,IE,False,
t000183,acc_0003,2026-06-04,98.23,travel,mobile_app,IE,False,
t000278,acc_0005,2026-06-04,44.81,groceries,mobile_app,IE,False,
t000325,acc_0006,2026-06-04,146.82,groceries,online_banking,IE,False,
t000382,acc_0007,2026-06-04,51.27,utilities,online_banking,IE,False,
t000506,acc_0009,2026-06-04,26.26,electronics,online_banking,IE,False,
t000552,acc_0010,2026-06-04,21.46,fuel,online_banking,IE,False,
t000771,acc_0014,2026-06-04,17.47,travel,card_present,IE,False,
t000806,acc_0015,2026-06-04,272.61,transfer,card_present,IE,False,
t000874,acc_0016,2026-06-04,74.97,online retail,card_present,IE,False,
t000953,acc_0017,2026-06-04,115.57,groceries,card_present,IE,False,
t000989,acc_0018,2026-06-04,39.19,restaurants,card_not_present,IE,False,
t001066,acc_0019,2026-06-04,28.57,restaurants,mobile_app,IE,False,
t001135,acc_0020,2026-06-04,352.5,transfer,card_present,IE,False,
t001200,acc_0021,2026-06-04,113.13,groceries,card_not_present,IE,False,
t001282,acc_0022,2026-06-04,49.4,transfer,online_banking,IE,False,
t001410,acc_0025,2026-06-04,72.31,fuel,mobile_app,IE,False,
t001482,acc_0027,2026-06-04,71.98,online retail,card_present,IE,False,
t001514,acc_0028,2026-06-04,114.44,restaurants,card_present,IE,False,
t001572,acc_0030,2026-06-04,230.26,travel,online_banking,IE,False,
t001650,acc_0031,2026-06-04,25.97,fuel,card_present,IE,False,
t001736,acc_0033,2026-06-04,135.04,online retail,card_present,IE,False,
t001821,acc_0034,2026-06-04,232.64,restaurants,online_banking,IE,False,
t001893,acc_0035,2026-06-04,40.39,online retail,card_not_present,IE,False,
t001966,acc_0038,2026-06-04,120.09,utilities,card_present,IE,False,
t002005,acc_0039,2026-06-04,214.5,electronics,mobile_app,IE,False,
t002153,acc_0044,2026-06-04,42.37,online retail,card_not_present,IE,False,
t002243,acc_0045,2026-06-04,159.56,travel,card_present,IE,False,
t002328,acc_0047,2026-06-04,76.96,utilities,online_banking,IE,False,
t002391,acc_0049,2026-06-04,29.75,restaurants,card_present,IE,False,
t002461,acc_0050,2026-06-04,34.51,utilities,card_present,IE,False,
t002528,acc_0051,2026-06-04,106.68,travel,card_present,IE,False,
t002697,acc_0054,2026-06-04,14.7,transfer,card_not_present,IE,False,
t002852,acc_0057,2026-06-04,238.68,online retail,online_banking,IE,False,
t002942,acc_0058,2026-06-04,214.86,pharmacy,online_banking,IE,False,
t003013,acc_0059,2026-06-04,239.55,utilities,card_not_present,IE,False,
t003081,acc_0060,2026-06-04,212.08,utilities,online_banking,IE,False,
t003162,acc_0061,2026-06-04,167.84,fuel,card_present,IE,False,
t003252,acc_0062,2026-06-04,116.89,travel,card_present,IE,False,
t003342,acc_0063,2026-06-04,95.75,travel,online_banking,IE,False,
t003475,acc_0065,2026-06-04,79.35,utilities,mobile_app,IE,False,
t003626,acc_0067,2026-06-04,92.78,restaurants,card_present,IE,False,
t003716,acc_0068,2026-06-04,161.33,restaurants,online_banking,IE,False,
t003806,acc_0070,2026-06-04,98.54,online retail,mobile_app,IE,False,
t003888,acc_0071,2026-06-04,41.34,pharmacy,card_present,IE,False,
t004278,acc_0081,2026-06-04,78.66,pharmacy,card_present,IE,False,
t004328,acc_0082,2026-06-04,15.08,fuel,online_banking,IE,False,
t004368,acc_0083,2026-06-04,149.61,online retail,mobile_app,IE,False,
t004414,acc_0084,2026-06-04,315.62,pharmacy,card_not_present,IE,False,
t004536,acc_0086,2026-06-04,194.58,groceries,card_not_present,IE,False,
t004609,acc_0087,2026-06-04,44.55,pharmacy,card_not_present,IE,False,
t004694,acc_0088,2026-06-04,117.06,electronics,card_not_present,IE,False,
t004784,acc_0089,2026-06-04,51.26,pharmacy,online_banking,IE,False,
t004857,acc_0090,2026-06-04,74.74,transfer,card_not_present,IE,False,
t004911,acc_0092,2026-06-04,384.49,transfer,online_banking,IE,False,
t004930,acc_0093,2026-06-04,25.57,online retail,card_not_present,IE,False,
t005021,acc_0095,2026-06-04,45.06,travel,mobile_app,IE,False,
t005067,acc_0096,2026-06-04,79.83,travel,card_present,IE,False,
t005101,acc_0097,2026-06-04,22.47,online retail,mobile_app,IE,False,
t005211,acc_0099,2026-06-04,35.01,online retail,online_banking,IE,False,
t005263,acc_0100,2026-06-04,139.0,online retail,card_present,IE,False,
t005367,acc_0102,2026-06-04,40.01,groceries,online_banking,IE,False,
t005444,acc_0103,2026-06-04,82.52,electronics,online_banking,IE,False,
t005595,acc_0105,2026-06-04,65.63,fuel,card_not_present,IE,False,
t005635,acc_0106,2026-06-04,761.09,groceries,card_present,IE,False,
t005686,acc_0107,2026-06-04,181.21,fuel,online_banking,IE,False,
t005729,acc_0108,2026-06-04,36.21,groceries,card_not_present,IE,False,
t005757,acc_0109,2026-06-04,45.34,fuel,card_present,IE,False,
t005826,acc_0110,2026-06-04,8.42,transfer,card_present,IE,False,
t005947,acc_0112,2026-06-04,90.81,electronics,online_banking,IE,False,
t006020,acc_0113,2026-06-04,249.77,utilities,mobile_app,IE,False,
t006086,acc_0114,2026-06-04,39.51,travel,mobile_app,IE,False,
t006337,acc_0120,2026-06-04,12.07,utilities,card_not_present,IE,False,
t006385,acc_0121,2026-06-04,22.94,online retail,card_present,IE,False,
t006462,acc_0122,2026-06-04,22.96,travel,card_present,IE,False,
t006537,acc_0123,2026-06-04,47.95,electronics,mobile_app,IE,False,
t006686,acc_0126,2026-06-04,182.51,travel,mobile_app,IE,False,
t006755,acc_0127,2026-06-04,209.29,groceries,mobile_app,IE,False,
t006837,acc_0128,2026-06-04,31.62,fuel,online_banking,IE,False,
t006979,acc_0131,2026-06-04,205.29,restaurants,card_present,IE,False,
t007051,acc_0132,2026-06-04,173.13,online retail,online_banking,IE,False,
t007094,acc_0133,2026-06-04,271.44,online retail,card_present,IE,False,
t007114,acc_0134,2026-06-04,12.09,electronics,card_present,IE,False,
t007217,acc_0136,2026-06-04,46.87,transfer,card_present,IE,False,
t007344,acc_0139,2026-06-04,46.66,restaurants,online_banking,IE,False,
t007451,acc_0141,2026-06-04,63.9,fuel,online_banking,IE,False,
t007526,acc_0142,2026-06-04,287.72,online retail,mobile_app,IE,False,
t007702,acc_0147,2026-06-04,13.86,utilities,card_not_present,IE,False,
t007767,acc_0148,2026-06-04,15.43,fuel,card_present,IE,False,
t007852,acc_0149,2026-06-04,140.27,transfer,online_banking,IE,False,
t007939,acc_0152,2026-06-04,219.37,restaurants,mobile_app,IE,False,
t008004,acc_0154,2026-06-04,45.49,travel,card_not_present,IE,False,
t008171,acc_0157,2026-06-04,582.56,transfer,mobile_app,IE,False,
t008242,acc_0158,2026-06-04,18.11,fuel,mobile_app,IE,False,
t008301,acc_0159,2026-06-04,7.41,groceries,card_not_present,IE,False,
t008352,acc_0160,2026-06-04,162.73,transfer,card_present,IE,False,
t008428,acc_0161,2026-06-04,84.85,travel,card_present,IE,False,
t008574,acc_0164,2026-06-04,90.65,fuel,online_banking,IE,False,
t008637,acc_0165,2026-06-04,26.78,travel,card_present,IE,False,
t008718,acc_0166,2026-06-04,31.65,fuel,card_not_present,IE,False,
t008830,acc_0168,2026-06-04,35.27,transfer,card_not_present,IE,False,
t008878,acc_0169,2026-06-04,91.2,utilities,card_present,IE,False,
t008950,acc_0170,2026-06-04,65.36,travel,online_banking,IE,False,
t009040,acc_0171,2026-06-04,31.5,electronics,card_present,IE,False,
t009130,acc_0172,2026-06-04,96.94,pharmacy,card_present,IE,False,
t009182,acc_0173,2026-06-04,10.33,utilities,mobile_app,IE,False,
t009256,acc_0174,2026-06-04,134.07,restaurants,card_not_present,IE,False,
t009329,acc_0175,2026-06-04,63.74,fuel,online_banking,IE,False,
t009413,acc_0176,2026-06-04,293.05,electronics,online_banking,IE,False,
t009476,acc_0177,2026-06-04,27.76,utilities,card_not_present,IE,False,
t009558,acc_0178,2026-06-04,40.01,transfer,card_present,IE,False,
t009624,acc_0179,2026-06-04,28.63,transfer,card_present,IE,False,
t009678,acc_0180,2026-06-04,28.1,pharmacy,card_not_present,IE,False,
t009763,acc_0181,2026-06-04,81.59,online retail,online_banking,IE,False,
t009853,acc_0182,2026-06-04,45.01,online retail,online_banking,IE,False,
t009940,acc_0185,2026-06-04,39.48,electronics,card_not_present,IE,False,
t010010,acc_0187,2026-06-04,100.58,pharmacy,card_present,IE,False,
t010116,acc_0189,2026-06-04,190.6,pharmacy,card_present,IE,False,
t010206,acc_0190,2026-06-04,145.1,electronics,card_not_present,IE,False,
t010248,acc_0191,2026-06-04,72.56,online retail,online_banking,IE,False,
t010311,acc_0193,2026-06-04,69.78,utilities,online_banking,IE,False,
t010612,acc_0199,2026-06-04,12.6,fuel,card_not_present,IE,False,
t010805,acc_0083,2026-06-04,985.0,transfer,online_banking,IE,False,threshold_structuring
t010806,acc_0083,2026-06-04,995.0,transfer,online_banking,IE,False,threshold_structuring
t010808,acc_0084,2026-06-04,6187.65,electronics,card_not_present,IE,False,amount_spike
t010848,acc_0106,2026-06-04,469.97,travel,card_present,PH,True,new_country_new_device
t010849,acc_0106,2026-06-04,473.43,travel,card_present,RO,True,new_country_new_device
t010850,acc_0106,2026-06-04,863.56,travel,card_present,RO,True,new_country_new_device
t000080,acc_0001,2026-06-05,158.44,electronics,card_present,IE,False,
t000184,acc_0003,2026-06-05,124.72,online retail,online_banking,IE,False,
t000279,acc_0005,2026-06-05,88.09,electronics,card_not_present,IE,False,
t000326,acc_0006,2026-06-05,161.35,fuel,card_present,IE,False,
t000383,acc_0007,2026-06-05,121.06,restaurants,card_not_present,IE,False,
t000431,acc_0008,2026-06-05,322.22,online retail,card_not_present,IE,False,
t000507,acc_0009,2026-06-05,186.61,travel,mobile_app,IE,False,
t000553,acc_0010,2026-06-05,9.75,pharmacy,card_present,IE,False,
t000633,acc_0012,2026-06-05,18.09,restaurants,card_not_present,IE,False,
t000689,acc_0013,2026-06-05,70.96,transfer,online_banking,IE,False,
t000772,acc_0014,2026-06-05,13.79,groceries,mobile_app,IE,False,
t000875,acc_0016,2026-06-05,35.51,online retail,card_present,IE,False,
t000990,acc_0018,2026-06-05,71.62,fuel,card_present,IE,False,
t001067,acc_0019,2026-06-05,286.03,electronics,mobile_app,IE,False,
t001201,acc_0021,2026-06-05,114.16,groceries,mobile_app,IE,False,
t001283,acc_0022,2026-06-05,19.95,online retail,mobile_app,IE,False,
t001360,acc_0024,2026-06-05,229.81,travel,card_not_present,IE,False,
t001411,acc_0025,2026-06-05,37.43,utilities,card_not_present,IE,False,
t001483,acc_0027,2026-06-05,11.84,restaurants,card_not_present,IE,False,
t001515,acc_0028,2026-06-05,133.56,transfer,mobile_app,IE,False,
t001573,acc_0030,2026-06-05,274.4,restaurants,card_not_present,IE,False,
t001651,acc_0031,2026-06-05,66.4,pharmacy,online_banking,IE,False,
t001737,acc_0033,2026-06-05,137.08,restaurants,online_banking,IE,False,
t001822,acc_0034,2026-06-05,196.13,online retail,mobile_app,IE,False,
t001967,acc_0038,2026-06-05,43.02,groceries,online_banking,IE,False,
t002044,acc_0041,2026-06-05,282.38,electronics,card_not_present,IE,False,
t002083,acc_0043,2026-06-05,3.95,transfer,online_banking,IE,False,
t002154,acc_0044,2026-06-05,13.42,travel,card_not_present,IE,False,
t002244,acc_0045,2026-06-05,138.66,fuel,card_present,IE,False,
t002283,acc_0046,2026-06-05,43.27,transfer,card_not_present,IE,False,
t002329,acc_0047,2026-06-05,142.22,pharmacy,online_banking,IE,False,
t002358,acc_0048,2026-06-05,380.38,pharmacy,online_banking,IE,False,
t002462,acc_0050,2026-06-05,13.31,electronics,card_present,IE,False,
t002529,acc_0051,2026-06-05,108.93,travel,online_banking,IE,False,
t002576,acc_0052,2026-06-05,10.09,utilities,card_present,IE,False,
t002633,acc_0053,2026-06-05,21.41,online retail,online_banking,IE,False,
t002698,acc_0054,2026-06-05,10.7,restaurants,mobile_app,IE,False,
t002778,acc_0056,2026-06-05,35.48,transfer,card_not_present,IE,False,
t002853,acc_0057,2026-06-05,158.42,travel,card_present,IE,False,
t002943,acc_0058,2026-06-05,362.47,electronics,mobile_app,IE,False,
t003082,acc_0060,2026-06-05,169.71,utilities,mobile_app,IE,False,
t003163,acc_0061,2026-06-05,189.73,restaurants,mobile_app,IE,False,
t003253,acc_0062,2026-06-05,129.56,fuel,online_banking,IE,False,
t003343,acc_0063,2026-06-05,89.59,pharmacy,card_not_present,IE,False,
t003395,acc_0064,2026-06-05,110.8,online retail,card_present,IE,False,
t003476,acc_0065,2026-06-05,28.06,transfer,card_present,IE,False,
t003543,acc_0066,2026-06-05,23.47,restaurants,online_banking,IE,False,
t003627,acc_0067,2026-06-05,54.42,pharmacy,card_not_present,IE,False,
t003717,acc_0068,2026-06-05,134.93,electronics,card_not_present,IE,False,
t003807,acc_0070,2026-06-05,61.11,groceries,mobile_app,IE,False,
t003889,acc_0071,2026-06-05,46.61,utilities,mobile_app,IE,False,
t003979,acc_0073,2026-06-05,206.92,utilities,online_banking,IE,False,
t004058,acc_0075,2026-06-05,153.38,utilities,card_present,IE,False,
t004113,acc_0076,2026-06-05,340.78,pharmacy,online_banking,IE,False,
t004151,acc_0078,2026-06-05,4.91,groceries,online_banking,IE,False,
t004174,acc_0079,2026-06-05,93.26,fuel,mobile_app,IE,False,
t004279,acc_0081,2026-06-05,40.37,fuel,card_not_present,IE,False,
t004369,acc_0083,2026-06-05,80.38,online retail,mobile_app,IE,False,
t004415,acc_0084,2026-06-05,112.24,travel,mobile_app,IE,False,
t004463,acc_0085,2026-06-05,179.95,pharmacy,card_not_present,IE,False,
t004537,acc_0086,2026-06-05,73.77,groceries,card_not_present,IE,False,
t004610,acc_0087,2026-06-05,236.91,transfer,card_present,IE,False,
t004695,acc_0088,2026-06-05,71.96,online retail,online_banking,IE,False,
t004785,acc_0089,2026-06-05,19.81,groceries,mobile_app,IE,False,
t004858,acc_0090,2026-06-05,92.42,electronics,online_banking,IE,False,
t004912,acc_0092,2026-06-05,144.9,fuel,mobile_app,IE,False,
t005022,acc_0095,2026-06-05,58.51,groceries,online_banking,IE,False,
t005137,acc_0098,2026-06-05,11.57,pharmacy,card_present,IE,False,
t005212,acc_0099,2026-06-05,67.58,transfer,online_banking,IE,False,
t005445,acc_0103,2026-06-05,101.54,restaurants,card_present,IE,False,
t005596,acc_0105,2026-06-05,33.54,transfer,mobile_app,IE,False,
t005687,acc_0107,2026-06-05,279.05,restaurants,online_banking,IE,False,
t005827,acc_0110,2026-06-05,12.91,transfer,online_banking,IE,False,
t005900,acc_0111,2026-06-05,137.42,transfer,card_present,IE,False,
t006021,acc_0113,2026-06-05,224.38,pharmacy,card_not_present,IE,False,
t006087,acc_0114,2026-06-05,25.88,travel,card_present,IE,False,
t006258,acc_0118,2026-06-05,50.79,transfer,card_present,IE,False,
t006338,acc_0120,2026-06-05,18.41,online retail,online_banking,IE,False,
t006463,acc_0122,2026-06-05,54.62,utilities,card_not_present,IE,False,
t006687,acc_0126,2026-06-05,58.26,groceries,mobile_app,IE,False,
t006756,acc_0127,2026-06-05,71.42,electronics,card_not_present,IE,False,
t006838,acc_0128,2026-06-05,23.09,fuel,card_not_present,IE,False,
t006980,acc_0131,2026-06-05,50.67,online retail,card_present,IE,False,
t007052,acc_0132,2026-06-05,104.95,pharmacy,card_not_present,IE,False,
t007095,acc_0133,2026-06-05,64.47,utilities,card_not_present,IE,False,
t007141,acc_0135,2026-06-05,90.97,groceries,mobile_app,IE,False,
t007218,acc_0136,2026-06-05,118.71,online retail,card_present,IE,False,
t007270,acc_0137,2026-06-05,152.18,restaurants,card_present,IE,False,
t007345,acc_0139,2026-06-05,33.46,utilities,mobile_app,IE,False,
t007410,acc_0140,2026-06-05,206.67,electronics,mobile_app,IE,False,
t007452,acc_0141,2026-06-05,21.37,online retail,card_present,IE,False,
t007527,acc_0142,2026-06-05,206.31,travel,mobile_app,IE,False,
t007577,acc_0143,2026-06-05,11.21,transfer,card_not_present,IE,False,
t007703,acc_0147,2026-06-05,25.49,transfer,card_present,IE,False,
t007768,acc_0148,2026-06-05,35.48,restaurants,online_banking,IE,False,
t007853,acc_0149,2026-06-05,37.76,transfer,online_banking,IE,False,
t007890,acc_0150,2026-06-05,41.97,groceries,card_present,IE,False,
t007917,acc_0151,2026-06-05,27.58,transfer,mobile_app,IE,False,
t007965,acc_0153,2026-06-05,82.38,restaurants,online_banking,IE,False,
t008172,acc_0157,2026-06-05,336.58,electronics,card_present,IE,False,
t008243,acc_0158,2026-06-05,8.02,transfer,card_present,IE,False,
t008353,acc_0160,2026-06-05,168.72,transfer,card_not_present,IE,False,
t008429,acc_0161,2026-06-05,137.26,groceries,mobile_app,IE,False,
t008575,acc_0164,2026-06-05,134.92,online retail,card_present,IE,False,
t008638,acc_0165,2026-06-05,30.89,pharmacy,card_present,IE,False,
t008719,acc_0166,2026-06-05,40.88,pharmacy,card_present,IE,False,
t008831,acc_0168,2026-06-05,64.02,pharmacy,mobile_app,IE,False,
t008879,acc_0169,2026-06-05,182.14,online retail,card_not_present,IE,False,
t008951,acc_0170,2026-06-05,54.83,travel,mobile_app,IE,False,
t009041,acc_0171,2026-06-05,58.4,electronics,card_present,IE,False,
t009131,acc_0172,2026-06-05,56.6,fuel,card_not_present,IE,False,
t009257,acc_0174,2026-06-05,152.15,fuel,mobile_app,IE,False,
t009330,acc_0175,2026-06-05,91.24,transfer,card_not_present,IE,False,
t009414,acc_0176,2026-06-05,156.79,transfer,card_not_present,IE,False,
t009477,acc_0177,2026-06-05,31.17,utilities,online_banking,IE,False,
t009559,acc_0178,2026-06-05,12.94,pharmacy,card_present,IE,False,
t009625,acc_0179,2026-06-05,11.61,online retail,card_not_present,IE,False,
t009679,acc_0180,2026-06-05,106.27,online retail,card_present,IE,False,
t009764,acc_0181,2026-06-05,40.86,travel,mobile_app,IE,False,
t009854,acc_0182,2026-06-05,46.97,groceries,card_present,IE,False,
t009941,acc_0185,2026-06-05,72.36,groceries,card_not_present,IE,False,
t009979,acc_0186,2026-06-05,15.93,pharmacy,card_present,IE,False,
t010041,acc_0188,2026-06-05,43.06,utilities,card_not_present,IE,False,
t010117,acc_0189,2026-06-05,219.17,online retail,mobile_app,IE,False,
t010207,acc_0190,2026-06-05,43.61,travel,mobile_app,IE,False,
t010263,acc_0192,2026-06-05,28.08,utilities,online_banking,IE,False,
t010363,acc_0194,2026-06-05,282.95,transfer,card_not_present,IE,False,
t010461,acc_0196,2026-06-05,7.22,transfer,card_not_present,IE,False,
t010516,acc_0197,2026-06-05,53.13,fuel,card_not_present,IE,False,
t010807,acc_0083,2026-06-05,990.0,transfer,online_banking,IE,False,threshold_structuring
t011072,acc_0186,2026-06-05,34.71,travel,card_present,UA,True,new_country_new_device
t011073,acc_0186,2026-06-05,67.49,travel,card_present,TR,True,new_country_new_device
t011074,acc_0186,2026-06-05,39.0,travel,card_present,UA,True,new_country_new_device
t011075,acc_0186,2026-06-05,32.51,travel,card_present,TR,True,new_country_new_device
t000185,acc_0003,2026-06-06,108.12,groceries,card_present,IE,False,
t000384,acc_0007,2026-06-06,62.1,utilities,card_present,IE,False,
t000508,acc_0009,2026-06-06,25.85,fuel,mobile_app,IE,False,
t000554,acc_0010,2026-06-06,19.11,online retail,card_not_present,IE,False,
t000634,acc_0012,2026-06-06,40.14,electronics,card_not_present,IE,False,
t000773,acc_0014,2026-06-06,32.28,transfer,card_not_present,IE,False,
t000807,acc_0015,2026-06-06,51.67,utilities,mobile_app,IE,False,
t000876,acc_0016,2026-06-06,46.18,fuel,online_banking,IE,False,
t000954,acc_0017,2026-06-06,121.35,pharmacy,card_present,IE,False,
t000991,acc_0018,2026-06-06,43.28,utilities,card_present,IE,False,
t001068,acc_0019,2026-06-06,176.76,online retail,online_banking,IE,False,
t001202,acc_0021,2026-06-06,455.64,travel,online_banking,IE,False,
t001284,acc_0022,2026-06-06,39.0,utilities,mobile_app,IE,False,
t001412,acc_0025,2026-06-06,124.17,transfer,online_banking,IE,False,
t001540,acc_0029,2026-06-06,247.23,utilities,mobile_app,IE,False,
t001574,acc_0030,2026-06-06,205.67,pharmacy,mobile_app,IE,False,
t001652,acc_0031,2026-06-06,41.29,pharmacy,card_not_present,IE,False,
t001685,acc_0032,2026-06-06,42.5,online retail,online_banking,IE,False,
t001738,acc_0033,2026-06-06,181.15,transfer,mobile_app,IE,False,
t001823,acc_0034,2026-06-06,315.51,utilities,card_not_present,IE,False,
t001894,acc_0035,2026-06-06,51.05,online retail,card_present,IE,False,
t002006,acc_0039,2026-06-06,64.55,pharmacy,online_banking,IE,False,
t002045,acc_0041,2026-06-06,118.41,groceries,mobile_app,IE,False,
t002067,acc_0042,2026-06-06,47.14,electronics,card_present,IE,False,
t002155,acc_0044,2026-06-06,65.29,transfer,mobile_app,IE,False,
t002245,acc_0045,2026-06-06,72.32,utilities,mobile_app,IE,False,
t002330,acc_0047,2026-06-06,92.76,pharmacy,card_present,IE,False,
t002463,acc_0050,2026-06-06,72.51,pharmacy,card_present,IE,False,
t002577,acc_0052,2026-06-06,4.87,transfer,online_banking,IE,False,
t002634,acc_0053,2026-06-06,11.65,transfer,card_present,IE,False,
t002699,acc_0054,2026-06-06,15.99,travel,mobile_app,IE,False,
t002743,acc_0055,2026-06-06,165.03,online retail,card_present,IE,False,
t002854,acc_0057,2026-06-06,294.36,electronics,card_present,IE,False,
t002944,acc_0058,2026-06-06,68.15,fuel,card_present,IE,False,
t003014,acc_0059,2026-06-06,61.98,restaurants,online_banking,IE,False,
t003083,acc_0060,2026-06-06,24.48,travel,online_banking,IE,False,
t003164,acc_0061,2026-06-06,81.4,restaurants,online_banking,IE,False,
t003254,acc_0062,2026-06-06,56.66,travel,mobile_app,IE,False,
t003344,acc_0063,2026-06-06,139.05,utilities,card_present,IE,False,
t003396,acc_0064,2026-06-06,132.99,transfer,card_present,IE,False,
t003477,acc_0065,2026-06-06,36.88,transfer,card_not_present,IE,False,
t003628,acc_0067,2026-06-06,64.68,fuel,card_not_present,IE,False,
t003718,acc_0068,2026-06-06,158.21,electronics,card_not_present,IE,False,
t003757,acc_0069,2026-06-06,18.08,utilities,card_present,IE,False,
t003890,acc_0071,2026-06-06,26.12,restaurants,online_banking,IE,False,
t003930,acc_0072,2026-06-06,44.93,groceries,mobile_app,IE,False,
t004059,acc_0075,2026-06-06,280.3,electronics,card_present,IE,False,
t004280,acc_0081,2026-06-06,65.5,pharmacy,card_present,IE,False,
t004416,acc_0084,2026-06-06,327.23,electronics,online_banking,IE,False,
t004538,acc_0086,2026-06-06,58.51,pharmacy,card_present,IE,False,
t004696,acc_0088,2026-06-06,21.46,utilities,card_not_present,IE,False,
t004786,acc_0089,2026-06-06,33.71,transfer,card_not_present,IE,False,
t004913,acc_0092,2026-06-06,235.49,electronics,card_not_present,IE,False,
t004949,acc_0094,2026-06-06,17.47,transfer,online_banking,IE,False,
t005023,acc_0095,2026-06-06,32.5,pharmacy,card_not_present,IE,False,
t005213,acc_0099,2026-06-06,58.59,fuel,mobile_app,IE,False,
t005319,acc_0101,2026-06-06,49.1,pharmacy,mobile_app,IE,False,
t005446,acc_0103,2026-06-06,118.45,fuel,card_present,IE,False,
t005597,acc_0105,2026-06-06,147.25,utilities,mobile_app,IE,False,
t005688,acc_0107,2026-06-06,32.21,travel,online_banking,IE,False,
t005758,acc_0109,2026-06-06,15.37,online retail,card_not_present,IE,False,
t005828,acc_0110,2026-06-06,14.15,groceries,card_present,IE,False,
t006022,acc_0113,2026-06-06,213.28,travel,card_present,IE,False,
t006088,acc_0114,2026-06-06,23.99,electronics,card_not_present,IE,False,
t006117,acc_0115,2026-06-06,24.89,groceries,card_not_present,IE,False,
t006199,acc_0117,2026-06-06,42.9,pharmacy,card_not_present,IE,False,
t006259,acc_0118,2026-06-06,73.79,pharmacy,mobile_app,IE,False,
t006339,acc_0120,2026-06-06,36.87,fuel,online_banking,IE,False,
t006464,acc_0122,2026-06-06,33.1,pharmacy,mobile_app,IE,False,
t006578,acc_0124,2026-06-06,87.18,electronics,online_banking,IE,False,
t006610,acc_0125,2026-06-06,11.36,restaurants,card_not_present,IE,False,
t006688,acc_0126,2026-06-06,25.49,pharmacy,card_present,IE,False,
t006839,acc_0128,2026-06-06,26.19,fuel,card_present,IE,False,
t006874,acc_0129,2026-06-06,17.77,utilities,card_not_present,IE,False,
t006911,acc_0130,2026-06-06,100.89,fuel,mobile_app,IE,False,
t006981,acc_0131,2026-06-06,34.32,pharmacy,online_banking,IE,False,
t007053,acc_0132,2026-06-06,189.47,fuel,card_not_present,IE,False,
t007096,acc_0133,2026-06-06,134.77,groceries,card_not_present,IE,False,
t007219,acc_0136,2026-06-06,60.68,utilities,card_present,IE,False,
t007271,acc_0137,2026-06-06,75.78,pharmacy,mobile_app,IE,False,
t007290,acc_0138,2026-06-06,253.32,online retail,mobile_app,IE,False,
t007411,acc_0140,2026-06-06,259.35,groceries,card_present,IE,False,
t007453,acc_0141,2026-06-06,18.77,travel,card_present,IE,False,
t007528,acc_0142,2026-06-06,147.26,electronics,mobile_app,IE,False,
t007704,acc_0147,2026-06-06,53.6,groceries,card_present,IE,False,
t007769,acc_0148,2026-06-06,14.84,restaurants,mobile_app,IE,False,
t007854,acc_0149,2026-06-06,200.0,pharmacy,card_present,IE,False,
t007940,acc_0152,2026-06-06,291.4,transfer,card_not_present,IE,False,
t008060,acc_0155,2026-06-06,72.3,groceries,card_present,IE,False,
t008100,acc_0156,2026-06-06,223.12,utilities,card_present,IE,False,
t008173,acc_0157,2026-06-06,212.82,utilities,card_present,IE,False,
t008244,acc_0158,2026-06-06,32.1,transfer,card_not_present,IE,False,
t008302,acc_0159,2026-06-06,32.18,electronics,card_not_present,IE,False,
t008354,acc_0160,2026-06-06,227.49,electronics,card_present,IE,False,
t008430,acc_0161,2026-06-06,91.79,utilities,online_banking,IE,False,
t008476,acc_0162,2026-06-06,10.09,groceries,card_present,IE,False,
t008720,acc_0166,2026-06-06,32.82,pharmacy,online_banking,IE,False,
t008832,acc_0168,2026-06-06,53.21,online retail,card_present,IE,False,
t008952,acc_0170,2026-06-06,48.8,online retail,mobile_app,IE,False,
t009042,acc_0171,2026-06-06,146.1,travel,card_not_present,IE,False,
t009132,acc_0172,2026-06-06,39.12,electronics,card_present,IE,False,
t009183,acc_0173,2026-06-06,8.48,travel,online_banking,IE,False,
t009258,acc_0174,2026-06-06,86.38,electronics,card_present,IE,False,
t009415,acc_0176,2026-06-06,294.16,restaurants,card_present,IE,False,
t009560,acc_0178,2026-06-06,22.85,restaurants,card_not_present,IE,False,
t009626,acc_0179,2026-06-06,32.11,online retail,card_not_present,IE,False,
t009680,acc_0180,2026-06-06,75.4,transfer,mobile_app,IE,False,
t009765,acc_0181,2026-06-06,26.99,groceries,mobile_app,IE,False,
t009855,acc_0182,2026-06-06,117.18,groceries,card_present,IE,False,
t009980,acc_0186,2026-06-06,33.57,restaurants,online_banking,IE,False,
t010011,acc_0187,2026-06-06,54.12,pharmacy,mobile_app,IE,False,
t010118,acc_0189,2026-06-06,284.36,utilities,card_not_present,IE,False,
t010208,acc_0190,2026-06-06,131.02,travel,mobile_app,IE,False,
t010312,acc_0193,2026-06-06,117.38,transfer,online_banking,IE,False,
t010419,acc_0195,2026-06-06,231.43,restaurants,online_banking,IE,False,
t010517,acc_0197,2026-06-06,77.49,transfer,mobile_app,IE,False,
t010554,acc_0198,2026-06-06,266.26,groceries,mobile_app,IE,False,
t010613,acc_0199,2026-06-06,19.26,travel,mobile_app,IE,False,
t010798,acc_0079,2026-06-06,995.0,transfer,online_banking,IE,False,threshold_structuring
t010799,acc_0079,2026-06-06,990.0,transfer,online_banking,IE,False,threshold_structuring
t010999,acc_0163,2026-06-06,990.0,transfer,online_banking,IE,False,threshold_structuring
t011000,acc_0163,2026-06-06,980.0,transfer,online_banking,IE,False,threshold_structuring
t000081,acc_0001,2026-06-07,70.69,fuel,card_not_present,IE,False,
t000186,acc_0003,2026-06-07,87.15,utilities,mobile_app,IE,False,
t000280,acc_0005,2026-06-07,57.72,travel,card_present,IE,False,
t000327,acc_0006,2026-06-07,233.41,electronics,online_banking,IE,False,
t000509,acc_0009,2026-06-07,90.44,electronics,card_present,IE,False,
t000555,acc_0010,2026-06-07,22.48,pharmacy,card_not_present,IE,False,
t000774,acc_0014,2026-06-07,14.43,fuel,card_not_present,IE,False,
t000877,acc_0016,2026-06-07,22.0,fuel,online_banking,IE,False,
t000955,acc_0017,2026-06-07,36.38,online retail,card_not_present,IE,False,
t001069,acc_0019,2026-06-07,209.51,travel,card_not_present,IE,False,
t001203,acc_0021,2026-06-07,94.14,travel,card_not_present,IE,False,
t001285,acc_0022,2026-06-07,88.18,transfer,online_banking,IE,False,
t001413,acc_0025,2026-06-07,72.05,restaurants,mobile_app,IE,False,
t001440,acc_0026,2026-06-07,23.68,utilities,mobile_app,IE,False,
t001516,acc_0028,2026-06-07,107.8,restaurants,online_banking,IE,False,
t001575,acc_0030,2026-06-07,167.95,utilities,card_present,IE,False,
t001653,acc_0031,2026-06-07,16.97,groceries,mobile_app,IE,False,
t001686,acc_0032,2026-06-07,149.48,travel,card_present,IE,False,
t001739,acc_0033,2026-06-07,53.89,restaurants,online_banking,IE,False,
t001824,acc_0034,2026-06-07,149.65,fuel,online_banking,IE,False,
t001895,acc_0035,2026-06-07,14.63,groceries,online_banking,IE,False,
t001927,acc_0036,2026-06-07,60.6,pharmacy,card_not_present,IE,False,
t001947,acc_0037,2026-06-07,35.11,fuel,mobile_app,IE,False,
t002046,acc_0041,2026-06-07,108.29,transfer,online_banking,IE,False,
t002156,acc_0044,2026-06-07,21.44,pharmacy,mobile_app,IE,False,
t002246,acc_0045,2026-06-07,86.14,fuel,card_present,IE,False,
t002284,acc_0046,2026-06-07,27.0,electronics,card_present,IE,False,
t002331,acc_0047,2026-06-07,275.66,electronics,card_present,IE,False,
t002392,acc_0049,2026-06-07,130.88,electronics,mobile_app,IE,False,
t002464,acc_0050,2026-06-07,9.41,pharmacy,online_banking,IE,False,
t002530,acc_0051,2026-06-07,320.73,fuel,online_banking,IE,False,
t002744,acc_0055,2026-06-07,160.36,fuel,card_not_present,IE,False,
t002779,acc_0056,2026-06-07,16.03,groceries,card_present,IE,False,
t002855,acc_0057,2026-06-07,116.23,groceries,online_banking,IE,False,
t002945,acc_0058,2026-06-07,331.03,transfer,online_banking,IE,False,
t003015,acc_0059,2026-06-07,277.64,transfer,card_present,IE,False,
t003084,acc_0060,2026-06-07,44.34,utilities,mobile_app,IE,False,
t003165,acc_0061,2026-06-07,153.56,pharmacy,mobile_app,IE,False,
t003255,acc_0062,2026-06-07,63.93,fuel,card_present,IE,False,
t003345,acc_0063,2026-06-07,432.76,pharmacy,card_present,IE,False,
t003478,acc_0065,2026-06-07,72.86,utilities,online_banking,IE,False,
t003544,acc_0066,2026-06-07,33.22,online retail,card_present,IE,False,
t003629,acc_0067,2026-06-07,15.58,electronics,mobile_app,IE,False,
t003719,acc_0068,2026-06-07,57.77,utilities,mobile_app,IE,False,
t003808,acc_0070,2026-06-07,121.91,electronics,card_not_present,IE,False,
t003891,acc_0071,2026-06-07,45.28,electronics,online_banking,IE,False,
t004132,acc_0077,2026-06-07,64.4,utilities,card_not_present,IE,False,
t004152,acc_0078,2026-06-07,26.32,transfer,online_banking,IE,False,
t004206,acc_0080,2026-06-07,165.27,fuel,online_banking,IE,False,
t004281,acc_0081,2026-06-07,137.36,online retail,mobile_app,IE,False,
t004329,acc_0082,2026-06-07,27.85,online retail,mobile_app,IE,False,
t004370,acc_0083,2026-06-07,203.48,transfer,card_present,IE,False,
t004417,acc_0084,2026-06-07,177.42,electronics,mobile_app,IE,False,
t004464,acc_0085,2026-06-07,615.21,travel,card_present,IE,False,
t004539,acc_0086,2026-06-07,277.03,pharmacy,card_not_present,IE,False,
t004611,acc_0087,2026-06-07,192.16,online retail,online_banking,IE,False,
t004697,acc_0088,2026-06-07,95.45,online retail,online_banking,IE,False,
t004787,acc_0089,2026-06-07,16.29,electronics,mobile_app,IE,False,
t004859,acc_0090,2026-06-07,57.69,pharmacy,mobile_app,IE,False,
t004914,acc_0092,2026-06-07,456.14,online retail,mobile_app,IE,False,
t004950,acc_0094,2026-06-07,26.97,fuel,card_present,IE,False,
t005024,acc_0095,2026-06-07,16.62,transfer,online_banking,IE,False,
t005102,acc_0097,2026-06-07,11.09,online retail,card_not_present,IE,False,
t005214,acc_0099,2026-06-07,50.76,pharmacy,card_present,IE,False,
t005264,acc_0100,2026-06-07,114.62,electronics,online_banking,IE,False,
t005320,acc_0101,2026-06-07,31.2,groceries,online_banking,IE,False,
t005447,acc_0103,2026-06-07,26.71,restaurants,card_present,IE,False,
t005516,acc_0104,2026-06-07,7.44,groceries,card_not_present,IE,False,
t005598,acc_0105,2026-06-07,103.54,electronics,online_banking,IE,False,
t005689,acc_0107,2026-06-07,104.5,restaurants,mobile_app,IE,False,
t005730,acc_0108,2026-06-07,19.61,transfer,card_not_present,IE,False,
t005829,acc_0110,2026-06-07,20.72,pharmacy,card_present,IE,False,
t005901,acc_0111,2026-06-07,192.41,groceries,card_not_present,IE,False,
t005948,acc_0112,2026-06-07,69.63,online retail,card_present,IE,False,
t006023,acc_0113,2026-06-07,269.04,fuel,card_not_present,IE,False,
t006089,acc_0114,2026-06-07,12.96,electronics,card_present,IE,False,
t006155,acc_0116,2026-06-07,106.33,electronics,online_banking,IE,False,
t006340,acc_0120,2026-06-07,47.55,fuel,card_not_present,IE,False,
t006465,acc_0122,2026-06-07,41.17,pharmacy,online_banking,IE,False,
t006538,acc_0123,2026-06-07,10.71,groceries,online_banking,IE,False,
t006689,acc_0126,2026-06-07,65.47,travel,card_not_present,IE,False,
t006840,acc_0128,2026-06-07,7.72,transfer,online_banking,IE,False,
t006982,acc_0131,2026-06-07,82.13,electronics,card_not_present,IE,False,
t007054,acc_0132,2026-06-07,208.32,travel,card_present,IE,False,
t007142,acc_0135,2026-06-07,52.7,pharmacy,online_banking,IE,False,
t007220,acc_0136,2026-06-07,62.66,electronics,card_not_present,IE,False,
t007272,acc_0137,2026-06-07,238.02,travel,card_not_present,IE,False,
t007291,acc_0138,2026-06-07,460.38,online retail,card_not_present,IE,False,
t007529,acc_0142,2026-06-07,210.4,utilities,card_present,IE,False,
t007705,acc_0147,2026-06-07,8.0,groceries,mobile_app,IE,False,
t007770,acc_0148,2026-06-07,30.31,restaurants,mobile_app,IE,False,
t007855,acc_0149,2026-06-07,94.52,fuel,card_present,IE,False,
t007941,acc_0152,2026-06-07,340.37,utilities,online_banking,IE,False,
t008061,acc_0155,2026-06-07,114.88,restaurants,online_banking,IE,False,
t008174,acc_0157,2026-06-07,112.7,travel,card_present,IE,False,
t008245,acc_0158,2026-06-07,16.07,transfer,card_present,IE,False,
t008303,acc_0159,2026-06-07,23.9,utilities,online_banking,IE,False,
t008355,acc_0160,2026-06-07,105.62,electronics,online_banking,IE,False,
t008431,acc_0161,2026-06-07,70.29,restaurants,online_banking,IE,False,
t008477,acc_0162,2026-06-07,23.79,travel,card_present,IE,False,
t008639,acc_0165,2026-06-07,32.02,utilities,mobile_app,IE,False,
t008721,acc_0166,2026-06-07,119.89,travel,card_present,IE,False,
t008760,acc_0167,2026-06-07,125.35,groceries,online_banking,IE,False,
t008833,acc_0168,2026-06-07,201.95,online retail,online_banking,IE,False,
t008880,acc_0169,2026-06-07,260.73,utilities,card_present,IE,False,
t008953,acc_0170,2026-06-07,79.39,transfer,online_banking,IE,False,
t009043,acc_0171,2026-06-07,69.02,online retail,card_not_present,IE,False,
t009133,acc_0172,2026-06-07,33.37,groceries,mobile_app,IE,False,
t009259,acc_0174,2026-06-07,38.64,online retail,mobile_app,IE,False,
t009331,acc_0175,2026-06-07,60.22,pharmacy,card_not_present,IE,False,
t009416,acc_0176,2026-06-07,565.93,groceries,card_not_present,IE,False,
t009478,acc_0177,2026-06-07,44.18,utilities,online_banking,IE,False,
t009561,acc_0178,2026-06-07,20.88,online retail,online_banking,IE,False,
t009627,acc_0179,2026-06-07,25.81,groceries,online_banking,IE,False,
t009681,acc_0180,2026-06-07,102.98,online retail,online_banking,IE,False,
t009766,acc_0181,2026-06-07,37.64,groceries,card_not_present,IE,False,
t009856,acc_0182,2026-06-07,31.96,electronics,card_present,IE,False,
t010119,acc_0189,2026-06-07,98.51,pharmacy,card_present,IE,False,
t010209,acc_0190,2026-06-07,111.41,electronics,card_present,IE,False,
t010264,acc_0192,2026-06-07,62.06,travel,mobile_app,IE,False,
t010313,acc_0193,2026-06-07,72.91,transfer,mobile_app,IE,False,
t010420,acc_0195,2026-06-07,245.77,groceries,mobile_app,IE,False,
t010518,acc_0197,2026-06-07,65.93,groceries,online_banking,IE,False,
t010555,acc_0198,2026-06-07,107.7,fuel,card_present,IE,False,
t010656,acc_0013,2026-06-07,172.3,online retail,card_not_present,IE,False,rapid_burst
t010657,acc_0013,2026-06-07,124.89,online retail,card_not_present,IE,False,rapid_burst
t010658,acc_0013,2026-06-07,174.82,online retail,card_not_present,IE,False,rapid_burst
t010659,acc_0013,2026-06-07,103.51,online retail,card_not_present,IE,False,rapid_burst
t010660,acc_0013,2026-06-07,156.97,online retail,card_not_present,IE,False,rapid_burst
t010661,acc_0013,2026-06-07,171.82,online retail,card_not_present,IE,False,rapid_burst
t010662,acc_0013,2026-06-07,162.14,online retail,card_not_present,IE,False,rapid_burst
t010663,acc_0013,2026-06-07,106.34,online retail,card_not_present,IE,False,rapid_burst
t010664,acc_0013,2026-06-07,161.59,online retail,card_not_present,IE,False,rapid_burst
t010665,acc_0013,2026-06-07,132.5,online retail,card_not_present,IE,False,rapid_burst
t010666,acc_0013,2026-06-07,122.0,online retail,card_not_present,IE,False,rapid_burst
t010741,acc_0046,2026-06-07,147.36,travel,card_present,PH,True,new_country_new_device
t010742,acc_0046,2026-06-07,173.11,travel,card_present,RO,True,new_country_new_device
t010743,acc_0046,2026-06-07,136.99,travel,card_present,TR,True,new_country_new_device
t010800,acc_0079,2026-06-07,990.0,transfer,online_banking,IE,False,threshold_structuring
t010801,acc_0079,2026-06-07,995.0,transfer,online_banking,IE,False,threshold_structuring
t011001,acc_0163,2026-06-07,990.0,transfer,online_banking,IE,False,threshold_structuring
t011002,acc_0163,2026-06-07,990.0,transfer,online_banking,IE,False,threshold_structuring
t011021,acc_0173,2026-06-07,13.09,online retail,card_not_present,IE,False,rapid_burst
t011022,acc_0173,2026-06-07,16.64,online retail,card_not_present,IE,False,rapid_burst
t011023,acc_0173,2026-06-07,14.95,online retail,card_not_present,IE,False,rapid_burst
t011024,acc_0173,2026-06-07,17.9,online retail,card_not_present,IE,False,rapid_burst
t011025,acc_0173,2026-06-07,14.26,online retail,card_not_present,IE,False,rapid_burst
t011026,acc_0173,2026-06-07,16.77,online retail,card_not_present,IE,False,rapid_burst
t011027,acc_0173,2026-06-07,21.16,online retail,card_not_present,IE,False,rapid_burst
t011028,acc_0173,2026-06-07,17.93,online retail,card_not_present,IE,False,rapid_burst
t011029,acc_0173,2026-06-07,22.63,online retail,card_not_present,IE,False,rapid_burst
t000187,acc_0003,2026-06-08,108.55,utilities,card_not_present,IE,False,
t000219,acc_0004,2026-06-08,143.94,online retail,card_present,IE,False,
t000432,acc_0008,2026-06-08,459.34,transfer,mobile_app,IE,False,
t000510,acc_0009,2026-06-08,45.45,online retail,online_banking,IE,False,
t000592,acc_0011,2026-06-08,14.46,groceries,mobile_app,IE,False,
t000775,acc_0014,2026-06-08,22.03,fuel,online_banking,IE,False,
t000878,acc_0016,2026-06-08,43.68,travel,online_banking,IE,False,
t000956,acc_0017,2026-06-08,222.44,travel,online_banking,IE,False,
t000992,acc_0018,2026-06-08,144.52,fuel,card_present,IE,False,
t001070,acc_0019,2026-06-08,72.01,restaurants,mobile_app,IE,False,
t001136,acc_0020,2026-06-08,211.69,online retail,mobile_app,IE,False,
t001204,acc_0021,2026-06-08,848.33,utilities,online_banking,IE,False,
t001286,acc_0022,2026-06-08,27.52,online retail,online_banking,IE,False,
t001414,acc_0025,2026-06-08,39.42,pharmacy,card_not_present,IE,False,
t001441,acc_0026,2026-06-08,87.26,electronics,online_banking,IE,False,
t001484,acc_0027,2026-06-08,8.01,fuel,card_present,IE,False,
t001654,acc_0031,2026-06-08,46.04,pharmacy,card_not_present,IE,False,
t001740,acc_0033,2026-06-08,312.13,online retail,card_present,IE,False,
t001825,acc_0034,2026-06-08,58.2,electronics,online_banking,IE,False,
t001928,acc_0036,2026-06-08,36.75,fuel,card_present,IE,False,
t002157,acc_0044,2026-06-08,94.68,pharmacy,online_banking,IE,False,
t002247,acc_0045,2026-06-08,73.56,groceries,mobile_app,IE,False,
t002332,acc_0047,2026-06-08,164.46,utilities,mobile_app,IE,False,
t002465,acc_0050,2026-06-08,52.09,online retail,mobile_app,IE,False,
t002531,acc_0051,2026-06-08,208.41,fuel,card_present,IE,False,
t002578,acc_0052,2026-06-08,15.83,transfer,online_banking,IE,False,
t002635,acc_0053,2026-06-08,21.71,fuel,mobile_app,IE,False,
t002856,acc_0057,2026-06-08,54.33,groceries,card_present,IE,False,
t002946,acc_0058,2026-06-08,259.82,restaurants,online_banking,IE,False,
t003016,acc_0059,2026-06-08,452.79,utilities,card_present,IE,False,
t003166,acc_0061,2026-06-08,168.89,travel,mobile_app,IE,False,
t003256,acc_0062,2026-06-08,92.23,restaurants,card_not_present,IE,False,
t003346,acc_0063,2026-06-08,393.77,transfer,card_not_present,IE,False,
t003479,acc_0065,2026-06-08,19.3,online retail,card_not_present,IE,False,
t003630,acc_0067,2026-06-08,23.27,utilities,online_banking,IE,False,
t003720,acc_0068,2026-06-08,115.36,pharmacy,online_banking,IE,False,
t003809,acc_0070,2026-06-08,163.58,electronics,card_not_present,IE,False,
t003892,acc_0071,2026-06-08,7.92,travel,card_present,IE,False,
t003931,acc_0072,2026-06-08,26.51,groceries,online_banking,IE,False,
t003980,acc_0073,2026-06-08,254.65,groceries,mobile_app,IE,False,
t004007,acc_0074,2026-06-08,189.7,travel,mobile_app,IE,False,
t004153,acc_0078,2026-06-08,20.99,restaurants,card_not_present,IE,False,
t004207,acc_0080,2026-06-08,20.79,fuel,card_present,IE,False,
t004282,acc_0081,2026-06-08,62.11,groceries,online_banking,IE,False,
t004540,acc_0086,2026-06-08,265.57,utilities,card_present,IE,False,
t004612,acc_0087,2026-06-08,71.19,pharmacy,mobile_app,IE,False,
t004698,acc_0088,2026-06-08,47.04,travel,online_banking,IE,False,
t004788,acc_0089,2026-06-08,47.47,pharmacy,mobile_app,IE,False,
t004860,acc_0090,2026-06-08,74.57,restaurants,card_present,IE,False,
t004915,acc_0092,2026-06-08,266.94,electronics,card_present,IE,False,
t004951,acc_0094,2026-06-08,34.5,fuel,card_not_present,IE,False,
t005025,acc_0095,2026-06-08,23.97,electronics,card_present,IE,False,
t005068,acc_0096,2026-06-08,49.88,fuel,mobile_app,IE,False,
t005103,acc_0097,2026-06-08,15.52,transfer,card_not_present,IE,False,
t005215,acc_0099,2026-06-08,44.77,travel,mobile_app,IE,False,
t005265,acc_0100,2026-06-08,208.5,restaurants,card_not_present,IE,False,
t005368,acc_0102,2026-06-08,50.76,restaurants,online_banking,IE,False,
t005448,acc_0103,2026-06-08,150.75,fuel,card_present,IE,False,
t005517,acc_0104,2026-06-08,31.6,groceries,card_present,IE,False,
t005599,acc_0105,2026-06-08,344.68,pharmacy,card_present,IE,False,
t005690,acc_0107,2026-06-08,285.24,groceries,online_banking,IE,False,
t005731,acc_0108,2026-06-08,16.16,pharmacy,mobile_app,IE,False,
t005830,acc_0110,2026-06-08,16.16,transfer,online_banking,IE,False,
t006024,acc_0113,2026-06-08,299.42,pharmacy,mobile_app,IE,False,
t006090,acc_0114,2026-06-08,7.6,groceries,card_present,IE,False,
t006200,acc_0117,2026-06-08,300.29,pharmacy,mobile_app,IE,False,
t006260,acc_0118,2026-06-08,77.79,pharmacy,mobile_app,IE,False,
t006293,acc_0119,2026-06-08,25.76,electronics,mobile_app,IE,False,
t006386,acc_0121,2026-06-08,22.81,electronics,card_present,IE,False,
t006466,acc_0122,2026-06-08,39.26,online retail,card_present,IE,False,
t006539,acc_0123,2026-06-08,73.34,pharmacy,card_not_present,IE,False,
t006579,acc_0124,2026-06-08,143.08,pharmacy,card_present,IE,False,
t006690,acc_0126,2026-06-08,84.14,travel,card_not_present,IE,False,
t006757,acc_0127,2026-06-08,41.43,electronics,mobile_app,IE,False,
t006841,acc_0128,2026-06-08,28.57,transfer,mobile_app,IE,False,
t006983,acc_0131,2026-06-08,53.95,electronics,mobile_app,IE,False,
t007115,acc_0134,2026-06-08,27.63,electronics,online_banking,IE,False,
t007143,acc_0135,2026-06-08,69.48,fuel,card_not_present,IE,False,
t007221,acc_0136,2026-06-08,13.58,restaurants,online_banking,IE,False,
t007292,acc_0138,2026-06-08,109.98,online retail,card_not_present,IE,False,
t007346,acc_0139,2026-06-08,20.1,utilities,mobile_app,IE,False,
t007530,acc_0142,2026-06-08,166.89,groceries,card_present,IE,False,
t007706,acc_0147,2026-06-08,35.75,groceries,card_present,IE,False,
t007771,acc_0148,2026-06-08,30.98,restaurants,mobile_app,IE,False,
t007856,acc_0149,2026-06-08,42.17,fuel,card_not_present,IE,False,
t007891,acc_0150,2026-06-08,17.59,groceries,online_banking,IE,False,
t007966,acc_0153,2026-06-08,54.44,pharmacy,online_banking,IE,False,
t008005,acc_0154,2026-06-08,28.2,online retail,card_not_present,IE,False,
t008062,acc_0155,2026-06-08,482.05,travel,mobile_app,IE,False,
t008175,acc_0157,2026-06-08,189.18,online retail,card_present,IE,False,
t008246,acc_0158,2026-06-08,6.52,fuel,card_present,IE,False,
t008304,acc_0159,2026-06-08,10.17,pharmacy,online_banking,IE,False,
t008356,acc_0160,2026-06-08,283.45,restaurants,card_present,IE,False,
t008432,acc_0161,2026-06-08,236.93,groceries,mobile_app,IE,False,
t008478,acc_0162,2026-06-08,15.35,electronics,mobile_app,IE,False,
t008534,acc_0163,2026-06-08,318.74,utilities,online_banking,IE,False,
t008722,acc_0166,2026-06-08,18.6,fuel,card_present,IE,False,
t008834,acc_0168,2026-06-08,172.22,pharmacy,mobile_app,IE,False,
t008954,acc_0170,2026-06-08,93.21,transfer,card_not_present,IE,False,
t009044,acc_0171,2026-06-08,41.45,electronics,online_banking,IE,False,
t009134,acc_0172,2026-06-08,110.01,fuel,card_not_present,IE,False,
t009260,acc_0174,2026-06-08,62.66,pharmacy,card_present,IE,False,
t009332,acc_0175,2026-06-08,56.47,online retail,mobile_app,IE,False,
t009417,acc_0176,2026-06-08,324.72,travel,card_not_present,IE,False,
t009479,acc_0177,2026-06-08,28.08,online retail,card_not_present,IE,False,
t009562,acc_0178,2026-06-08,46.05,travel,card_present,IE,False,
t009628,acc_0179,2026-06-08,45.83,groceries,card_present,IE,False,
t009767,acc_0181,2026-06-08,28.51,fuel,online_banking,IE,False,
t009857,acc_0182,2026-06-08,39.85,pharmacy,card_present,IE,False,
t009890,acc_0183,2026-06-08,50.13,travel,card_present,IE,False,
t009913,acc_0184,2026-06-08,293.37,electronics,card_not_present,IE,False,
t009942,acc_0185,2026-06-08,53.31,online retail,mobile_app,IE,False,
t010120,acc_0189,2026-06-08,359.59,groceries,card_not_present,IE,False,
t010210,acc_0190,2026-06-08,34.14,pharmacy,card_present,IE,False,
t010249,acc_0191,2026-06-08,69.6,transfer,card_present,IE,False,
t010314,acc_0193,2026-06-08,59.44,electronics,card_present,IE,False,
t010364,acc_0194,2026-06-08,353.21,online retail,card_present,IE,False,
t010519,acc_0197,2026-06-08,94.25,fuel,card_not_present,IE,False,
t010614,acc_0199,2026-06-08,8.28,groceries,mobile_app,IE,False,
t010918,acc_0134,2026-06-08,59.26,travel,card_present,NG,True,new_country_new_device
t010919,acc_0134,2026-06-08,60.54,travel,card_present,UA,True,new_country_new_device
t011081,acc_0194,2026-06-08,532.34,travel,card_present,BR,True,new_country_new_device
t011082,acc_0194,2026-06-08,421.25,travel,card_present,NG,True,new_country_new_device
t011083,acc_0194,2026-06-08,428.42,travel,card_present,BR,True,new_country_new_device
t000188,acc_0003,2026-06-09,196.53,travel,online_banking,IE,False,
t000220,acc_0004,2026-06-09,107.54,transfer,online_banking,IE,False,
t000281,acc_0005,2026-06-09,105.31,groceries,online_banking,IE,False,
t000385,acc_0007,2026-06-09,161.37,transfer,card_present,IE,False,
t000511,acc_0009,2026-06-09,49.72,travel,mobile_app,IE,False,
t000556,acc_0010,2026-06-09,12.6,travel,card_present,IE,False,
t000690,acc_0013,2026-06-09,63.07,travel,card_present,IE,False,
t000776,acc_0014,2026-06-09,13.07,online retail,card_not_present,IE,False,
t000879,acc_0016,2026-06-09,73.75,fuel,mobile_app,IE,False,
t001071,acc_0019,2026-06-09,68.76,transfer,card_not_present,IE,False,
t001137,acc_0020,2026-06-09,672.27,online retail,online_banking,IE,False,
t001205,acc_0021,2026-06-09,94.69,groceries,online_banking,IE,False,
t001287,acc_0022,2026-06-09,13.83,utilities,card_not_present,IE,False,
t001415,acc_0025,2026-06-09,97.71,utilities,card_not_present,IE,False,
t001485,acc_0027,2026-06-09,23.69,travel,card_not_present,IE,False,
t001517,acc_0028,2026-06-09,37.53,groceries,online_banking,IE,False,
t001655,acc_0031,2026-06-09,19.35,transfer,mobile_app,IE,False,
t001826,acc_0034,2026-06-09,159.74,transfer,mobile_app,IE,False,
t001948,acc_0037,2026-06-09,53.99,groceries,mobile_app,IE,False,
t002007,acc_0039,2026-06-09,128.59,pharmacy,mobile_app,IE,False,
t002158,acc_0044,2026-06-09,15.54,online retail,mobile_app,IE,False,
t002248,acc_0045,2026-06-09,31.11,online retail,card_present,IE,False,
t002285,acc_0046,2026-06-09,56.85,restaurants,card_present,IE,False,
t002333,acc_0047,2026-06-09,541.43,travel,card_not_present,IE,False,
t002359,acc_0048,2026-06-09,95.32,online retail,online_banking,IE,False,
t002466,acc_0050,2026-06-09,13.5,electronics,card_not_present,IE,False,
t002532,acc_0051,2026-06-09,148.98,online retail,mobile_app,IE,False,
t002700,acc_0054,2026-06-09,15.9,groceries,online_banking,IE,False,
t002857,acc_0057,2026-06-09,295.76,restaurants,card_present,IE,False,
t002947,acc_0058,2026-06-09,99.48,utilities,mobile_app,IE,False,
t003017,acc_0059,2026-06-09,192.29,pharmacy,mobile_app,IE,False,
t003085,acc_0060,2026-06-09,26.88,electronics,online_banking,IE,False,
t003167,acc_0061,2026-06-09,219.98,utilities,card_present,IE,False,
t003257,acc_0062,2026-06-09,285.79,online retail,card_present,IE,False,
t003347,acc_0063,2026-06-09,79.92,online retail,card_not_present,IE,False,
t003397,acc_0064,2026-06-09,46.55,groceries,mobile_app,IE,False,
t003480,acc_0065,2026-06-09,50.0,online retail,mobile_app,IE,False,
t003545,acc_0066,2026-06-09,43.72,pharmacy,card_not_present,IE,False,
t003631,acc_0067,2026-06-09,47.53,online retail,card_not_present,IE,False,
t003721,acc_0068,2026-06-09,45.43,transfer,online_banking,IE,False,
t003810,acc_0070,2026-06-09,129.46,travel,mobile_app,IE,False,
t003893,acc_0071,2026-06-09,16.97,restaurants,card_present,IE,False,
t004060,acc_0075,2026-06-09,139.53,transfer,card_not_present,IE,False,
t004283,acc_0081,2026-06-09,85.44,travel,card_present,IE,False,
t004330,acc_0082,2026-06-09,7.84,travel,card_not_present,IE,False,
t004371,acc_0083,2026-06-09,71.2,groceries,card_present,IE,False,
t004465,acc_0085,2026-06-09,141.89,travel,online_banking,IE,False,
t004541,acc_0086,2026-06-09,368.14,pharmacy,card_present,IE,False,
t004613,acc_0087,2026-06-09,227.66,pharmacy,card_not_present,IE,False,
t004699,acc_0088,2026-06-09,36.26,utilities,mobile_app,IE,False,
t004789,acc_0089,2026-06-09,30.62,restaurants,online_banking,IE,False,
t004861,acc_0090,2026-06-09,52.98,pharmacy,mobile_app,IE,False,
t005026,acc_0095,2026-06-09,25.0,pharmacy,online_banking,IE,False,
t005069,acc_0096,2026-06-09,89.35,pharmacy,mobile_app,IE,False,
t005138,acc_0098,2026-06-09,66.45,pharmacy,card_not_present,IE,False,
t005216,acc_0099,2026-06-09,42.32,transfer,card_present,IE,False,
t005369,acc_0102,2026-06-09,88.09,electronics,card_not_present,IE,False,
t005449,acc_0103,2026-06-09,50.54,pharmacy,card_present,IE,False,
t005518,acc_0104,2026-06-09,7.01,transfer,card_present,IE,False,
t005600,acc_0105,2026-06-09,149.26,pharmacy,card_not_present,IE,False,
t005732,acc_0108,2026-06-09,21.53,fuel,card_present,IE,False,
t005759,acc_0109,2026-06-09,18.99,transfer,online_banking,IE,False,
t005831,acc_0110,2026-06-09,25.79,pharmacy,mobile_app,IE,False,
t006025,acc_0113,2026-06-09,667.95,electronics,mobile_app,IE,False,
t006091,acc_0114,2026-06-09,24.44,pharmacy,mobile_app,IE,False,
t006118,acc_0115,2026-06-09,7.17,utilities,online_banking,IE,False,
t006156,acc_0116,2026-06-09,56.75,travel,card_present,IE,False,
t006201,acc_0117,2026-06-09,47.31,transfer,mobile_app,IE,False,
t006341,acc_0120,2026-06-09,22.57,electronics,card_not_present,IE,False,
t006387,acc_0121,2026-06-09,13.79,restaurants,card_not_present,IE,False,
t006467,acc_0122,2026-06-09,71.51,fuel,online_banking,IE,False,
t006540,acc_0123,2026-06-09,21.84,online retail,mobile_app,IE,False,
t006691,acc_0126,2026-06-09,99.03,travel,mobile_app,IE,False,
t006758,acc_0127,2026-06-09,190.97,pharmacy,mobile_app,IE,False,
t006842,acc_0128,2026-06-09,32.08,restaurants,card_not_present,IE,False,
t006984,acc_0131,2026-06-09,61.2,transfer,card_present,IE,False,
t007055,acc_0132,2026-06-09,53.22,utilities,mobile_app,IE,False,
t007144,acc_0135,2026-06-09,129.76,utilities,card_present,IE,False,
t007222,acc_0136,2026-06-09,127.52,fuel,card_not_present,IE,False,
t007347,acc_0139,2026-06-09,54.14,online retail,card_not_present,IE,False,
t007412,acc_0140,2026-06-09,198.85,transfer,card_not_present,IE,False,
t007454,acc_0141,2026-06-09,69.77,online retail,online_banking,IE,False,
t007531,acc_0142,2026-06-09,96.54,electronics,online_banking,IE,False,
t007578,acc_0143,2026-06-09,13.28,online retail,card_present,IE,False,
t007707,acc_0147,2026-06-09,23.02,utilities,mobile_app,IE,False,
t007772,acc_0148,2026-06-09,82.63,fuel,online_banking,IE,False,
t007857,acc_0149,2026-06-09,104.94,utilities,card_present,IE,False,
t007918,acc_0151,2026-06-09,14.69,utilities,card_not_present,IE,False,
t007942,acc_0152,2026-06-09,143.22,pharmacy,card_not_present,IE,False,
t008006,acc_0154,2026-06-09,104.69,utilities,card_not_present,IE,False,
t008176,acc_0157,2026-06-09,430.25,utilities,card_present,IE,False,
t008433,acc_0161,2026-06-09,455.3,utilities,card_present,IE,False,
t008535,acc_0163,2026-06-09,340.64,groceries,online_banking,IE,False,
t008640,acc_0165,2026-06-09,64.71,electronics,mobile_app,IE,False,
t008723,acc_0166,2026-06-09,24.94,transfer,card_present,IE,False,
t008835,acc_0168,2026-06-09,95.11,groceries,online_banking,IE,False,
t008955,acc_0170,2026-06-09,93.24,fuel,card_present,IE,False,
t009045,acc_0171,2026-06-09,37.11,fuel,card_present,IE,False,
t009135,acc_0172,2026-06-09,61.43,transfer,card_not_present,IE,False,
t009261,acc_0174,2026-06-09,38.38,travel,card_not_present,IE,False,
t009333,acc_0175,2026-06-09,75.02,utilities,mobile_app,IE,False,
t009418,acc_0176,2026-06-09,223.28,groceries,online_banking,IE,False,
t009480,acc_0177,2026-06-09,22.65,utilities,card_not_present,IE,False,
t009563,acc_0178,2026-06-09,11.35,restaurants,online_banking,IE,False,
t009629,acc_0179,2026-06-09,12.6,transfer,online_banking,IE,False,
t009768,acc_0181,2026-06-09,28.13,online retail,card_not_present,IE,False,
t009858,acc_0182,2026-06-09,48.56,groceries,mobile_app,IE,False,
t009914,acc_0184,2026-06-09,403.32,travel,card_present,IE,False,
t009981,acc_0186,2026-06-09,13.58,fuel,card_present,IE,False,
t010121,acc_0189,2026-06-09,172.11,utilities,card_not_present,IE,False,
t010211,acc_0190,2026-06-09,74.28,groceries,mobile_app,IE,False,
t010265,acc_0192,2026-06-09,61.29,transfer,card_present,IE,False,
t010315,acc_0193,2026-06-09,46.62,fuel,online_banking,IE,False,
t010365,acc_0194,2026-06-09,374.88,transfer,card_present,IE,False,
t010556,acc_0198,2026-06-09,218.77,electronics,card_present,IE,False,
t010950,acc_0147,2026-06-09,990.0,transfer,online_banking,IE,False,threshold_structuring
t010951,acc_0147,2026-06-09,985.0,transfer,online_banking,IE,False,threshold_structuring
t000082,acc_0001,2026-06-10,83.85,travel,mobile_app,IE,False,
t000189,acc_0003,2026-06-10,38.55,groceries,mobile_app,IE,False,
t000282,acc_0005,2026-06-10,23.07,groceries,online_banking,IE,False,
t000328,acc_0006,2026-06-10,219.8,pharmacy,mobile_app,IE,False,
t000386,acc_0007,2026-06-10,37.01,restaurants,card_not_present,IE,False,
t000433,acc_0008,2026-06-10,111.32,groceries,card_not_present,IE,False,
t000512,acc_0009,2026-06-10,107.04,travel,mobile_app,IE,False,
t000557,acc_0010,2026-06-10,14.94,electronics,mobile_app,IE,False,
t000593,acc_0011,2026-06-10,36.97,online retail,mobile_app,IE,False,
t000691,acc_0013,2026-06-10,280.92,restaurants,online_banking,IE,False,
t000777,acc_0014,2026-06-10,14.21,online retail,card_not_present,IE,False,
t000880,acc_0016,2026-06-10,27.7,electronics,mobile_app,IE,False,
t000957,acc_0017,2026-06-10,189.07,fuel,online_banking,IE,False,
t001072,acc_0019,2026-06-10,95.2,electronics,card_present,IE,False,
t001138,acc_0020,2026-06-10,138.65,groceries,mobile_app,IE,False,
t001288,acc_0022,2026-06-10,35.48,transfer,card_not_present,IE,False,
t001361,acc_0024,2026-06-10,389.17,groceries,card_present,IE,False,
t001416,acc_0025,2026-06-10,32.63,restaurants,card_not_present,IE,False,
t001656,acc_0031,2026-06-10,20.72,restaurants,online_banking,IE,False,
t001741,acc_0033,2026-06-10,245.16,travel,card_not_present,IE,False,
t001827,acc_0034,2026-06-10,102.95,utilities,card_present,IE,False,
t001896,acc_0035,2026-06-10,21.99,electronics,card_not_present,IE,False,
t001929,acc_0036,2026-06-10,124.35,electronics,card_present,IE,False,
t002047,acc_0041,2026-06-10,191.84,electronics,card_not_present,IE,False,
t002159,acc_0044,2026-06-10,27.9,pharmacy,card_present,IE,False,
t002249,acc_0045,2026-06-10,116.82,electronics,mobile_app,IE,False,
t002334,acc_0047,2026-06-10,70.36,pharmacy,online_banking,IE,False,
t002393,acc_0049,2026-06-10,157.52,pharmacy,mobile_app,IE,False,
t002467,acc_0050,2026-06-10,20.77,online retail,online_banking,IE,False,
t002533,acc_0051,2026-06-10,121.9,fuel,card_present,IE,False,
t002858,acc_0057,2026-06-10,278.2,utilities,card_present,IE,False,
t002948,acc_0058,2026-06-10,238.65,utilities,mobile_app,IE,False,
t003086,acc_0060,2026-06-10,37.78,transfer,mobile_app,IE,False,
t003168,acc_0061,2026-06-10,145.91,restaurants,card_present,IE,False,
t003258,acc_0062,2026-06-10,70.62,fuel,online_banking,IE,False,
t003348,acc_0063,2026-06-10,88.31,groceries,card_present,IE,False,
t003398,acc_0064,2026-06-10,49.55,pharmacy,card_not_present,IE,False,
t003481,acc_0065,2026-06-10,33.54,utilities,online_banking,IE,False,
t003546,acc_0066,2026-06-10,65.96,travel,card_present,IE,False,
t003632,acc_0067,2026-06-10,9.96,groceries,card_not_present,IE,False,
t003722,acc_0068,2026-06-10,54.33,groceries,online_banking,IE,False,
t003758,acc_0069,2026-06-10,7.43,groceries,mobile_app,IE,False,
t003811,acc_0070,2026-06-10,37.99,fuel,mobile_app,IE,False,
t003894,acc_0071,2026-06-10,18.71,travel,card_not_present,IE,False,
t003981,acc_0073,2026-06-10,84.04,travel,mobile_app,IE,False,
t004061,acc_0075,2026-06-10,212.0,restaurants,card_present,IE,False,
t004114,acc_0076,2026-06-10,175.72,electronics,card_present,IE,False,
t004133,acc_0077,2026-06-10,18.31,restaurants,mobile_app,IE,False,
t004154,acc_0078,2026-06-10,25.65,utilities,card_not_present,IE,False,
t004208,acc_0080,2026-06-10,147.09,groceries,card_not_present,IE,False,
t004284,acc_0081,2026-06-10,49.64,groceries,card_not_present,IE,False,
t004331,acc_0082,2026-06-10,12.18,groceries,card_not_present,IE,False,
t004418,acc_0084,2026-06-10,294.29,utilities,card_not_present,IE,False,
t004466,acc_0085,2026-06-10,118.07,travel,online_banking,IE,False,
t004542,acc_0086,2026-06-10,140.54,groceries,card_not_present,IE,False,
t004614,acc_0087,2026-06-10,185.37,travel,mobile_app,IE,False,
t004700,acc_0088,2026-06-10,155.21,travel,online_banking,IE,False,
t004790,acc_0089,2026-06-10,36.54,pharmacy,card_present,IE,False,
t004862,acc_0090,2026-06-10,68.52,utilities,card_not_present,IE,False,
t005027,acc_0095,2026-06-10,48.49,restaurants,online_banking,IE,False,
t005217,acc_0099,2026-06-10,96.48,pharmacy,mobile_app,IE,False,
t005321,acc_0101,2026-06-10,17.06,online retail,card_present,IE,False,
t005370,acc_0102,2026-06-10,72.9,restaurants,card_present,IE,False,
t005450,acc_0103,2026-06-10,96.5,groceries,card_present,IE,False,
t005519,acc_0104,2026-06-10,26.01,pharmacy,card_not_present,IE,False,
t005601,acc_0105,2026-06-10,111.55,fuel,online_banking,IE,False,
t005636,acc_0106,2026-06-10,119.85,groceries,card_not_present,IE,False,
t005691,acc_0107,2026-06-10,70.98,fuel,mobile_app,IE,False,
t005832,acc_0110,2026-06-10,24.92,utilities,card_not_present,IE,False,
t005902,acc_0111,2026-06-10,188.82,transfer,card_present,IE,False,
t006026,acc_0113,2026-06-10,251.89,online retail,mobile_app,IE,False,
t006092,acc_0114,2026-06-10,21.78,pharmacy,mobile_app,IE,False,
t006157,acc_0116,2026-06-10,117.85,pharmacy,mobile_app,IE,False,
t006342,acc_0120,2026-06-10,14.79,fuel,card_not_present,IE,False,
t006468,acc_0122,2026-06-10,28.95,electronics,card_not_present,IE,False,
t006541,acc_0123,2026-06-10,37.25,utilities,mobile_app,IE,False,
t006611,acc_0125,2026-06-10,6.41,groceries,card_present,IE,False,
t006692,acc_0126,2026-06-10,32.19,pharmacy,card_present,IE,False,
t006843,acc_0128,2026-06-10,14.47,electronics,card_not_present,IE,False,
t006912,acc_0130,2026-06-10,49.73,online retail,mobile_app,IE,False,
t006985,acc_0131,2026-06-10,39.77,restaurants,online_banking,IE,False,
t007116,acc_0134,2026-06-10,19.82,groceries,mobile_app,IE,False,
t007223,acc_0136,2026-06-10,60.28,utilities,card_not_present,IE,False,
t007293,acc_0138,2026-06-10,186.93,restaurants,card_present,IE,False,
t007455,acc_0141,2026-06-10,17.04,fuel,card_not_present,IE,False,
t007532,acc_0142,2026-06-10,150.59,restaurants,card_not_present,IE,False,
t007708,acc_0147,2026-06-10,18.38,transfer,card_not_present,IE,False,
t007773,acc_0148,2026-06-10,65.33,pharmacy,card_present,IE,False,
t007858,acc_0149,2026-06-10,69.82,restaurants,card_not_present,IE,False,
t007892,acc_0150,2026-06-10,43.86,electronics,online_banking,IE,False,
t007919,acc_0151,2026-06-10,19.74,pharmacy,mobile_app,IE,False,
t008007,acc_0154,2026-06-10,21.68,online retail,online_banking,IE,False,
t008063,acc_0155,2026-06-10,203.65,travel,card_present,IE,False,
t008101,acc_0156,2026-06-10,54.53,pharmacy,mobile_app,IE,False,
t008177,acc_0157,2026-06-10,246.85,electronics,card_present,IE,False,
t008305,acc_0159,2026-06-10,17.03,travel,card_present,IE,False,
t008357,acc_0160,2026-06-10,236.12,groceries,online_banking,IE,False,
t008434,acc_0161,2026-06-10,146.57,utilities,online_banking,IE,False,
t008536,acc_0163,2026-06-10,358.07,transfer,card_present,IE,False,
t008641,acc_0165,2026-06-10,18.88,transfer,card_present,IE,False,
t008724,acc_0166,2026-06-10,97.49,fuel,card_not_present,IE,False,
t008836,acc_0168,2026-06-10,59.59,pharmacy,card_not_present,IE,False,
t008956,acc_0170,2026-06-10,82.94,fuel,card_not_present,IE,False,
t009046,acc_0171,2026-06-10,93.77,electronics,card_present,IE,False,
t009136,acc_0172,2026-06-10,128.64,pharmacy,card_not_present,IE,False,
t009184,acc_0173,2026-06-10,47.9,electronics,online_banking,IE,False,
t009262,acc_0174,2026-06-10,92.37,electronics,online_banking,IE,False,
t009334,acc_0175,2026-06-10,74.41,electronics,mobile_app,IE,False,
t009419,acc_0176,2026-06-10,224.83,utilities,card_present,IE,False,
t009564,acc_0178,2026-06-10,17.12,pharmacy,card_not_present,IE,False,
t009630,acc_0179,2026-06-10,24.74,online retail,mobile_app,IE,False,
t009682,acc_0180,2026-06-10,65.67,groceries,card_not_present,IE,False,
t009769,acc_0181,2026-06-10,123.55,travel,card_present,IE,False,
t009859,acc_0182,2026-06-10,61.46,pharmacy,card_not_present,IE,False,
t010122,acc_0189,2026-06-10,126.86,groceries,card_not_present,IE,False,
t010212,acc_0190,2026-06-10,42.12,groceries,online_banking,IE,False,
t010316,acc_0193,2026-06-10,104.74,transfer,mobile_app,IE,False,
t010366,acc_0194,2026-06-10,89.98,transfer,card_present,IE,False,
t010421,acc_0195,2026-06-10,37.48,restaurants,online_banking,IE,False,
t010462,acc_0196,2026-06-10,9.23,groceries,online_banking,IE,False,
t010520,acc_0197,2026-06-10,192.83,restaurants,online_banking,IE,False,
t010615,acc_0199,2026-06-10,24.4,utilities,online_banking,IE,False,
t010952,acc_0147,2026-06-10,985.0,transfer,online_banking,IE,False,threshold_structuring
t010953,acc_0147,2026-06-10,990.0,transfer,online_banking,IE,False,threshold_structuring
t010981,acc_0158,2026-06-10,32.05,travel,card_present,UA,True,new_country_new_device
t010982,acc_0158,2026-06-10,56.44,travel,card_present,UA,True,new_country_new_device
t010983,acc_0158,2026-06-10,27.11,travel,card_present,PH,True,new_country_new_device
t010984,acc_0158,2026-06-10,51.27,travel,card_present,PH,True,new_country_new_device
t010996,acc_0162,2026-06-10,58.6,travel,card_present,BR,True,new_country_new_device
t010997,acc_0162,2026-06-10,67.94,travel,card_present,TR,True,new_country_new_device
t010998,acc_0162,2026-06-10,99.28,travel,card_present,NG,True,new_country_new_device
t000028,acc_0000,2026-06-11,46.67,restaurants,mobile_app,IE,False,
t000083,acc_0001,2026-06-11,228.58,restaurants,mobile_app,IE,False,
t000190,acc_0003,2026-06-11,75.36,restaurants,mobile_app,IE,False,
t000283,acc_0005,2026-06-11,118.71,pharmacy,card_not_present,IE,False,
t000513,acc_0009,2026-06-11,71.53,restaurants,card_present,IE,False,
t000558,acc_0010,2026-06-11,30.92,online retail,online_banking,IE,False,
t000594,acc_0011,2026-06-11,17.39,travel,mobile_app,IE,False,
t000635,acc_0012,2026-06-11,8.08,transfer,card_not_present,IE,False,
t000692,acc_0013,2026-06-11,83.82,electronics,mobile_app,IE,False,
t000778,acc_0014,2026-06-11,11.85,travel,card_not_present,IE,False,
t000881,acc_0016,2026-06-11,55.07,electronics,mobile_app,IE,False,
t001073,acc_0019,2026-06-11,81.73,transfer,card_present,IE,False,
t001139,acc_0020,2026-06-11,236.52,electronics,mobile_app,IE,False,
t001206,acc_0021,2026-06-11,399.8,fuel,online_banking,IE,False,
t001289,acc_0022,2026-06-11,16.56,utilities,mobile_app,IE,False,
t001486,acc_0027,2026-06-11,21.59,utilities,online_banking,IE,False,
t001541,acc_0029,2026-06-11,119.2,electronics,mobile_app,IE,False,
t001576,acc_0030,2026-06-11,308.94,fuel,mobile_app,IE,False,
t001657,acc_0031,2026-06-11,26.88,groceries,card_not_present,IE,False,
t001742,acc_0033,2026-06-11,593.38,transfer,online_banking,IE,False,
t001828,acc_0034,2026-06-11,42.71,online retail,online_banking,IE,False,
t001897,acc_0035,2026-06-11,25.56,online retail,online_banking,IE,False,
t001930,acc_0036,2026-06-11,81.97,fuel,card_present,IE,False,
t001949,acc_0037,2026-06-11,43.91,groceries,card_present,IE,False,
t001968,acc_0038,2026-06-11,129.89,restaurants,online_banking,IE,False,
t002008,acc_0039,2026-06-11,163.88,electronics,card_present,IE,False,
t002160,acc_0044,2026-06-11,18.41,utilities,online_banking,IE,False,
t002250,acc_0045,2026-06-11,156.18,utilities,card_present,IE,False,
t002335,acc_0047,2026-06-11,143.2,travel,card_not_present,IE,False,
t002468,acc_0050,2026-06-11,28.09,transfer,card_not_present,IE,False,
t002534,acc_0051,2026-06-11,136.79,restaurants,card_present,IE,False,
t002636,acc_0053,2026-06-11,23.74,restaurants,card_not_present,IE,False,
t002701,acc_0054,2026-06-11,42.4,utilities,card_present,IE,False,
t002745,acc_0055,2026-06-11,365.47,travel,online_banking,IE,False,
t002859,acc_0057,2026-06-11,96.03,fuel,online_banking,IE,False,
t002949,acc_0058,2026-06-11,62.24,utilities,online_banking,IE,False,
t003018,acc_0059,2026-06-11,454.61,travel,mobile_app,IE,False,
t003087,acc_0060,2026-06-11,23.59,transfer,mobile_app,IE,False,
t003169,acc_0061,2026-06-11,56.49,transfer,mobile_app,IE,False,
t003259,acc_0062,2026-06-11,82.73,pharmacy,online_banking,IE,False,
t003349,acc_0063,2026-06-11,345.54,utilities,online_banking,IE,False,
t003399,acc_0064,2026-06-11,63.93,restaurants,card_not_present,IE,False,
t003482,acc_0065,2026-06-11,109.71,restaurants,card_present,IE,False,
t003547,acc_0066,2026-06-11,64.51,travel,mobile_app,IE,False,
t003633,acc_0067,2026-06-11,15.64,groceries,card_not_present,IE,False,
t003723,acc_0068,2026-06-11,147.52,online retail,card_not_present,IE,False,
t003812,acc_0070,2026-06-11,52.49,electronics,card_present,IE,False,
t003895,acc_0071,2026-06-11,24.2,pharmacy,mobile_app,IE,False,
t003982,acc_0073,2026-06-11,73.19,fuel,card_present,IE,False,
t004115,acc_0076,2026-06-11,292.84,online retail,card_present,IE,False,
t004285,acc_0081,2026-06-11,47.6,restaurants,card_not_present,IE,False,
t004332,acc_0082,2026-06-11,9.07,groceries,online_banking,IE,False,
t004372,acc_0083,2026-06-11,117.96,travel,online_banking,IE,False,
t004543,acc_0086,2026-06-11,197.57,pharmacy,card_present,IE,False,
t004615,acc_0087,2026-06-11,128.32,electronics,mobile_app,IE,False,
t004701,acc_0088,2026-06-11,68.8,pharmacy,card_not_present,IE,False,
t004791,acc_0089,2026-06-11,70.51,utilities,card_not_present,IE,False,
t004863,acc_0090,2026-06-11,196.42,restaurants,mobile_app,IE,False,
t005028,acc_0095,2026-06-11,38.4,pharmacy,online_banking,IE,False,
t005218,acc_0099,2026-06-11,43.46,pharmacy,mobile_app,IE,False,
t005322,acc_0101,2026-06-11,51.36,restaurants,card_not_present,IE,False,
t005451,acc_0103,2026-06-11,49.67,transfer,card_present,IE,False,
t005520,acc_0104,2026-06-11,20.16,travel,mobile_app,IE,False,
t005602,acc_0105,2026-06-11,75.79,travel,mobile_app,IE,False,
t005637,acc_0106,2026-06-11,397.04,travel,card_not_present,IE,False,
t005692,acc_0107,2026-06-11,168.47,electronics,online_banking,IE,False,
t005833,acc_0110,2026-06-11,11.04,restaurants,card_present,IE,False,
t006027,acc_0113,2026-06-11,250.6,pharmacy,card_present,IE,False,
t006158,acc_0116,2026-06-11,93.94,fuel,card_present,IE,False,
t006261,acc_0118,2026-06-11,107.59,groceries,card_present,IE,False,
t006343,acc_0120,2026-06-11,13.65,groceries,mobile_app,IE,False,
t006469,acc_0122,2026-06-11,57.94,electronics,online_banking,IE,False,
t006542,acc_0123,2026-06-11,34.44,restaurants,mobile_app,IE,False,
t006612,acc_0125,2026-06-11,16.89,utilities,online_banking,IE,False,
t006693,acc_0126,2026-06-11,65.3,restaurants,card_not_present,IE,False,
t006759,acc_0127,2026-06-11,86.87,electronics,card_present,IE,False,
t006844,acc_0128,2026-06-11,15.28,electronics,mobile_app,IE,False,
t006986,acc_0131,2026-06-11,46.97,transfer,online_banking,IE,False,
t007056,acc_0132,2026-06-11,249.38,restaurants,card_present,IE,False,
t007145,acc_0135,2026-06-11,46.07,transfer,card_present,IE,False,
t007224,acc_0136,2026-06-11,34.41,pharmacy,online_banking,IE,False,
t007294,acc_0138,2026-06-11,320.65,fuel,card_present,IE,False,
t007348,acc_0139,2026-06-11,70.43,restaurants,card_present,IE,False,
t007456,acc_0141,2026-06-11,21.29,restaurants,online_banking,IE,False,
t007533,acc_0142,2026-06-11,235.47,online retail,card_not_present,IE,False,
t007579,acc_0143,2026-06-11,24.48,pharmacy,card_present,IE,False,
t007636,acc_0146,2026-06-11,435.37,utilities,card_present,IE,False,
t007709,acc_0147,2026-06-11,21.9,online retail,card_not_present,IE,False,
t007859,acc_0149,2026-06-11,102.98,utilities,online_banking,IE,False,
t008178,acc_0157,2026-06-11,294.82,groceries,mobile_app,IE,False,
t008247,acc_0158,2026-06-11,49.65,pharmacy,card_not_present,IE,False,
t008435,acc_0161,2026-06-11,117.84,electronics,mobile_app,IE,False,
t008537,acc_0163,2026-06-11,190.48,electronics,online_banking,IE,False,
t008642,acc_0165,2026-06-11,19.98,groceries,online_banking,IE,False,
t008725,acc_0166,2026-06-11,126.0,restaurants,card_present,IE,False,
t008761,acc_0167,2026-06-11,133.57,online retail,mobile_app,IE,False,
t008837,acc_0168,2026-06-11,136.94,electronics,card_present,IE,False,
t008957,acc_0170,2026-06-11,88.2,groceries,card_present,IE,False,
t009047,acc_0171,2026-06-11,28.66,utilities,card_present,IE,False,
t009137,acc_0172,2026-06-11,74.22,restaurants,card_not_present,IE,False,
t009185,acc_0173,2026-06-11,18.82,pharmacy,card_not_present,IE,False,
t009263,acc_0174,2026-06-11,191.26,transfer,mobile_app,IE,False,
t009335,acc_0175,2026-06-11,78.79,electronics,mobile_app,IE,False,
t009420,acc_0176,2026-06-11,183.9,transfer,card_not_present,IE,False,
t009481,acc_0177,2026-06-11,35.02,restaurants,mobile_app,IE,False,
t009565,acc_0178,2026-06-11,25.74,utilities,online_banking,IE,False,
t009631,acc_0179,2026-06-11,20.35,groceries,mobile_app,IE,False,
t009683,acc_0180,2026-06-11,62.52,transfer,card_not_present,IE,False,
t009770,acc_0181,2026-06-11,134.28,restaurants,card_not_present,IE,False,
t009860,acc_0182,2026-06-11,66.36,restaurants,card_present,IE,False,
t009891,acc_0183,2026-06-11,14.27,restaurants,online_banking,IE,False,
t009943,acc_0185,2026-06-11,138.01,online retail,card_not_present,IE,False,
t010012,acc_0187,2026-06-11,54.27,pharmacy,card_not_present,IE,False,
t010042,acc_0188,2026-06-11,12.51,electronics,card_not_present,IE,False,
t010123,acc_0189,2026-06-11,111.68,groceries,online_banking,IE,False,
t010213,acc_0190,2026-06-11,66.45,online retail,online_banking,IE,False,
t010250,acc_0191,2026-06-11,47.54,utilities,card_not_present,IE,False,
t010317,acc_0193,2026-06-11,253.07,restaurants,online_banking,IE,False,
t010422,acc_0195,2026-06-11,137.22,pharmacy,online_banking,IE,False,
t010463,acc_0196,2026-06-11,37.18,utilities,online_banking,IE,False,
t010864,acc_0115,2026-06-11,990.0,transfer,online_banking,IE,False,threshold_structuring
t010865,acc_0115,2026-06-11,980.0,transfer,online_banking,IE,False,threshold_structuring
t010900,acc_0129,2026-06-11,31.99,online retail,card_not_present,IE,False,rapid_burst
t010901,acc_0129,2026-06-11,32.53,online retail,card_not_present,IE,False,rapid_burst
t010902,acc_0129,2026-06-11,26.73,online retail,card_not_present,IE,False,rapid_burst
t010903,acc_0129,2026-06-11,26.12,online retail,card_not_present,IE,False,rapid_burst
t010904,acc_0129,2026-06-11,36.11,online retail,card_not_present,IE,False,rapid_burst
t010905,acc_0129,2026-06-11,27.03,online retail,card_not_present,IE,False,rapid_burst
t010906,acc_0129,2026-06-11,26.15,online retail,card_not_present,IE,False,rapid_burst
t010907,acc_0129,2026-06-11,24.22,online retail,card_not_present,IE,False,rapid_burst
t010908,acc_0129,2026-06-11,25.06,online retail,card_not_present,IE,False,rapid_burst
t010909,acc_0129,2026-06-11,27.77,online retail,card_not_present,IE,False,rapid_burst
t011047,acc_0179,2026-06-11,995.0,transfer,online_banking,IE,False,threshold_structuring
t011048,acc_0179,2026-06-11,990.0,transfer,online_banking,IE,False,threshold_structuring
t000029,acc_0000,2026-06-12,20.68,online retail,card_present,IE,False,
t000084,acc_0001,2026-06-12,195.72,transfer,mobile_app,IE,False,
t000191,acc_0003,2026-06-12,139.43,groceries,online_banking,IE,False,
t000284,acc_0005,2026-06-12,55.18,groceries,card_present,IE,False,
t000387,acc_0007,2026-06-12,96.03,pharmacy,mobile_app,IE,False,
t000434,acc_0008,2026-06-12,77.3,online retail,online_banking,IE,False,
t000514,acc_0009,2026-06-12,34.18,restaurants,card_not_present,IE,False,
t000595,acc_0011,2026-06-12,14.86,travel,card_present,IE,False,
t000636,acc_0012,2026-06-12,28.18,restaurants,mobile_app,IE,False,
t000693,acc_0013,2026-06-12,85.0,travel,online_banking,IE,False,
t000779,acc_0014,2026-06-12,25.5,fuel,mobile_app,IE,False,
t000882,acc_0016,2026-06-12,63.69,groceries,mobile_app,IE,False,
t000993,acc_0018,2026-06-12,212.25,travel,mobile_app,IE,False,
t001074,acc_0019,2026-06-12,70.52,electronics,card_present,IE,False,
t001140,acc_0020,2026-06-12,482.99,restaurants,card_present,IE,False,
t001207,acc_0021,2026-06-12,228.31,fuel,card_not_present,IE,False,
t001290,acc_0022,2026-06-12,14.22,restaurants,card_present,IE,False,
t001321,acc_0023,2026-06-12,59.75,pharmacy,card_not_present,IE,False,
t001518,acc_0028,2026-06-12,84.33,electronics,card_present,IE,False,
t001658,acc_0031,2026-06-12,18.11,online retail,card_not_present,IE,False,
t001743,acc_0033,2026-06-12,44.26,transfer,mobile_app,IE,False,
t001829,acc_0034,2026-06-12,73.37,utilities,mobile_app,IE,False,
t001898,acc_0035,2026-06-12,14.53,electronics,online_banking,IE,False,
t001969,acc_0038,2026-06-12,131.9,restaurants,online_banking,IE,False,
t002161,acc_0044,2026-06-12,18.52,utilities,card_present,IE,False,
t002251,acc_0045,2026-06-12,68.45,transfer,online_banking,IE,False,
t002336,acc_0047,2026-06-12,261.03,electronics,card_not_present,IE,False,
t002469,acc_0050,2026-06-12,13.32,online retail,online_banking,IE,False,
t002579,acc_0052,2026-06-12,18.63,transfer,online_banking,IE,False,
t002780,acc_0056,2026-06-12,12.97,electronics,mobile_app,IE,False,
t002860,acc_0057,2026-06-12,110.87,utilities,online_banking,IE,False,
t002950,acc_0058,2026-06-12,239.48,utilities,card_present,IE,False,
t003019,acc_0059,2026-06-12,162.77,travel,card_present,IE,False,
t003088,acc_0060,2026-06-12,80.56,transfer,card_present,IE,False,
t003170,acc_0061,2026-06-12,82.12,travel,card_present,IE,False,
t003260,acc_0062,2026-06-12,115.52,fuel,card_present,IE,False,
t003350,acc_0063,2026-06-12,109.56,restaurants,card_present,IE,False,
t003400,acc_0064,2026-06-12,44.71,electronics,mobile_app,IE,False,
t003483,acc_0065,2026-06-12,55.63,fuel,online_banking,IE,False,
t003548,acc_0066,2026-06-12,106.1,utilities,online_banking,IE,False,
t003634,acc_0067,2026-06-12,54.47,groceries,online_banking,IE,False,
t003724,acc_0068,2026-06-12,105.67,online retail,card_present,IE,False,
t003813,acc_0070,2026-06-12,184.88,travel,card_present,IE,False,
t003896,acc_0071,2026-06-12,29.95,utilities,online_banking,IE,False,
t003983,acc_0073,2026-06-12,124.68,utilities,card_not_present,IE,False,
t004062,acc_0075,2026-06-12,96.32,online retail,mobile_app,IE,False,
t004155,acc_0078,2026-06-12,14.96,groceries,card_not_present,IE,False,
t004286,acc_0081,2026-06-12,75.81,pharmacy,mobile_app,IE,False,
t004333,acc_0082,2026-06-12,6.53,online retail,mobile_app,IE,False,
t004373,acc_0083,2026-06-12,102.3,travel,card_not_present,IE,False,
t004419,acc_0084,2026-06-12,208.63,pharmacy,card_not_present,IE,False,
t004544,acc_0086,2026-06-12,187.15,restaurants,card_not_present,IE,False,
t004616,acc_0087,2026-06-12,311.0,utilities,card_not_present,IE,False,
t004702,acc_0088,2026-06-12,105.67,restaurants,online_banking,IE,False,
t004792,acc_0089,2026-06-12,20.64,pharmacy,card_present,IE,False,
t004864,acc_0090,2026-06-12,213.91,pharmacy,mobile_app,IE,False,
t004916,acc_0092,2026-06-12,310.24,transfer,mobile_app,IE,False,
t005029,acc_0095,2026-06-12,32.43,fuel,card_not_present,IE,False,
t005070,acc_0096,2026-06-12,52.27,fuel,online_banking,IE,False,
t005104,acc_0097,2026-06-12,19.75,groceries,mobile_app,IE,False,
t005219,acc_0099,2026-06-12,23.02,online retail,mobile_app,IE,False,
t005323,acc_0101,2026-06-12,36.01,online retail,mobile_app,IE,False,
t005452,acc_0103,2026-06-12,52.35,travel,online_banking,IE,False,
t005521,acc_0104,2026-06-12,53.12,travel,card_present,IE,False,
t005603,acc_0105,2026-06-12,63.36,groceries,card_not_present,IE,False,
t005834,acc_0110,2026-06-12,70.69,transfer,card_present,IE,False,
t005903,acc_0111,2026-06-12,176.73,travel,mobile_app,IE,False,
t006028,acc_0113,2026-06-12,197.85,groceries,card_not_present,IE,False,
t006119,acc_0115,2026-06-12,23.97,pharmacy,card_not_present,IE,False,
t006159,acc_0116,2026-06-12,391.5,fuel,online_banking,IE,False,
t006262,acc_0118,2026-06-12,97.58,fuel,online_banking,IE,False,
t006344,acc_0120,2026-06-12,10.14,online retail,card_present,IE,False,
t006470,acc_0122,2026-06-12,32.5,online retail,online_banking,IE,False,
t006613,acc_0125,2026-06-12,38.4,restaurants,card_present,IE,False,
t006694,acc_0126,2026-06-12,84.09,groceries,card_present,IE,False,
t006845,acc_0128,2026-06-12,14.41,transfer,card_present,IE,False,
t006987,acc_0131,2026-06-12,47.05,pharmacy,card_not_present,IE,False,
t007057,acc_0132,2026-06-12,200.28,transfer,online_banking,IE,False,
t007146,acc_0135,2026-06-12,191.64,fuel,card_present,IE,False,
t007225,acc_0136,2026-06-12,86.36,pharmacy,card_not_present,IE,False,
t007349,acc_0139,2026-06-12,27.3,transfer,card_not_present,IE,False,
t007413,acc_0140,2026-06-12,286.33,travel,mobile_app,IE,False,
t007534,acc_0142,2026-06-12,194.82,electronics,card_present,IE,False,
t007710,acc_0147,2026-06-12,30.83,transfer,card_not_present,IE,False,
t007774,acc_0148,2026-06-12,50.59,travel,mobile_app,IE,False,
t007860,acc_0149,2026-06-12,47.1,fuel,mobile_app,IE,False,
t007920,acc_0151,2026-06-12,18.79,travel,online_banking,IE,False,
t008008,acc_0154,2026-06-12,38.19,utilities,mobile_app,IE,False,
t008064,acc_0155,2026-06-12,403.34,online retail,mobile_app,IE,False,
t008102,acc_0156,2026-06-12,25.49,utilities,online_banking,IE,False,
t008179,acc_0157,2026-06-12,260.37,restaurants,card_not_present,IE,False,
t008248,acc_0158,2026-06-12,12.42,online retail,online_banking,IE,False,
t008436,acc_0161,2026-06-12,407.28,fuel,card_present,IE,False,
t008479,acc_0162,2026-06-12,12.05,fuel,card_not_present,IE,False,
t008538,acc_0163,2026-06-12,224.87,electronics,mobile_app,IE,False,
t008643,acc_0165,2026-06-12,32.68,electronics,mobile_app,IE,False,
t008726,acc_0166,2026-06-12,50.13,utilities,mobile_app,IE,False,
t008838,acc_0168,2026-06-12,73.75,utilities,card_present,IE,False,
t008958,acc_0170,2026-06-12,135.7,utilities,online_banking,IE,False,
t009048,acc_0171,2026-06-12,49.42,groceries,online_banking,IE,False,
t009138,acc_0172,2026-06-12,76.65,fuel,card_present,IE,False,
t009264,acc_0174,2026-06-12,49.17,transfer,online_banking,IE,False,
t009336,acc_0175,2026-06-12,51.7,utilities,card_present,IE,False,
t009421,acc_0176,2026-06-12,98.39,restaurants,card_not_present,IE,False,
t009482,acc_0177,2026-06-12,16.4,transfer,card_not_present,IE,False,
t009566,acc_0178,2026-06-12,19.93,online retail,online_banking,IE,False,
t009632,acc_0179,2026-06-12,66.36,transfer,card_not_present,IE,False,
t009684,acc_0180,2026-06-12,22.69,pharmacy,mobile_app,IE,False,
t009771,acc_0181,2026-06-12,46.99,online retail,card_present,IE,False,
t009861,acc_0182,2026-06-12,43.58,utilities,mobile_app,IE,False,
t009944,acc_0185,2026-06-12,42.77,groceries,online_banking,IE,False,
t009982,acc_0186,2026-06-12,64.82,pharmacy,mobile_app,IE,False,
t010124,acc_0189,2026-06-12,207.81,utilities,mobile_app,IE,False,
t010214,acc_0190,2026-06-12,35.72,transfer,mobile_app,IE,False,
t010423,acc_0195,2026-06-12,203.94,groceries,card_not_present,IE,False,
t010464,acc_0196,2026-06-12,10.31,electronics,online_banking,IE,False,
t010521,acc_0197,2026-06-12,55.59,travel,card_not_present,IE,False,
t010616,acc_0199,2026-06-12,26.61,utilities,mobile_app,IE,False,
t010718,acc_0034,2026-06-12,509.52,travel,card_present,RO,True,new_country_new_device
t010719,acc_0034,2026-06-12,425.49,travel,card_present,UA,True,new_country_new_device
t010866,acc_0115,2026-06-12,985.0,transfer,online_banking,IE,False,threshold_structuring
t010883,acc_0123,2026-06-12,990.0,transfer,online_banking,IE,False,threshold_structuring
t010884,acc_0123,2026-06-12,990.0,transfer,online_banking,IE,False,threshold_structuring
t011049,acc_0179,2026-06-12,995.0,transfer,online_banking,IE,False,threshold_structuring
t000192,acc_0003,2026-06-13,89.69,transfer,card_present,IE,False,
t000329,acc_0006,2026-06-13,187.08,fuel,card_not_present,IE,False,
t000435,acc_0008,2026-06-13,221.32,travel,card_not_present,IE,False,
t000515,acc_0009,2026-06-13,61.31,restaurants,online_banking,IE,False,
t000596,acc_0011,2026-06-13,16.14,travel,online_banking,IE,False,
t000637,acc_0012,2026-06-13,13.86,fuel,card_not_present,IE,False,
t000694,acc_0013,2026-06-13,427.67,fuel,card_not_present,IE,False,
t000780,acc_0014,2026-06-13,14.89,travel,online_banking,IE,False,
t000808,acc_0015,2026-06-13,37.87,pharmacy,card_present,IE,False,
t000883,acc_0016,2026-06-13,68.13,utilities,card_not_present,IE,False,
t000958,acc_0017,2026-06-13,256.37,pharmacy,mobile_app,IE,False,
t001075,acc_0019,2026-06-13,178.47,fuel,mobile_app,IE,False,
t001141,acc_0020,2026-06-13,291.96,electronics,card_present,IE,False,
t001291,acc_0022,2026-06-13,40.22,restaurants,card_not_present,IE,False,
t001417,acc_0025,2026-06-13,69.67,travel,card_not_present,IE,False,
t001659,acc_0031,2026-06-13,42.03,transfer,card_present,IE,False,
t001744,acc_0033,2026-06-13,114.16,fuel,online_banking,IE,False,
t001830,acc_0034,2026-06-13,229.75,travel,online_banking,IE,False,
t001899,acc_0035,2026-06-13,36.37,online retail,mobile_app,IE,False,
t001970,acc_0038,2026-06-13,60.15,transfer,mobile_app,IE,False,
t002009,acc_0039,2026-06-13,413.83,transfer,card_not_present,IE,False,
t002162,acc_0044,2026-06-13,36.47,travel,card_present,IE,False,
t002252,acc_0045,2026-06-13,94.86,pharmacy,card_present,IE,False,
t002470,acc_0050,2026-06-13,16.89,travel,online_banking,IE,False,
t002535,acc_0051,2026-06-13,282.83,transfer,online_banking,IE,False,
t002637,acc_0053,2026-06-13,8.19,utilities,online_banking,IE,False,
t002702,acc_0054,2026-06-13,18.32,pharmacy,online_banking,IE,False,
t002861,acc_0057,2026-06-13,125.77,pharmacy,online_banking,IE,False,
t002951,acc_0058,2026-06-13,181.81,transfer,online_banking,IE,False,
t003020,acc_0059,2026-06-13,237.24,restaurants,online_banking,IE,False,
t003089,acc_0060,2026-06-13,37.59,pharmacy,online_banking,IE,False,
t003171,acc_0061,2026-06-13,191.96,groceries,card_present,IE,False,
t003261,acc_0062,2026-06-13,88.25,utilities,online_banking,IE,False,
t003351,acc_0063,2026-06-13,313.39,transfer,card_present,IE,False,
t003484,acc_0065,2026-06-13,93.61,transfer,card_not_present,IE,False,
t003635,acc_0067,2026-06-13,31.65,fuel,card_not_present,IE,False,
t003725,acc_0068,2026-06-13,77.64,travel,mobile_app,IE,False,
t003897,acc_0071,2026-06-13,8.41,pharmacy,card_present,IE,False,
t003932,acc_0072,2026-06-13,58.67,utilities,card_not_present,IE,False,
t003984,acc_0073,2026-06-13,114.66,electronics,online_banking,IE,False,
t004063,acc_0075,2026-06-13,144.96,online retail,mobile_app,IE,False,
t004175,acc_0079,2026-06-13,62.28,groceries,online_banking,IE,False,
t004287,acc_0081,2026-06-13,178.97,fuel,card_present,IE,False,
t004420,acc_0084,2026-06-13,215.07,restaurants,card_present,IE,False,
t004545,acc_0086,2026-06-13,126.08,fuel,card_not_present,IE,False,
t004617,acc_0087,2026-06-13,84.76,online retail,card_present,IE,False,
t004703,acc_0088,2026-06-13,61.34,fuel,mobile_app,IE,False,
t004793,acc_0089,2026-06-13,38.35,fuel,online_banking,IE,False,
t004865,acc_0090,2026-06-13,88.55,groceries,mobile_app,IE,False,
t004931,acc_0093,2026-06-13,22.57,pharmacy,card_present,IE,False,
t005030,acc_0095,2026-06-13,24.14,travel,card_present,IE,False,
t005071,acc_0096,2026-06-13,70.55,online retail,card_not_present,IE,False,
t005220,acc_0099,2026-06-13,93.28,pharmacy,card_present,IE,False,
t005266,acc_0100,2026-06-13,255.58,travel,online_banking,IE,False,
t005371,acc_0102,2026-06-13,35.06,utilities,mobile_app,IE,False,
t005453,acc_0103,2026-06-13,162.66,groceries,card_not_present,IE,False,
t005604,acc_0105,2026-06-13,181.23,online retail,card_not_present,IE,False,
t005638,acc_0106,2026-06-13,299.04,travel,card_not_present,IE,False,
t005693,acc_0107,2026-06-13,72.65,online retail,card_present,IE,False,
t005733,acc_0108,2026-06-13,7.97,electronics,card_present,IE,False,
t005835,acc_0110,2026-06-13,49.87,pharmacy,mobile_app,IE,False,
t005904,acc_0111,2026-06-13,252.33,pharmacy,online_banking,IE,False,
t006029,acc_0113,2026-06-13,284.15,transfer,online_banking,IE,False,
t006093,acc_0114,2026-06-13,30.54,utilities,mobile_app,IE,False,
t006160,acc_0116,2026-06-13,82.97,groceries,card_not_present,IE,False,
t006202,acc_0117,2026-06-13,64.07,transfer,card_present,IE,False,
t006263,acc_0118,2026-06-13,120.41,restaurants,mobile_app,IE,False,
t006471,acc_0122,2026-06-13,34.84,pharmacy,card_not_present,IE,False,
t006543,acc_0123,2026-06-13,43.32,restaurants,online_banking,IE,False,
t006614,acc_0125,2026-06-13,29.72,electronics,card_not_present,IE,False,
t006695,acc_0126,2026-06-13,141.28,fuel,card_not_present,IE,False,
t006760,acc_0127,2026-06-13,59.13,transfer,card_present,IE,False,
t006846,acc_0128,2026-06-13,31.85,fuel,mobile_app,IE,False,
t006988,acc_0131,2026-06-13,45.81,pharmacy,card_not_present,IE,False,
t007058,acc_0132,2026-06-13,293.61,utilities,online_banking,IE,False,
t007097,acc_0133,2026-06-13,200.88,pharmacy,card_present,IE,False,
t007226,acc_0136,2026-06-13,100.41,transfer,card_present,IE,False,
t007273,acc_0137,2026-06-13,186.62,restaurants,online_banking,IE,False,
t007414,acc_0140,2026-06-13,144.18,utilities,online_banking,IE,False,
t007535,acc_0142,2026-06-13,368.64,online retail,mobile_app,IE,False,
t007711,acc_0147,2026-06-13,48.54,fuel,card_not_present,IE,False,
t007775,acc_0148,2026-06-13,53.8,transfer,mobile_app,IE,False,
t007861,acc_0149,2026-06-13,130.12,online retail,online_banking,IE,False,
t008180,acc_0157,2026-06-13,459.97,pharmacy,mobile_app,IE,False,
t008306,acc_0159,2026-06-13,14.58,groceries,mobile_app,IE,False,
t008437,acc_0161,2026-06-13,154.41,travel,online_banking,IE,False,
t008539,acc_0163,2026-06-13,325.44,groceries,card_not_present,IE,False,
t008644,acc_0165,2026-06-13,28.72,travel,card_present,IE,False,
t008727,acc_0166,2026-06-13,119.71,restaurants,card_not_present,IE,False,
t008839,acc_0168,2026-06-13,171.66,online retail,card_not_present,IE,False,
t008881,acc_0169,2026-06-13,81.58,online retail,card_present,IE,False,
t008959,acc_0170,2026-06-13,44.92,fuel,card_not_present,IE,False,
t009049,acc_0171,2026-06-13,33.04,electronics,card_not_present,IE,False,
t009139,acc_0172,2026-06-13,55.47,online retail,card_present,IE,False,
t009265,acc_0174,2026-06-13,60.7,fuel,card_not_present,IE,False,
t009422,acc_0176,2026-06-13,148.23,groceries,mobile_app,IE,False,
t009567,acc_0178,2026-06-13,28.17,groceries,card_not_present,IE,False,
t009685,acc_0180,2026-06-13,146.81,restaurants,card_present,IE,False,
t009772,acc_0181,2026-06-13,47.05,pharmacy,card_not_present,IE,False,
t009862,acc_0182,2026-06-13,44.44,electronics,card_present,IE,False,
t009945,acc_0185,2026-06-13,57.59,travel,online_banking,IE,False,
t010125,acc_0189,2026-06-13,119.1,groceries,card_present,IE,False,
t010215,acc_0190,2026-06-13,127.23,pharmacy,card_not_present,IE,False,
t010318,acc_0193,2026-06-13,52.3,transfer,online_banking,IE,False,
t010424,acc_0195,2026-06-13,135.41,transfer,card_not_present,IE,False,
t010465,acc_0196,2026-06-13,8.45,fuel,card_not_present,IE,False,
t010557,acc_0198,2026-06-13,345.65,groceries,online_banking,IE,False,
t010617,acc_0199,2026-06-13,21.07,online retail,card_not_present,IE,False,
t010885,acc_0123,2026-06-13,985.0,transfer,online_banking,IE,False,threshold_structuring
t000030,acc_0000,2026-06-14,146.49,pharmacy,mobile_app,IE,False,
t000085,acc_0001,2026-06-14,125.14,online retail,card_present,IE,False,
t000193,acc_0003,2026-06-14,208.12,travel,mobile_app,IE,False,
t000285,acc_0005,2026-06-14,107.39,pharmacy,card_not_present,IE,False,
t000388,acc_0007,2026-06-14,61.93,restaurants,card_present,IE,False,
t000436,acc_0008,2026-06-14,171.67,online retail,online_banking,IE,False,
t000516,acc_0009,2026-06-14,47.94,utilities,card_present,IE,False,
t000638,acc_0012,2026-06-14,6.43,electronics,online_banking,IE,False,
t000695,acc_0013,2026-06-14,161.51,utilities,card_not_present,IE,False,
t000781,acc_0014,2026-06-14,14.4,transfer,mobile_app,IE,False,
t000884,acc_0016,2026-06-14,175.55,restaurants,online_banking,IE,False,
t000959,acc_0017,2026-06-14,308.72,pharmacy,mobile_app,IE,False,
t001076,acc_0019,2026-06-14,62.39,travel,card_present,IE,False,
t001142,acc_0020,2026-06-14,191.82,utilities,mobile_app,IE,False,
t001208,acc_0021,2026-06-14,102.97,groceries,card_present,IE,False,
t001292,acc_0022,2026-06-14,45.83,transfer,online_banking,IE,False,
t001418,acc_0025,2026-06-14,49.16,utilities,card_not_present,IE,False,
t001487,acc_0027,2026-06-14,14.59,electronics,card_present,IE,False,
t001660,acc_0031,2026-06-14,120.53,electronics,mobile_app,IE,False,
t001745,acc_0033,2026-06-14,466.21,pharmacy,mobile_app,IE,False,
t001831,acc_0034,2026-06-14,112.61,groceries,card_not_present,IE,False,
t001971,acc_0038,2026-06-14,169.69,utilities,mobile_app,IE,False,
t002068,acc_0042,2026-06-14,244.09,pharmacy,card_present,IE,False,
t002163,acc_0044,2026-06-14,17.07,electronics,mobile_app,IE,False,
t002253,acc_0045,2026-06-14,134.0,transfer,mobile_app,IE,False,
t002337,acc_0047,2026-06-14,92.97,utilities,online_banking,IE,False,
t002471,acc_0050,2026-06-14,9.84,fuel,card_present,IE,False,
t002536,acc_0051,2026-06-14,243.34,transfer,online_banking,IE,False,
t002638,acc_0053,2026-06-14,32.57,online retail,mobile_app,IE,False,
t002703,acc_0054,2026-06-14,28.25,online retail,card_present,IE,False,
t002746,acc_0055,2026-06-14,114.05,electronics,card_present,IE,False,
t002862,acc_0057,2026-06-14,106.06,travel,card_present,IE,False,
t002952,acc_0058,2026-06-14,266.16,transfer,mobile_app,IE,False,
t003090,acc_0060,2026-06-14,59.06,pharmacy,card_present,IE,False,
t003172,acc_0061,2026-06-14,142.53,travel,card_not_present,IE,False,
t003262,acc_0062,2026-06-14,81.43,travel,card_present,IE,False,
t003352,acc_0063,2026-06-14,447.45,online retail,online_banking,IE,False,
t003485,acc_0065,2026-06-14,70.26,electronics,mobile_app,IE,False,
t003549,acc_0066,2026-06-14,77.29,utilities,mobile_app,IE,False,
t003636,acc_0067,2026-06-14,57.2,electronics,card_present,IE,False,
t003726,acc_0068,2026-06-14,145.48,online retail,card_present,IE,False,
t003759,acc_0069,2026-06-14,8.64,electronics,card_not_present,IE,False,
t003898,acc_0071,2026-06-14,7.58,restaurants,mobile_app,IE,False,
t004156,acc_0078,2026-06-14,37.44,fuel,online_banking,IE,False,
t004209,acc_0080,2026-06-14,35.22,online retail,mobile_app,IE,False,
t004288,acc_0081,2026-06-14,55.01,electronics,online_banking,IE,False,
t004421,acc_0084,2026-06-14,192.85,travel,card_not_present,IE,False,
t004467,acc_0085,2026-06-14,583.79,utilities,card_present,IE,False,
t004546,acc_0086,2026-06-14,166.05,restaurants,mobile_app,IE,False,
t004618,acc_0087,2026-06-14,379.27,utilities,card_present,IE,False,
t004704,acc_0088,2026-06-14,50.92,restaurants,card_not_present,IE,False,
t004794,acc_0089,2026-06-14,20.44,utilities,card_present,IE,False,
t004884,acc_0091,2026-06-14,28.41,online retail,card_not_present,IE,False,
t005031,acc_0095,2026-06-14,49.71,restaurants,card_present,IE,False,
t005072,acc_0096,2026-06-14,227.97,electronics,card_present,IE,False,
t005139,acc_0098,2026-06-14,88.06,utilities,mobile_app,IE,False,
t005221,acc_0099,2026-06-14,105.05,online retail,mobile_app,IE,False,
t005324,acc_0101,2026-06-14,40.67,transfer,card_present,IE,False,
t005372,acc_0102,2026-06-14,54.34,transfer,online_banking,IE,False,
t005454,acc_0103,2026-06-14,68.21,utilities,mobile_app,IE,False,
t005522,acc_0104,2026-06-14,41.86,restaurants,card_present,IE,False,
t005605,acc_0105,2026-06-14,68.0,electronics,card_not_present,IE,False,
t005639,acc_0106,2026-06-14,525.22,electronics,card_present,IE,False,
t005694,acc_0107,2026-06-14,227.16,electronics,online_banking,IE,False,
t005836,acc_0110,2026-06-14,26.55,utilities,card_present,IE,False,
t005905,acc_0111,2026-06-14,204.78,utilities,card_not_present,IE,False,
t005949,acc_0112,2026-06-14,76.56,transfer,mobile_app,IE,False,
t006030,acc_0113,2026-06-14,358.51,transfer,card_not_present,IE,False,
t006094,acc_0114,2026-06-14,13.41,fuel,online_banking,IE,False,
t006264,acc_0118,2026-06-14,25.33,fuel,card_present,IE,False,
t006388,acc_0121,2026-06-14,10.56,restaurants,online_banking,IE,False,
t006472,acc_0122,2026-06-14,13.57,transfer,card_not_present,IE,False,
t006544,acc_0123,2026-06-14,66.09,transfer,card_present,IE,False,
t006615,acc_0125,2026-06-14,48.4,restaurants,mobile_app,IE,False,
t006696,acc_0126,2026-06-14,97.28,fuel,card_not_present,IE,False,
t006847,acc_0128,2026-06-14,9.46,electronics,online_banking,IE,False,
t006875,acc_0129,2026-06-14,43.31,fuel,mobile_app,IE,False,
t006989,acc_0131,2026-06-14,53.41,pharmacy,card_present,IE,False,
t007059,acc_0132,2026-06-14,211.49,transfer,online_banking,IE,False,
t007147,acc_0135,2026-06-14,88.58,pharmacy,mobile_app,IE,False,
t007227,acc_0136,2026-06-14,27.56,electronics,mobile_app,IE,False,
t007274,acc_0137,2026-06-14,208.59,utilities,card_not_present,IE,False,
t007350,acc_0139,2026-06-14,40.72,travel,mobile_app,IE,False,
t007415,acc_0140,2026-06-14,134.73,groceries,card_present,IE,False,
t007457,acc_0141,2026-06-14,25.41,electronics,online_banking,IE,False,
t007536,acc_0142,2026-06-14,87.33,online retail,card_not_present,IE,False,
t007712,acc_0147,2026-06-14,18.0,restaurants,card_present,IE,False,
t007862,acc_0149,2026-06-14,93.73,utilities,mobile_app,IE,False,
t008009,acc_0154,2026-06-14,27.56,transfer,card_present,IE,False,
t008181,acc_0157,2026-06-14,93.28,fuel,card_present,IE,False,
t008307,acc_0159,2026-06-14,18.88,transfer,online_banking,IE,False,
t008438,acc_0161,2026-06-14,89.7,pharmacy,card_present,IE,False,
t008480,acc_0162,2026-06-14,23.65,utilities,mobile_app,IE,False,
t008645,acc_0165,2026-06-14,85.42,groceries,card_not_present,IE,False,
t008728,acc_0166,2026-06-14,81.94,fuel,online_banking,IE,False,
t008840,acc_0168,2026-06-14,138.04,groceries,mobile_app,IE,False,
t008960,acc_0170,2026-06-14,137.59,fuel,online_banking,IE,False,
t009050,acc_0171,2026-06-14,115.39,restaurants,card_not_present,IE,False,
t009140,acc_0172,2026-06-14,73.4,pharmacy,card_not_present,IE,False,
t009266,acc_0174,2026-06-14,79.28,pharmacy,mobile_app,IE,False,
t009337,acc_0175,2026-06-14,15.71,travel,mobile_app,IE,False,
t009423,acc_0176,2026-06-14,119.68,online retail,card_not_present,IE,False,
t009483,acc_0177,2026-06-14,20.39,utilities,online_banking,IE,False,
t009568,acc_0178,2026-06-14,45.31,pharmacy,card_present,IE,False,
t009686,acc_0180,2026-06-14,50.43,transfer,card_not_present,IE,False,
t009773,acc_0181,2026-06-14,54.25,groceries,mobile_app,IE,False,
t009863,acc_0182,2026-06-14,139.23,pharmacy,online_banking,IE,False,
t009946,acc_0185,2026-06-14,37.08,travel,card_not_present,IE,False,
t010043,acc_0188,2026-06-14,23.31,pharmacy,online_banking,IE,False,
t010126,acc_0189,2026-06-14,361.63,groceries,online_banking,IE,False,
t010216,acc_0190,2026-06-14,46.78,groceries,mobile_app,IE,False,
t010251,acc_0191,2026-06-14,104.54,travel,card_not_present,IE,False,
t010319,acc_0193,2026-06-14,100.4,utilities,mobile_app,IE,False,
t010367,acc_0194,2026-06-14,93.76,electronics,card_not_present,IE,False,
t010425,acc_0195,2026-06-14,173.24,utilities,online_banking,IE,False,
t010466,acc_0196,2026-06-14,39.89,utilities,mobile_app,IE,False,
t010522,acc_0197,2026-06-14,46.92,pharmacy,card_not_present,IE,False,
t010618,acc_0199,2026-06-14,10.69,online retail,card_not_present,IE,False,
t010750,acc_0049,2026-06-14,114.97,online retail,card_not_present,IE,False,rapid_burst
t010751,acc_0049,2026-06-14,95.4,online retail,card_not_present,IE,False,rapid_burst
t010752,acc_0049,2026-06-14,81.3,online retail,card_not_present,IE,False,rapid_burst
t010753,acc_0049,2026-06-14,82.0,online retail,card_not_present,IE,False,rapid_burst
t010754,acc_0049,2026-06-14,76.07,online retail,card_not_present,IE,False,rapid_burst
t010755,acc_0049,2026-06-14,64.57,online retail,card_not_present,IE,False,rapid_burst
t010756,acc_0049,2026-06-14,88.73,online retail,card_not_present,IE,False,rapid_burst
t010757,acc_0049,2026-06-14,115.22,online retail,card_not_present,IE,False,rapid_burst
t010758,acc_0049,2026-06-14,85.57,online retail,card_not_present,IE,False,rapid_burst
t010759,acc_0049,2026-06-14,66.21,online retail,card_not_present,IE,False,rapid_burst
t010760,acc_0051,2026-06-14,995.0,transfer,online_banking,IE,False,threshold_structuring
t010761,acc_0051,2026-06-14,985.0,transfer,online_banking,IE,False,threshold_structuring
t011017,acc_0168,2026-06-14,3914.93,electronics,card_not_present,IE,False,amount_spike
t000086,acc_0001,2026-06-15,124.97,restaurants,online_banking,IE,False,
t000194,acc_0003,2026-06-15,114.14,travel,mobile_app,IE,False,
t000221,acc_0004,2026-06-15,250.02,pharmacy,mobile_app,IE,False,
t000286,acc_0005,2026-06-15,60.11,fuel,card_not_present,IE,False,
t000389,acc_0007,2026-06-15,139.78,utilities,mobile_app,IE,False,
t000437,acc_0008,2026-06-15,800.89,pharmacy,mobile_app,IE,False,
t000517,acc_0009,2026-06-15,79.41,electronics,card_not_present,IE,False,
t000559,acc_0010,2026-06-15,19.42,online retail,card_present,IE,False,
t000696,acc_0013,2026-06-15,85.7,groceries,card_present,IE,False,
t000782,acc_0014,2026-06-15,20.6,pharmacy,card_not_present,IE,False,
t000885,acc_0016,2026-06-15,47.94,travel,online_banking,IE,False,
t000994,acc_0018,2026-06-15,65.85,groceries,card_not_present,IE,False,
t001077,acc_0019,2026-06-15,50.53,restaurants,online_banking,IE,False,
t001293,acc_0022,2026-06-15,13.08,travel,card_present,IE,False,
t001322,acc_0023,2026-06-15,40.17,restaurants,online_banking,IE,False,
t001362,acc_0024,2026-06-15,554.13,utilities,card_present,IE,False,
t001577,acc_0030,2026-06-15,262.86,fuel,online_banking,IE,False,
t001661,acc_0031,2026-06-15,36.94,pharmacy,card_present,IE,False,
t001832,acc_0034,2026-06-15,70.4,online retail,online_banking,IE,False,
t001900,acc_0035,2026-06-15,61.06,transfer,card_not_present,IE,False,
t001931,acc_0036,2026-06-15,90.93,restaurants,mobile_app,IE,False,
t001950,acc_0037,2026-06-15,80.38,online retail,online_banking,IE,False,
t001972,acc_0038,2026-06-15,372.81,pharmacy,mobile_app,IE,False,
t002048,acc_0041,2026-06-15,129.68,utilities,card_not_present,IE,False,
t002164,acc_0044,2026-06-15,53.0,restaurants,mobile_app,IE,False,
t002254,acc_0045,2026-06-15,110.34,travel,card_not_present,IE,False,
t002338,acc_0047,2026-06-15,62.39,transfer,card_present,IE,False,
t002472,acc_0050,2026-06-15,21.22,electronics,online_banking,IE,False,
t002537,acc_0051,2026-06-15,109.09,fuel,online_banking,IE,False,
t002781,acc_0056,2026-06-15,15.9,utilities,online_banking,IE,False,
t002863,acc_0057,2026-06-15,105.02,transfer,mobile_app,IE,False,
t002953,acc_0058,2026-06-15,212.59,fuel,mobile_app,IE,False,
t003021,acc_0059,2026-06-15,133.82,groceries,online_banking,IE,False,
t003173,acc_0061,2026-06-15,479.9,fuel,card_not_present,IE,False,
t003263,acc_0062,2026-06-15,92.27,groceries,card_present,IE,False,
t003353,acc_0063,2026-06-15,311.61,utilities,card_present,IE,False,
t003486,acc_0065,2026-06-15,62.82,online retail,mobile_app,IE,False,
t003637,acc_0067,2026-06-15,20.44,fuel,card_present,IE,False,
t003727,acc_0068,2026-06-15,414.35,utilities,card_not_present,IE,False,
t003899,acc_0071,2026-06-15,10.76,transfer,card_present,IE,False,
t003933,acc_0072,2026-06-15,104.55,groceries,card_present,IE,False,
t003985,acc_0073,2026-06-15,59.18,transfer,card_present,IE,False,
t004064,acc_0075,2026-06-15,97.78,electronics,card_not_present,IE,False,
t004134,acc_0077,2026-06-15,102.18,restaurants,card_not_present,IE,False,
t004289,acc_0081,2026-06-15,66.1,travel,card_present,IE,False,
t004422,acc_0084,2026-06-15,108.46,online retail,card_present,IE,False,
t004547,acc_0086,2026-06-15,63.61,pharmacy,card_not_present,IE,False,
t004705,acc_0088,2026-06-15,54.14,groceries,online_banking,IE,False,
t004795,acc_0089,2026-06-15,34.7,groceries,card_not_present,IE,False,
t004866,acc_0090,2026-06-15,61.28,fuel,online_banking,IE,False,
t004917,acc_0092,2026-06-15,65.51,utilities,mobile_app,IE,False,
t004932,acc_0093,2026-06-15,66.23,electronics,card_present,IE,False,
t005032,acc_0095,2026-06-15,18.19,restaurants,mobile_app,IE,False,
t005073,acc_0096,2026-06-15,40.14,online retail,card_not_present,IE,False,
t005105,acc_0097,2026-06-15,43.67,pharmacy,card_present,IE,False,
t005140,acc_0098,2026-06-15,57.84,restaurants,card_not_present,IE,False,
t005222,acc_0099,2026-06-15,68.88,pharmacy,mobile_app,IE,False,
t005325,acc_0101,2026-06-15,28.46,electronics,mobile_app,IE,False,
t005373,acc_0102,2026-06-15,56.91,transfer,mobile_app,IE,False,
t005455,acc_0103,2026-06-15,161.15,restaurants,mobile_app,IE,False,
t005523,acc_0104,2026-06-15,14.82,utilities,online_banking,IE,False,
t005606,acc_0105,2026-06-15,35.64,travel,card_present,IE,False,
t005760,acc_0109,2026-06-15,66.43,travel,mobile_app,IE,False,
t005837,acc_0110,2026-06-15,8.25,travel,mobile_app,IE,False,
t006031,acc_0113,2026-06-15,282.89,travel,mobile_app,IE,False,
t006203,acc_0117,2026-06-15,40.31,electronics,card_present,IE,False,
t006345,acc_0120,2026-06-15,17.46,restaurants,mobile_app,IE,False,
t006389,acc_0121,2026-06-15,7.89,groceries,card_present,IE,False,
t006473,acc_0122,2026-06-15,37.94,groceries,mobile_app,IE,False,
t006616,acc_0125,2026-06-15,6.83,travel,card_not_present,IE,False,
t006697,acc_0126,2026-06-15,193.1,electronics,online_banking,IE,False,
t006848,acc_0128,2026-06-15,16.34,restaurants,mobile_app,IE,False,
t006876,acc_0129,2026-06-15,74.07,online retail,card_not_present,IE,False,
t006990,acc_0131,2026-06-15,128.87,restaurants,card_present,IE,False,
t007060,acc_0132,2026-06-15,108.11,travel,online_banking,IE,False,
t007117,acc_0134,2026-06-15,9.48,utilities,card_present,IE,False,
t007228,acc_0136,2026-06-15,31.98,fuel,card_present,IE,False,
t007275,acc_0137,2026-06-15,82.03,transfer,mobile_app,IE,False,
t007295,acc_0138,2026-06-15,79.28,fuel,card_not_present,IE,False,
t007351,acc_0139,2026-06-15,87.14,travel,online_banking,IE,False,
t007458,acc_0141,2026-06-15,11.18,electronics,card_not_present,IE,False,
t007537,acc_0142,2026-06-15,236.91,utilities,mobile_app,IE,False,
t007616,acc_0145,2026-06-15,129.17,electronics,card_present,IE,False,
t007713,acc_0147,2026-06-15,53.41,pharmacy,mobile_app,IE,False,
t007776,acc_0148,2026-06-15,13.59,utilities,online_banking,IE,False,
t007863,acc_0149,2026-06-15,211.54,restaurants,card_present,IE,False,
t007921,acc_0151,2026-06-15,26.3,electronics,mobile_app,IE,False,
t008010,acc_0154,2026-06-15,22.1,restaurants,card_not_present,IE,False,
t008182,acc_0157,2026-06-15,397.4,restaurants,online_banking,IE,False,
t008249,acc_0158,2026-06-15,35.48,restaurants,mobile_app,IE,False,
t008439,acc_0161,2026-06-15,176.85,restaurants,card_present,IE,False,
t008540,acc_0163,2026-06-15,289.6,pharmacy,online_banking,IE,False,
t008576,acc_0164,2026-06-15,365.15,transfer,online_banking,IE,False,
t008646,acc_0165,2026-06-15,48.67,online retail,mobile_app,IE,False,
t008729,acc_0166,2026-06-15,88.61,restaurants,online_banking,IE,False,
t008841,acc_0168,2026-06-15,153.43,groceries,card_present,IE,False,
t008961,acc_0170,2026-06-15,200.56,utilities,online_banking,IE,False,
t009051,acc_0171,2026-06-15,29.81,utilities,online_banking,IE,False,
t009141,acc_0172,2026-06-15,113.59,electronics,mobile_app,IE,False,
t009267,acc_0174,2026-06-15,88.25,restaurants,card_not_present,IE,False,
t009338,acc_0175,2026-06-15,49.7,pharmacy,mobile_app,IE,False,
t009424,acc_0176,2026-06-15,226.41,pharmacy,card_present,IE,False,
t009484,acc_0177,2026-06-15,36.19,restaurants,online_banking,IE,False,
t009569,acc_0178,2026-06-15,36.06,fuel,card_present,IE,False,
t009633,acc_0179,2026-06-15,54.48,transfer,card_present,IE,False,
t009774,acc_0181,2026-06-15,67.22,travel,online_banking,IE,False,
t009864,acc_0182,2026-06-15,63.74,travel,card_not_present,IE,False,
t009983,acc_0186,2026-06-15,16.29,travel,online_banking,IE,False,
t010127,acc_0189,2026-06-15,353.01,transfer,mobile_app,IE,False,
t010217,acc_0190,2026-06-15,163.84,travel,card_not_present,IE,False,
t010320,acc_0193,2026-06-15,99.53,groceries,mobile_app,IE,False,
t010467,acc_0196,2026-06-15,20.43,pharmacy,online_banking,IE,False,
t010619,acc_0199,2026-06-15,9.48,groceries,mobile_app,IE,False,
t010744,acc_0047,2026-06-15,980.0,transfer,online_banking,IE,False,threshold_structuring
t010745,acc_0047,2026-06-15,990.0,transfer,online_banking,IE,False,threshold_structuring
t010762,acc_0051,2026-06-15,995.0,transfer,online_banking,IE,False,threshold_structuring
t010886,acc_0124,2026-06-15,2910.62,electronics,card_not_present,IE,False,amount_spike
t000087,acc_0001,2026-06-16,68.65,pharmacy,card_present,IE,False,
t000115,acc_0002,2026-06-16,209.53,groceries,card_present,IE,False,
t000195,acc_0003,2026-06-16,103.9,groceries,online_banking,IE,False,
t000222,acc_0004,2026-06-16,209.78,transfer,card_present,IE,False,
t000518,acc_0009,2026-06-16,57.36,fuel,mobile_app,IE,False,
t000560,acc_0010,2026-06-16,8.39,online retail,card_not_present,IE,False,
t000597,acc_0011,2026-06-16,31.57,fuel,card_present,IE,False,
t000783,acc_0014,2026-06-16,11.67,travel,online_banking,IE,False,
t000886,acc_0016,2026-06-16,63.01,groceries,card_present,IE,False,
t000960,acc_0017,2026-06-16,219.26,electronics,mobile_app,IE,False,
t000995,acc_0018,2026-06-16,84.2,transfer,online_banking,IE,False,
t001078,acc_0019,2026-06-16,74.82,utilities,mobile_app,IE,False,
t001294,acc_0022,2026-06-16,26.76,online retail,card_not_present,IE,False,
t001419,acc_0025,2026-06-16,42.52,utilities,card_present,IE,False,
t001488,acc_0027,2026-06-16,35.99,electronics,mobile_app,IE,False,
t001519,acc_0028,2026-06-16,239.36,utilities,mobile_app,IE,False,
t001578,acc_0030,2026-06-16,253.78,travel,card_not_present,IE,False,
t001662,acc_0031,2026-06-16,24.29,travel,card_present,IE,False,
t001833,acc_0034,2026-06-16,165.17,travel,mobile_app,IE,False,
t002069,acc_0042,2026-06-16,75.45,utilities,card_present,IE,False,
t002084,acc_0043,2026-06-16,14.18,fuel,mobile_app,IE,False,
t002165,acc_0044,2026-06-16,11.45,restaurants,card_not_present,IE,False,
t002255,acc_0045,2026-06-16,112.7,utilities,mobile_app,IE,False,
t002339,acc_0047,2026-06-16,383.61,pharmacy,card_present,IE,False,
t002394,acc_0049,2026-06-16,129.04,groceries,card_present,IE,False,
t002473,acc_0050,2026-06-16,11.18,transfer,mobile_app,IE,False,
t002538,acc_0051,2026-06-16,261.16,utilities,online_banking,IE,False,
t002639,acc_0053,2026-06-16,13.97,groceries,card_not_present,IE,False,
t002704,acc_0054,2026-06-16,26.67,electronics,card_not_present,IE,False,
t002864,acc_0057,2026-06-16,94.76,fuel,card_present,IE,False,
t002954,acc_0058,2026-06-16,388.51,pharmacy,card_not_present,IE,False,
t003091,acc_0060,2026-06-16,20.37,travel,card_present,IE,False,
t003174,acc_0061,2026-06-16,99.85,pharmacy,online_banking,IE,False,
t003264,acc_0062,2026-06-16,104.84,utilities,card_not_present,IE,False,
t003354,acc_0063,2026-06-16,397.04,pharmacy,card_not_present,IE,False,
t003401,acc_0064,2026-06-16,160.15,groceries,card_not_present,IE,False,
t003487,acc_0065,2026-06-16,26.15,electronics,card_not_present,IE,False,
t003638,acc_0067,2026-06-16,26.01,fuel,card_present,IE,False,
t003728,acc_0068,2026-06-16,98.6,online retail,card_not_present,IE,False,
t003814,acc_0070,2026-06-16,51.42,travel,card_present,IE,False,
t003900,acc_0071,2026-06-16,18.46,electronics,online_banking,IE,False,
t003986,acc_0073,2026-06-16,50.72,travel,mobile_app,IE,False,
t004065,acc_0075,2026-06-16,259.33,restaurants,mobile_app,IE,False,
t004116,acc_0076,2026-06-16,242.78,restaurants,card_not_present,IE,False,
t004290,acc_0081,2026-06-16,101.05,utilities,card_not_present,IE,False,
t004334,acc_0082,2026-06-16,12.69,fuel,card_not_present,IE,False,
t004423,acc_0084,2026-06-16,149.74,fuel,mobile_app,IE,False,
t004468,acc_0085,2026-06-16,273.24,fuel,card_not_present,IE,False,
t004548,acc_0086,2026-06-16,91.71,online retail,online_banking,IE,False,
t004706,acc_0088,2026-06-16,92.38,utilities,mobile_app,IE,False,
t004796,acc_0089,2026-06-16,65.14,restaurants,mobile_app,IE,False,
t005033,acc_0095,2026-06-16,141.5,transfer,mobile_app,IE,False,
t005223,acc_0099,2026-06-16,33.05,travel,card_present,IE,False,
t005326,acc_0101,2026-06-16,28.95,restaurants,mobile_app,IE,False,
t005456,acc_0103,2026-06-16,66.43,utilities,online_banking,IE,False,
t005607,acc_0105,2026-06-16,151.15,pharmacy,online_banking,IE,False,
t005838,acc_0110,2026-06-16,41.26,electronics,mobile_app,IE,False,
t006032,acc_0113,2026-06-16,123.86,transfer,online_banking,IE,False,
t006095,acc_0114,2026-06-16,10.55,transfer,card_present,IE,False,
t006265,acc_0118,2026-06-16,156.45,online retail,card_not_present,IE,False,
t006474,acc_0122,2026-06-16,36.9,electronics,online_banking,IE,False,
t006545,acc_0123,2026-06-16,75.1,utilities,mobile_app,IE,False,
t006698,acc_0126,2026-06-16,103.49,electronics,online_banking,IE,False,
t006761,acc_0127,2026-06-16,205.89,restaurants,mobile_app,IE,False,
t006849,acc_0128,2026-06-16,33.13,online retail,card_present,IE,False,
t006991,acc_0131,2026-06-16,46.78,pharmacy,card_present,IE,False,
t007098,acc_0133,2026-06-16,176.85,electronics,mobile_app,IE,False,
t007148,acc_0135,2026-06-16,73.36,transfer,card_not_present,IE,False,
t007229,acc_0136,2026-06-16,39.33,electronics,mobile_app,IE,False,
t007352,acc_0139,2026-06-16,71.99,travel,card_not_present,IE,False,
t007416,acc_0140,2026-06-16,187.7,online retail,card_not_present,IE,False,
t007459,acc_0141,2026-06-16,33.54,restaurants,mobile_app,IE,False,
t007538,acc_0142,2026-06-16,91.36,travel,mobile_app,IE,False,
t007637,acc_0146,2026-06-16,467.09,fuel,mobile_app,IE,False,
t007714,acc_0147,2026-06-16,59.29,electronics,card_present,IE,False,
t007777,acc_0148,2026-06-16,51.41,electronics,card_not_present,IE,False,
t007864,acc_0149,2026-06-16,191.33,fuel,card_present,IE,False,
t007893,acc_0150,2026-06-16,67.92,restaurants,online_banking,IE,False,
t008011,acc_0154,2026-06-16,41.04,travel,card_present,IE,False,
t008065,acc_0155,2026-06-16,164.94,electronics,mobile_app,IE,False,
t008103,acc_0156,2026-06-16,41.34,utilities,online_banking,IE,False,
t008183,acc_0157,2026-06-16,394.87,online retail,online_banking,IE,False,
t008250,acc_0158,2026-06-16,29.28,utilities,card_present,IE,False,
t008308,acc_0159,2026-06-16,20.49,electronics,card_not_present,IE,False,
t008440,acc_0161,2026-06-16,127.93,restaurants,card_not_present,IE,False,
t008541,acc_0163,2026-06-16,454.82,restaurants,card_present,IE,False,
t008577,acc_0164,2026-06-16,41.79,utilities,card_present,IE,False,
t008647,acc_0165,2026-06-16,46.86,transfer,online_banking,IE,False,
t008730,acc_0166,2026-06-16,65.94,online retail,online_banking,IE,False,
t008762,acc_0167,2026-06-16,132.34,transfer,online_banking,IE,False,
t008842,acc_0168,2026-06-16,92.46,groceries,mobile_app,IE,False,
t008962,acc_0170,2026-06-16,149.99,transfer,card_not_present,IE,False,
t009052,acc_0171,2026-06-16,85.61,pharmacy,online_banking,IE,False,
t009142,acc_0172,2026-06-16,90.46,utilities,online_banking,IE,False,
t009186,acc_0173,2026-06-16,36.07,electronics,online_banking,IE,False,
t009268,acc_0174,2026-06-16,96.54,restaurants,online_banking,IE,False,
t009339,acc_0175,2026-06-16,85.37,utilities,card_present,IE,False,
t009425,acc_0176,2026-06-16,63.6,transfer,card_not_present,IE,False,
t009570,acc_0178,2026-06-16,24.22,fuel,card_not_present,IE,False,
t009687,acc_0180,2026-06-16,18.97,online retail,mobile_app,IE,False,
t009775,acc_0181,2026-06-16,83.46,travel,card_not_present,IE,False,
t009865,acc_0182,2026-06-16,30.68,fuel,online_banking,IE,False,
t009947,acc_0185,2026-06-16,83.69,fuel,online_banking,IE,False,
t009984,acc_0186,2026-06-16,14.3,electronics,card_present,IE,False,
t010128,acc_0189,2026-06-16,251.91,online retail,card_present,IE,False,
t010218,acc_0190,2026-06-16,222.98,pharmacy,online_banking,IE,False,
t010321,acc_0193,2026-06-16,93.13,groceries,online_banking,IE,False,
t010426,acc_0195,2026-06-16,139.44,fuel,card_not_present,IE,False,
t010468,acc_0196,2026-06-16,10.34,online retail,mobile_app,IE,False,
t010523,acc_0197,2026-06-16,99.03,pharmacy,card_not_present,IE,False,
t010620,acc_0199,2026-06-16,5.96,transfer,card_present,IE,False,
t010721,acc_0037,2026-06-16,51.31,online retail,card_not_present,IE,False,rapid_burst
t010722,acc_0037,2026-06-16,55.9,online retail,card_not_present,IE,False,rapid_burst
t010723,acc_0037,2026-06-16,70.04,online retail,card_not_present,IE,False,rapid_burst
t010724,acc_0037,2026-06-16,53.84,online retail,card_not_present,IE,False,rapid_burst
t010725,acc_0037,2026-06-16,53.4,online retail,card_not_present,IE,False,rapid_burst
t010726,acc_0037,2026-06-16,41.94,online retail,card_not_present,IE,False,rapid_burst
t010727,acc_0037,2026-06-16,43.28,online retail,card_not_present,IE,False,rapid_burst
t010728,acc_0037,2026-06-16,67.53,online retail,card_not_present,IE,False,rapid_burst
t010729,acc_0037,2026-06-16,55.0,online retail,card_not_present,IE,False,rapid_burst
t010730,acc_0037,2026-06-16,67.31,online retail,card_not_present,IE,False,rapid_burst
t010746,acc_0047,2026-06-16,985.0,transfer,online_banking,IE,False,threshold_structuring
t010747,acc_0047,2026-06-16,985.0,transfer,online_banking,IE,False,threshold_structuring
t010792,acc_0072,2026-06-16,1415.3,electronics,card_not_present,IE,False,amount_spike
t010923,acc_0136,2026-06-16,1249.02,electronics,card_not_present,IE,False,amount_spike
t000088,acc_0001,2026-06-17,144.26,online retail,card_present,IE,False,
t000196,acc_0003,2026-06-17,241.82,travel,mobile_app,IE,False,
t000223,acc_0004,2026-06-17,199.33,pharmacy,card_not_present,IE,False,
t000287,acc_0005,2026-06-17,58.03,electronics,mobile_app,IE,False,
t000390,acc_0007,2026-06-17,68.7,electronics,card_present,IE,False,
t000519,acc_0009,2026-06-17,78.92,utilities,online_banking,IE,False,
t000561,acc_0010,2026-06-17,11.67,fuel,card_not_present,IE,False,
t000598,acc_0011,2026-06-17,13.12,online retail,mobile_app,IE,False,
t000697,acc_0013,2026-06-17,141.48,groceries,mobile_app,IE,False,
t000784,acc_0014,2026-06-17,24.59,transfer,online_banking,IE,False,
t000809,acc_0015,2026-06-17,120.83,restaurants,online_banking,IE,False,
t000887,acc_0016,2026-06-17,82.05,groceries,online_banking,IE,False,
t000961,acc_0017,2026-06-17,55.35,groceries,card_not_present,IE,False,
t001079,acc_0019,2026-06-17,113.58,fuel,mobile_app,IE,False,
t001209,acc_0021,2026-06-17,344.02,fuel,card_present,IE,False,
t001295,acc_0022,2026-06-17,28.41,online retail,online_banking,IE,False,
t001420,acc_0025,2026-06-17,42.64,electronics,mobile_app,IE,False,
t001489,acc_0027,2026-06-17,7.16,travel,card_not_present,IE,False,
t001579,acc_0030,2026-06-17,384.99,transfer,mobile_app,IE,False,
t001663,acc_0031,2026-06-17,35.33,restaurants,card_not_present,IE,False,
t001687,acc_0032,2026-06-17,169.49,restaurants,card_present,IE,False,
t001746,acc_0033,2026-06-17,47.59,fuel,card_present,IE,False,
t001834,acc_0034,2026-06-17,73.24,online retail,card_not_present,IE,False,
t001973,acc_0038,2026-06-17,48.49,utilities,online_banking,IE,False,
t002166,acc_0044,2026-06-17,94.52,utilities,mobile_app,IE,False,
t002256,acc_0045,2026-06-17,98.61,online retail,mobile_app,IE,False,
t002340,acc_0047,2026-06-17,106.14,utilities,card_present,IE,False,
t002474,acc_0050,2026-06-17,10.46,travel,mobile_app,IE,False,
t002539,acc_0051,2026-06-17,57.8,electronics,online_banking,IE,False,
t002640,acc_0053,2026-06-17,79.71,groceries,mobile_app,IE,False,
t002705,acc_0054,2026-06-17,6.36,transfer,card_not_present,IE,False,
t002747,acc_0055,2026-06-17,161.01,transfer,card_not_present,IE,False,
t002865,acc_0057,2026-06-17,261.5,restaurants,online_banking,IE,False,
t002955,acc_0058,2026-06-17,193.36,transfer,online_banking,IE,False,
t003022,acc_0059,2026-06-17,107.13,transfer,mobile_app,IE,False,
t003092,acc_0060,2026-06-17,217.58,pharmacy,online_banking,IE,False,
t003175,acc_0061,2026-06-17,185.46,pharmacy,mobile_app,IE,False,
t003265,acc_0062,2026-06-17,119.42,fuel,mobile_app,IE,False,
t003355,acc_0063,2026-06-17,156.36,pharmacy,online_banking,IE,False,
t003402,acc_0064,2026-06-17,83.23,electronics,card_not_present,IE,False,
t003488,acc_0065,2026-06-17,86.4,travel,card_present,IE,False,
t003550,acc_0066,2026-06-17,48.27,restaurants,card_present,IE,False,
t003639,acc_0067,2026-06-17,31.79,groceries,card_not_present,IE,False,
t003729,acc_0068,2026-06-17,52.04,travel,card_present,IE,False,
t003815,acc_0070,2026-06-17,30.22,travel,mobile_app,IE,False,
t003901,acc_0071,2026-06-17,22.15,electronics,online_banking,IE,False,
t003987,acc_0073,2026-06-17,117.97,pharmacy,card_present,IE,False,
t004066,acc_0075,2026-06-17,308.98,electronics,online_banking,IE,False,
t004157,acc_0078,2026-06-17,18.54,travel,card_present,IE,False,
t004291,acc_0081,2026-06-17,45.94,transfer,card_not_present,IE,False,
t004424,acc_0084,2026-06-17,452.63,utilities,mobile_app,IE,False,
t004549,acc_0086,2026-06-17,194.8,online retail,mobile_app,IE,False,
t004707,acc_0088,2026-06-17,90.33,fuel,mobile_app,IE,False,
t004797,acc_0089,2026-06-17,100.39,restaurants,card_present,IE,False,
t005034,acc_0095,2026-06-17,45.7,utilities,card_not_present,IE,False,
t005074,acc_0096,2026-06-17,72.08,utilities,card_not_present,IE,False,
t005224,acc_0099,2026-06-17,128.04,transfer,online_banking,IE,False,
t005327,acc_0101,2026-06-17,45.37,travel,online_banking,IE,False,
t005457,acc_0103,2026-06-17,46.3,utilities,mobile_app,IE,False,
t005524,acc_0104,2026-06-17,20.84,travel,mobile_app,IE,False,
t005608,acc_0105,2026-06-17,83.87,groceries,card_not_present,IE,False,
t005695,acc_0107,2026-06-17,94.99,fuel,card_present,IE,False,
t005839,acc_0110,2026-06-17,8.65,pharmacy,card_not_present,IE,False,
t005906,acc_0111,2026-06-17,179.62,travel,online_banking,IE,False,
t005950,acc_0112,2026-06-17,59.03,electronics,mobile_app,IE,False,
t006033,acc_0113,2026-06-17,213.3,online retail,card_present,IE,False,
t006096,acc_0114,2026-06-17,6.96,fuel,online_banking,IE,False,
t006120,acc_0115,2026-06-17,22.85,fuel,mobile_app,IE,False,
t006204,acc_0117,2026-06-17,19.06,restaurants,online_banking,IE,False,
t006266,acc_0118,2026-06-17,43.68,online retail,mobile_app,IE,False,
t006346,acc_0120,2026-06-17,23.7,transfer,card_not_present,IE,False,
t006390,acc_0121,2026-06-17,5.29,electronics,mobile_app,IE,False,
t006475,acc_0122,2026-06-17,132.56,transfer,card_present,IE,False,
t006546,acc_0123,2026-06-17,134.46,travel,card_present,IE,False,
t006580,acc_0124,2026-06-17,317.72,electronics,card_not_present,IE,False,
t006617,acc_0125,2026-06-17,13.97,pharmacy,online_banking,IE,False,
t006699,acc_0126,2026-06-17,113.95,transfer,mobile_app,IE,False,
t006762,acc_0127,2026-06-17,153.59,electronics,card_present,IE,False,
t006850,acc_0128,2026-06-17,10.62,transfer,mobile_app,IE,False,
t006877,acc_0129,2026-06-17,15.59,online retail,card_present,IE,False,
t006992,acc_0131,2026-06-17,34.68,transfer,mobile_app,IE,False,
t007061,acc_0132,2026-06-17,90.45,pharmacy,card_not_present,IE,False,
t007230,acc_0136,2026-06-17,58.09,restaurants,card_not_present,IE,False,
t007353,acc_0139,2026-06-17,41.03,utilities,card_not_present,IE,False,
t007417,acc_0140,2026-06-17,550.52,online retail,card_present,IE,False,
t007539,acc_0142,2026-06-17,545.06,groceries,mobile_app,IE,False,
t007617,acc_0145,2026-06-17,57.65,groceries,card_present,IE,False,
t007715,acc_0147,2026-06-17,53.71,pharmacy,card_not_present,IE,False,
t007778,acc_0148,2026-06-17,40.72,groceries,mobile_app,IE,False,
t007865,acc_0149,2026-06-17,245.53,pharmacy,online_banking,IE,False,
t007943,acc_0152,2026-06-17,137.21,travel,online_banking,IE,False,
t007967,acc_0153,2026-06-17,137.1,groceries,mobile_app,IE,False,
t008012,acc_0154,2026-06-17,25.49,transfer,card_present,IE,False,
t008184,acc_0157,2026-06-17,732.06,electronics,online_banking,IE,False,
t008251,acc_0158,2026-06-17,50.63,restaurants,online_banking,IE,False,
t008309,acc_0159,2026-06-17,17.42,fuel,online_banking,IE,False,
t008358,acc_0160,2026-06-17,151.74,electronics,card_present,IE,False,
t008441,acc_0161,2026-06-17,80.66,fuel,card_present,IE,False,
t008481,acc_0162,2026-06-17,33.47,electronics,online_banking,IE,False,
t008542,acc_0163,2026-06-17,317.23,utilities,card_not_present,IE,False,
t008731,acc_0166,2026-06-17,190.6,pharmacy,mobile_app,IE,False,
t008843,acc_0168,2026-06-17,175.12,pharmacy,mobile_app,IE,False,
t008963,acc_0170,2026-06-17,87.87,electronics,card_present,IE,False,
t009053,acc_0171,2026-06-17,50.2,travel,card_not_present,IE,False,
t009143,acc_0172,2026-06-17,56.92,restaurants,online_banking,IE,False,
t009269,acc_0174,2026-06-17,119.75,utilities,mobile_app,IE,False,
t009426,acc_0176,2026-06-17,297.44,transfer,online_banking,IE,False,
t009485,acc_0177,2026-06-17,29.93,online retail,card_not_present,IE,False,
t009571,acc_0178,2026-06-17,5.91,utilities,card_present,IE,False,
t009688,acc_0180,2026-06-17,39.31,utilities,online_banking,IE,False,
t009776,acc_0181,2026-06-17,18.22,pharmacy,card_present,IE,False,
t009866,acc_0182,2026-06-17,132.81,travel,card_present,IE,False,
t009985,acc_0186,2026-06-17,7.54,pharmacy,card_not_present,IE,False,
t010129,acc_0189,2026-06-17,210.72,travel,card_not_present,IE,False,
t010219,acc_0190,2026-06-17,73.55,utilities,online_banking,IE,False,
t010368,acc_0194,2026-06-17,128.89,restaurants,card_not_present,IE,False,
t010469,acc_0196,2026-06-17,6.73,fuel,online_banking,IE,False,
t010524,acc_0197,2026-06-17,89.31,electronics,mobile_app,IE,False,
t010748,acc_0047,2026-06-17,990.0,transfer,online_banking,IE,False,threshold_structuring
t011076,acc_0187,2026-06-17,990.0,transfer,online_banking,IE,False,threshold_structuring
t011077,acc_0187,2026-06-17,990.0,transfer,online_banking,IE,False,threshold_structuring
t000197,acc_0003,2026-06-18,55.69,transfer,card_present,IE,False,
t000288,acc_0005,2026-06-18,44.83,groceries,mobile_app,IE,False,
t000330,acc_0006,2026-06-18,90.79,transfer,online_banking,IE,False,
t000391,acc_0007,2026-06-18,28.59,pharmacy,mobile_app,IE,False,
t000438,acc_0008,2026-06-18,132.66,restaurants,online_banking,IE,False,
t000520,acc_0009,2026-06-18,44.96,electronics,mobile_app,IE,False,
t000562,acc_0010,2026-06-18,17.76,fuel,card_present,IE,False,
t000698,acc_0013,2026-06-18,178.68,online retail,card_not_present,IE,False,
t000785,acc_0014,2026-06-18,11.11,fuel,mobile_app,IE,False,
t000888,acc_0016,2026-06-18,55.88,restaurants,card_not_present,IE,False,
t000962,acc_0017,2026-06-18,106.37,pharmacy,card_present,IE,False,
t001080,acc_0019,2026-06-18,75.65,electronics,card_not_present,IE,False,
t001143,acc_0020,2026-06-18,80.87,utilities,card_present,IE,False,
t001296,acc_0022,2026-06-18,33.1,pharmacy,card_present,IE,False,
t001421,acc_0025,2026-06-18,51.44,restaurants,mobile_app,IE,False,
t001490,acc_0027,2026-06-18,11.5,online retail,mobile_app,IE,False,
t001520,acc_0028,2026-06-18,121.0,fuel,card_present,IE,False,
t001664,acc_0031,2026-06-18,37.91,pharmacy,card_present,IE,False,
t001747,acc_0033,2026-06-18,256.07,groceries,card_present,IE,False,
t001835,acc_0034,2026-06-18,60.94,travel,card_not_present,IE,False,
t001901,acc_0035,2026-06-18,38.14,online retail,card_not_present,IE,False,
t001932,acc_0036,2026-06-18,80.24,restaurants,online_banking,IE,False,
t002167,acc_0044,2026-06-18,41.65,groceries,mobile_app,IE,False,
t002257,acc_0045,2026-06-18,122.73,restaurants,card_present,IE,False,
t002475,acc_0050,2026-06-18,10.66,transfer,online_banking,IE,False,
t002540,acc_0051,2026-06-18,92.3,electronics,mobile_app,IE,False,
t002641,acc_0053,2026-06-18,20.76,pharmacy,online_banking,IE,False,
t002706,acc_0054,2026-06-18,13.92,transfer,mobile_app,IE,False,
t002866,acc_0057,2026-06-18,100.16,fuel,card_not_present,IE,False,
t002956,acc_0058,2026-06-18,617.25,transfer,online_banking,IE,False,
t003023,acc_0059,2026-06-18,132.18,pharmacy,card_not_present,IE,False,
t003176,acc_0061,2026-06-18,184.6,groceries,mobile_app,IE,False,
t003266,acc_0062,2026-06-18,117.28,fuel,online_banking,IE,False,
t003356,acc_0063,2026-06-18,252.06,transfer,mobile_app,IE,False,
t003489,acc_0065,2026-06-18,154.09,utilities,card_present,IE,False,
t003551,acc_0066,2026-06-18,26.8,online retail,mobile_app,IE,False,
t003640,acc_0067,2026-06-18,83.15,pharmacy,mobile_app,IE,False,
t003730,acc_0068,2026-06-18,108.22,travel,online_banking,IE,False,
t003816,acc_0070,2026-06-18,68.28,restaurants,card_not_present,IE,False,
t003902,acc_0071,2026-06-18,27.44,utilities,mobile_app,IE,False,
t004067,acc_0075,2026-06-18,157.33,pharmacy,card_not_present,IE,False,
t004117,acc_0076,2026-06-18,138.85,travel,mobile_app,IE,False,
t004176,acc_0079,2026-06-18,176.43,online retail,online_banking,IE,False,
t004292,acc_0081,2026-06-18,168.06,online retail,online_banking,IE,False,
t004335,acc_0082,2026-06-18,12.6,fuel,card_not_present,IE,False,
t004374,acc_0083,2026-06-18,70.75,fuel,card_present,IE,False,
t004550,acc_0086,2026-06-18,134.56,online retail,online_banking,IE,False,
t004708,acc_0088,2026-06-18,31.86,electronics,card_present,IE,False,
t004798,acc_0089,2026-06-18,39.67,electronics,card_present,IE,False,
t004885,acc_0091,2026-06-18,31.11,pharmacy,card_not_present,IE,False,
t005035,acc_0095,2026-06-18,50.51,transfer,online_banking,IE,False,
t005106,acc_0097,2026-06-18,14.79,utilities,mobile_app,IE,False,
t005141,acc_0098,2026-06-18,61.94,electronics,mobile_app,IE,False,
t005225,acc_0099,2026-06-18,26.45,utilities,card_not_present,IE,False,
t005267,acc_0100,2026-06-18,415.62,groceries,card_not_present,IE,False,
t005328,acc_0101,2026-06-18,19.19,restaurants,card_not_present,IE,False,
t005374,acc_0102,2026-06-18,173.58,groceries,online_banking,IE,False,
t005458,acc_0103,2026-06-18,215.57,groceries,card_not_present,IE,False,
t005525,acc_0104,2026-06-18,25.5,restaurants,card_present,IE,False,
t005609,acc_0105,2026-06-18,277.58,travel,mobile_app,IE,False,
t005696,acc_0107,2026-06-18,184.34,restaurants,card_present,IE,False,
t005734,acc_0108,2026-06-18,44.15,groceries,mobile_app,IE,False,
t005840,acc_0110,2026-06-18,14.29,fuel,mobile_app,IE,False,
t005907,acc_0111,2026-06-18,93.42,electronics,card_present,IE,False,
t006034,acc_0113,2026-06-18,333.65,pharmacy,online_banking,IE,False,
t006097,acc_0114,2026-06-18,24.85,electronics,mobile_app,IE,False,
t006161,acc_0116,2026-06-18,51.1,travel,online_banking,IE,False,
t006267,acc_0118,2026-06-18,100.71,electronics,card_present,IE,False,
t006347,acc_0120,2026-06-18,58.6,online retail,online_banking,IE,False,
t006391,acc_0121,2026-06-18,20.19,online retail,online_banking,IE,False,
t006476,acc_0122,2026-06-18,43.79,groceries,mobile_app,IE,False,
t006547,acc_0123,2026-06-18,56.0,groceries,online_banking,IE,False,
t006581,acc_0124,2026-06-18,462.45,utilities,card_present,IE,False,
t006700,acc_0126,2026-06-18,39.37,online retail,card_present,IE,False,
t006763,acc_0127,2026-06-18,50.73,transfer,mobile_app,IE,False,
t006851,acc_0128,2026-06-18,11.48,electronics,card_not_present,IE,False,
t006878,acc_0129,2026-06-18,19.19,groceries,online_banking,IE,False,
t006913,acc_0130,2026-06-18,263.6,utilities,card_present,IE,False,
t006993,acc_0131,2026-06-18,68.41,fuel,card_not_present,IE,False,
t007062,acc_0132,2026-06-18,334.09,restaurants,online_banking,IE,False,
t007099,acc_0133,2026-06-18,303.19,restaurants,card_not_present,IE,False,
t007149,acc_0135,2026-06-18,35.14,online retail,online_banking,IE,False,
t007231,acc_0136,2026-06-18,56.61,pharmacy,card_present,IE,False,
t007296,acc_0138,2026-06-18,291.24,travel,online_banking,IE,False,
t007354,acc_0139,2026-06-18,25.76,restaurants,mobile_app,IE,False,
t007418,acc_0140,2026-06-18,280.28,restaurants,mobile_app,IE,False,
t007540,acc_0142,2026-06-18,199.24,travel,card_not_present,IE,False,
t007580,acc_0143,2026-06-18,9.75,fuel,card_not_present,IE,False,
t007716,acc_0147,2026-06-18,71.79,restaurants,card_not_present,IE,False,
t007866,acc_0149,2026-06-18,69.98,restaurants,online_banking,IE,False,
t007894,acc_0150,2026-06-18,36.75,fuel,card_not_present,IE,False,
t008013,acc_0154,2026-06-18,26.97,transfer,online_banking,IE,False,
t008104,acc_0156,2026-06-18,31.66,online retail,card_not_present,IE,False,
t008185,acc_0157,2026-06-18,70.72,utilities,mobile_app,IE,False,
t008310,acc_0159,2026-06-18,32.14,utilities,online_banking,IE,False,
t008442,acc_0161,2026-06-18,50.32,transfer,mobile_app,IE,False,
t008482,acc_0162,2026-06-18,15.53,restaurants,online_banking,IE,False,
t008543,acc_0163,2026-06-18,294.88,travel,online_banking,IE,False,
t008578,acc_0164,2026-06-18,208.82,online retail,online_banking,IE,False,
t008648,acc_0165,2026-06-18,16.96,electronics,card_present,IE,False,
t008732,acc_0166,2026-06-18,31.0,restaurants,card_not_present,IE,False,
t008844,acc_0168,2026-06-18,100.44,transfer,card_present,IE,False,
t008964,acc_0170,2026-06-18,123.18,travel,card_present,IE,False,
t009054,acc_0171,2026-06-18,32.63,utilities,mobile_app,IE,False,
t009144,acc_0172,2026-06-18,66.55,fuel,card_present,IE,False,
t009270,acc_0174,2026-06-18,45.85,transfer,card_present,IE,False,
t009340,acc_0175,2026-06-18,51.12,transfer,card_not_present,IE,False,
t009427,acc_0176,2026-06-18,391.46,transfer,card_not_present,IE,False,
t009572,acc_0178,2026-06-18,42.58,online retail,card_present,IE,False,
t009634,acc_0179,2026-06-18,21.72,travel,online_banking,IE,False,
t009689,acc_0180,2026-06-18,55.99,fuel,card_not_present,IE,False,
t009777,acc_0181,2026-06-18,102.29,online retail,card_present,IE,False,
t009867,acc_0182,2026-06-18,48.85,online retail,card_present,IE,False,
t010130,acc_0189,2026-06-18,233.57,utilities,card_present,IE,False,
t010220,acc_0190,2026-06-18,30.82,groceries,card_not_present,IE,False,
t010322,acc_0193,2026-06-18,93.33,utilities,online_banking,IE,False,
t010427,acc_0195,2026-06-18,251.92,groceries,card_present,IE,False,
t010470,acc_0196,2026-06-18,34.38,utilities,card_not_present,IE,False,
t010920,acc_0135,2026-06-18,985.0,transfer,online_banking,IE,False,threshold_structuring
t010921,acc_0135,2026-06-18,985.0,transfer,online_banking,IE,False,threshold_structuring
t011078,acc_0187,2026-06-18,985.0,transfer,online_banking,IE,False,threshold_structuring
t000089,acc_0001,2026-06-19,70.8,travel,online_banking,IE,False,
t000198,acc_0003,2026-06-19,82.29,restaurants,online_banking,IE,False,
t000224,acc_0004,2026-06-19,295.13,restaurants,mobile_app,IE,False,
t000331,acc_0006,2026-06-19,96.36,fuel,mobile_app,IE,False,
t000392,acc_0007,2026-06-19,66.98,groceries,mobile_app,IE,False,
t000521,acc_0009,2026-06-19,35.17,electronics,card_present,IE,False,
t000599,acc_0011,2026-06-19,13.45,restaurants,mobile_app,IE,False,
t000699,acc_0013,2026-06-19,558.5,fuel,mobile_app,IE,False,
t000786,acc_0014,2026-06-19,14.45,fuel,mobile_app,IE,False,
t000889,acc_0016,2026-06-19,70.3,travel,online_banking,IE,False,
t000963,acc_0017,2026-06-19,286.74,online retail,card_not_present,IE,False,
t001081,acc_0019,2026-06-19,86.81,restaurants,card_present,IE,False,
t001210,acc_0021,2026-06-19,179.57,utilities,online_banking,IE,False,
t001297,acc_0022,2026-06-19,22.33,groceries,mobile_app,IE,False,
t001363,acc_0024,2026-06-19,535.66,fuel,card_present,IE,False,
t001422,acc_0025,2026-06-19,30.5,travel,card_not_present,IE,False,
t001491,acc_0027,2026-06-19,19.22,pharmacy,card_not_present,IE,False,
t001521,acc_0028,2026-06-19,185.97,utilities,online_banking,IE,False,
t001580,acc_0030,2026-06-19,157.95,utilities,online_banking,IE,False,
t001665,acc_0031,2026-06-19,81.02,fuel,card_present,IE,False,
t001748,acc_0033,2026-06-19,147.87,online retail,online_banking,IE,False,
t001836,acc_0034,2026-06-19,152.28,electronics,mobile_app,IE,False,
t001902,acc_0035,2026-06-19,17.82,utilities,card_not_present,IE,False,
t002010,acc_0039,2026-06-19,116.6,electronics,card_not_present,IE,False,
t002049,acc_0041,2026-06-19,141.45,restaurants,mobile_app,IE,False,
t002168,acc_0044,2026-06-19,24.72,transfer,card_not_present,IE,False,
t002258,acc_0045,2026-06-19,78.4,restaurants,online_banking,IE,False,
t002341,acc_0047,2026-06-19,84.9,online retail,mobile_app,IE,False,
t002395,acc_0049,2026-06-19,81.04,utilities,mobile_app,IE,False,
t002476,acc_0050,2026-06-19,10.41,fuel,card_not_present,IE,False,
t002541,acc_0051,2026-06-19,175.56,online retail,online_banking,IE,False,
t002707,acc_0054,2026-06-19,16.16,utilities,mobile_app,IE,False,
t002782,acc_0056,2026-06-19,28.64,restaurants,card_present,IE,False,
t002867,acc_0057,2026-06-19,72.9,travel,card_present,IE,False,
t002957,acc_0058,2026-06-19,213.38,travel,mobile_app,IE,False,
t003024,acc_0059,2026-06-19,274.09,electronics,mobile_app,IE,False,
t003177,acc_0061,2026-06-19,190.13,utilities,card_not_present,IE,False,
t003267,acc_0062,2026-06-19,133.22,transfer,card_not_present,IE,False,
t003357,acc_0063,2026-06-19,95.47,utilities,card_not_present,IE,False,
t003490,acc_0065,2026-06-19,104.82,groceries,card_present,IE,False,
t003552,acc_0066,2026-06-19,57.93,electronics,mobile_app,IE,False,
t003641,acc_0067,2026-06-19,40.11,electronics,card_present,IE,False,
t003731,acc_0068,2026-06-19,149.1,travel,card_not_present,IE,False,
t003817,acc_0070,2026-06-19,118.62,travel,online_banking,IE,False,
t003903,acc_0071,2026-06-19,20.02,groceries,card_not_present,IE,False,
t003988,acc_0073,2026-06-19,279.85,groceries,card_not_present,IE,False,
t004008,acc_0074,2026-06-19,50.23,transfer,card_not_present,IE,False,
t004293,acc_0081,2026-06-19,160.72,fuel,online_banking,IE,False,
t004375,acc_0083,2026-06-19,109.93,utilities,mobile_app,IE,False,
t004425,acc_0084,2026-06-19,260.59,pharmacy,card_not_present,IE,False,
t004469,acc_0085,2026-06-19,235.15,transfer,card_present,IE,False,
t004551,acc_0086,2026-06-19,155.14,pharmacy,card_present,IE,False,
t004619,acc_0087,2026-06-19,85.14,pharmacy,card_present,IE,False,
t004709,acc_0088,2026-06-19,33.59,pharmacy,online_banking,IE,False,
t004799,acc_0089,2026-06-19,71.21,utilities,mobile_app,IE,False,
t004867,acc_0090,2026-06-19,51.09,restaurants,online_banking,IE,False,
t004918,acc_0092,2026-06-19,350.2,restaurants,mobile_app,IE,False,
t005036,acc_0095,2026-06-19,127.54,online retail,card_present,IE,False,
t005142,acc_0098,2026-06-19,56.91,pharmacy,online_banking,IE,False,
t005226,acc_0099,2026-06-19,60.63,pharmacy,card_present,IE,False,
t005329,acc_0101,2026-06-19,29.03,travel,online_banking,IE,False,
t005459,acc_0103,2026-06-19,21.9,transfer,card_present,IE,False,
t005610,acc_0105,2026-06-19,171.59,electronics,mobile_app,IE,False,
t005640,acc_0106,2026-06-19,124.11,online retail,online_banking,IE,False,
t005697,acc_0107,2026-06-19,156.73,pharmacy,card_present,IE,False,
t005841,acc_0110,2026-06-19,20.06,utilities,mobile_app,IE,False,
t005908,acc_0111,2026-06-19,125.17,fuel,online_banking,IE,False,
t006035,acc_0113,2026-06-19,188.51,transfer,card_not_present,IE,False,
t006098,acc_0114,2026-06-19,47.08,transfer,card_present,IE,False,
t006121,acc_0115,2026-06-19,10.73,online retail,mobile_app,IE,False,
t006205,acc_0117,2026-06-19,69.47,restaurants,mobile_app,IE,False,
t006268,acc_0118,2026-06-19,68.23,transfer,online_banking,IE,False,
t006348,acc_0120,2026-06-19,24.35,transfer,card_not_present,IE,False,
t006392,acc_0121,2026-06-19,8.37,fuel,online_banking,IE,False,
t006477,acc_0122,2026-06-19,39.21,online retail,mobile_app,IE,False,
t006548,acc_0123,2026-06-19,68.0,fuel,mobile_app,IE,False,
t006701,acc_0126,2026-06-19,128.3,pharmacy,card_not_present,IE,False,
t006764,acc_0127,2026-06-19,64.85,restaurants,online_banking,IE,False,
t006852,acc_0128,2026-06-19,5.7,online retail,mobile_app,IE,False,
t006994,acc_0131,2026-06-19,31.99,restaurants,online_banking,IE,False,
t007063,acc_0132,2026-06-19,880.6,transfer,online_banking,IE,False,
t007232,acc_0136,2026-06-19,59.89,restaurants,card_not_present,IE,False,
t007355,acc_0139,2026-06-19,64.22,pharmacy,mobile_app,IE,False,
t007419,acc_0140,2026-06-19,233.05,pharmacy,mobile_app,IE,False,
t007541,acc_0142,2026-06-19,519.75,fuel,mobile_app,IE,False,
t007600,acc_0144,2026-06-19,80.01,utilities,card_not_present,IE,False,
t007717,acc_0147,2026-06-19,105.89,online retail,card_not_present,IE,False,
t007867,acc_0149,2026-06-19,68.71,transfer,card_not_present,IE,False,
t008066,acc_0155,2026-06-19,131.93,fuel,mobile_app,IE,False,
t008186,acc_0157,2026-06-19,174.62,transfer,card_not_present,IE,False,
t008311,acc_0159,2026-06-19,12.03,transfer,card_present,IE,False,
t008443,acc_0161,2026-06-19,220.14,electronics,card_not_present,IE,False,
t008483,acc_0162,2026-06-19,55.58,travel,card_not_present,IE,False,
t008649,acc_0165,2026-06-19,68.7,groceries,card_not_present,IE,False,
t008733,acc_0166,2026-06-19,35.91,transfer,card_present,IE,False,
t008845,acc_0168,2026-06-19,171.1,online retail,online_banking,IE,False,
t008965,acc_0170,2026-06-19,179.71,travel,mobile_app,IE,False,
t009055,acc_0171,2026-06-19,110.03,restaurants,online_banking,IE,False,
t009145,acc_0172,2026-06-19,123.51,electronics,mobile_app,IE,False,
t009187,acc_0173,2026-06-19,5.77,electronics,mobile_app,IE,False,
t009271,acc_0174,2026-06-19,89.97,electronics,card_not_present,IE,False,
t009341,acc_0175,2026-06-19,48.5,groceries,online_banking,IE,False,
t009428,acc_0176,2026-06-19,152.78,electronics,online_banking,IE,False,
t009573,acc_0178,2026-06-19,6.34,pharmacy,card_not_present,IE,False,
t009690,acc_0180,2026-06-19,54.57,utilities,card_present,IE,False,
t009778,acc_0181,2026-06-19,76.49,groceries,online_banking,IE,False,
t009868,acc_0182,2026-06-19,55.35,transfer,card_not_present,IE,False,
t009892,acc_0183,2026-06-19,25.92,groceries,card_present,IE,False,
t009986,acc_0186,2026-06-19,18.19,pharmacy,mobile_app,IE,False,
t010044,acc_0188,2026-06-19,33.72,travel,online_banking,IE,False,
t010131,acc_0189,2026-06-19,155.68,electronics,card_not_present,IE,False,
t010221,acc_0190,2026-06-19,120.08,electronics,mobile_app,IE,False,
t010323,acc_0193,2026-06-19,83.54,electronics,card_not_present,IE,False,
t010428,acc_0195,2026-06-19,48.21,electronics,card_not_present,IE,False,
t010471,acc_0196,2026-06-19,33.38,groceries,card_present,IE,False,
t010525,acc_0197,2026-06-19,114.78,fuel,card_present,IE,False,
t010558,acc_0198,2026-06-19,226.33,utilities,card_present,IE,False,
t010621,acc_0199,2026-06-19,16.67,travel,online_banking,IE,False,
t010638,acc_0005,2026-06-19,44.63,online retail,card_not_present,IE,False,rapid_burst
t010639,acc_0005,2026-06-19,43.31,online retail,card_not_present,IE,False,rapid_burst
t010640,acc_0005,2026-06-19,51.31,online retail,card_not_present,IE,False,rapid_burst
t010641,acc_0005,2026-06-19,59.14,online retail,card_not_present,IE,False,rapid_burst
t010642,acc_0005,2026-06-19,51.35,online retail,card_not_present,IE,False,rapid_burst
t010643,acc_0005,2026-06-19,68.38,online retail,card_not_present,IE,False,rapid_burst
t010644,acc_0005,2026-06-19,46.95,online retail,card_not_present,IE,False,rapid_burst
t010645,acc_0005,2026-06-19,47.89,online retail,card_not_present,IE,False,rapid_burst
t010646,acc_0005,2026-06-19,56.76,online retail,card_not_present,IE,False,rapid_burst
t010692,acc_0027,2026-06-19,990.0,transfer,online_banking,IE,False,threshold_structuring
t010693,acc_0027,2026-06-19,995.0,transfer,online_banking,IE,False,threshold_structuring
t010922,acc_0135,2026-06-19,985.0,transfer,online_banking,IE,False,threshold_structuring
t011043,acc_0178,2026-06-19,32.4,travel,card_present,PH,True,new_country_new_device
t011044,acc_0178,2026-06-19,62.72,travel,card_present,UA,True,new_country_new_device
t011045,acc_0178,2026-06-19,45.32,travel,card_present,BR,True,new_country_new_device
t011046,acc_0178,2026-06-19,37.73,travel,card_present,UA,True,new_country_new_device
t000031,acc_0000,2026-06-20,54.86,online retail,mobile_app,IE,False,
t000199,acc_0003,2026-06-20,62.01,online retail,online_banking,IE,False,
t000289,acc_0005,2026-06-20,45.98,online retail,mobile_app,IE,False,
t000393,acc_0007,2026-06-20,120.45,fuel,mobile_app,IE,False,
t000522,acc_0009,2026-06-20,25.6,online retail,card_not_present,IE,False,
t000700,acc_0013,2026-06-20,66.27,restaurants,online_banking,IE,False,
t000787,acc_0014,2026-06-20,10.39,travel,mobile_app,IE,False,
t000890,acc_0016,2026-06-20,59.93,restaurants,card_present,IE,False,
t000964,acc_0017,2026-06-20,105.27,electronics,card_not_present,IE,False,
t001082,acc_0019,2026-06-20,92.63,online retail,mobile_app,IE,False,
t001144,acc_0020,2026-06-20,115.85,online retail,mobile_app,IE,False,
t001298,acc_0022,2026-06-20,25.45,restaurants,online_banking,IE,False,
t001666,acc_0031,2026-06-20,18.07,online retail,card_present,IE,False,
t001837,acc_0034,2026-06-20,105.49,pharmacy,card_present,IE,False,
t002085,acc_0043,2026-06-20,13.75,restaurants,online_banking,IE,False,
t002169,acc_0044,2026-06-20,9.07,online retail,mobile_app,IE,False,
t002259,acc_0045,2026-06-20,141.27,travel,mobile_app,IE,False,
t002342,acc_0047,2026-06-20,232.03,online retail,mobile_app,IE,False,
t002477,acc_0050,2026-06-20,23.63,fuel,card_present,IE,False,
t002642,acc_0053,2026-06-20,32.98,restaurants,online_banking,IE,False,
t002708,acc_0054,2026-06-20,16.32,online retail,mobile_app,IE,False,
t002783,acc_0056,2026-06-20,38.86,utilities,online_banking,IE,False,
t002868,acc_0057,2026-06-20,125.11,travel,online_banking,IE,False,
t002958,acc_0058,2026-06-20,369.06,travel,card_not_present,IE,False,
t003025,acc_0059,2026-06-20,790.97,restaurants,online_banking,IE,False,
t003178,acc_0061,2026-06-20,272.12,utilities,card_present,IE,False,
t003268,acc_0062,2026-06-20,90.06,groceries,card_not_present,IE,False,
t003358,acc_0063,2026-06-20,337.96,pharmacy,card_not_present,IE,False,
t003403,acc_0064,2026-06-20,111.3,utilities,mobile_app,IE,False,
t003491,acc_0065,2026-06-20,32.18,online retail,online_banking,IE,False,
t003553,acc_0066,2026-06-20,44.63,transfer,card_present,IE,False,
t003642,acc_0067,2026-06-20,38.84,fuel,card_not_present,IE,False,
t003732,acc_0068,2026-06-20,158.47,electronics,card_not_present,IE,False,
t003818,acc_0070,2026-06-20,28.76,electronics,mobile_app,IE,False,
t003904,acc_0071,2026-06-20,27.18,groceries,online_banking,IE,False,
t003934,acc_0072,2026-06-20,241.26,transfer,mobile_app,IE,False,
t003989,acc_0073,2026-06-20,63.12,pharmacy,mobile_app,IE,False,
t004009,acc_0074,2026-06-20,23.08,electronics,card_present,IE,False,
t004158,acc_0078,2026-06-20,62.3,electronics,online_banking,IE,False,
t004210,acc_0080,2026-06-20,54.73,groceries,online_banking,IE,False,
t004294,acc_0081,2026-06-20,272.41,groceries,card_not_present,IE,False,
t004426,acc_0084,2026-06-20,150.68,electronics,online_banking,IE,False,
t004552,acc_0086,2026-06-20,97.65,online retail,mobile_app,IE,False,
t004620,acc_0087,2026-06-20,162.43,pharmacy,mobile_app,IE,False,
t004710,acc_0088,2026-06-20,83.23,transfer,card_present,IE,False,
t004800,acc_0089,2026-06-20,33.71,electronics,card_not_present,IE,False,
t004919,acc_0092,2026-06-20,177.16,online retail,mobile_app,IE,False,
t004933,acc_0093,2026-06-20,91.47,electronics,online_banking,IE,False,
t005037,acc_0095,2026-06-20,36.24,restaurants,card_present,IE,False,
t005227,acc_0099,2026-06-20,69.23,electronics,card_not_present,IE,False,
t005268,acc_0100,2026-06-20,426.94,online retail,card_not_present,IE,False,
t005375,acc_0102,2026-06-20,50.27,utilities,card_not_present,IE,False,
t005460,acc_0103,2026-06-20,72.18,online retail,card_present,IE,False,
t005611,acc_0105,2026-06-20,159.56,online retail,online_banking,IE,False,
t005698,acc_0107,2026-06-20,574.51,electronics,mobile_app,IE,False,
t005842,acc_0110,2026-06-20,39.28,travel,mobile_app,IE,False,
t005909,acc_0111,2026-06-20,136.34,transfer,online_banking,IE,False,
t006036,acc_0113,2026-06-20,206.36,utilities,mobile_app,IE,False,
t006099,acc_0114,2026-06-20,57.04,travel,card_present,IE,False,
t006122,acc_0115,2026-06-20,4.38,restaurants,card_present,IE,False,
t006206,acc_0117,2026-06-20,57.99,transfer,mobile_app,IE,False,
t006269,acc_0118,2026-06-20,105.61,travel,mobile_app,IE,False,
t006478,acc_0122,2026-06-20,51.41,pharmacy,card_present,IE,False,
t006582,acc_0124,2026-06-20,234.86,fuel,mobile_app,IE,False,
t006702,acc_0126,2026-06-20,56.92,travel,online_banking,IE,False,
t006853,acc_0128,2026-06-20,6.97,fuel,mobile_app,IE,False,
t006879,acc_0129,2026-06-20,16.89,electronics,online_banking,IE,False,
t006995,acc_0131,2026-06-20,75.59,pharmacy,mobile_app,IE,False,
t007100,acc_0133,2026-06-20,313.37,fuel,card_present,IE,False,
t007150,acc_0135,2026-06-20,79.05,restaurants,card_present,IE,False,
t007233,acc_0136,2026-06-20,45.71,groceries,mobile_app,IE,False,
t007356,acc_0139,2026-06-20,30.29,transfer,mobile_app,IE,False,
t007420,acc_0140,2026-06-20,509.99,groceries,card_present,IE,False,
t007542,acc_0142,2026-06-20,104.0,travel,mobile_app,IE,False,
t007601,acc_0144,2026-06-20,64.34,fuel,online_banking,IE,False,
t007718,acc_0147,2026-06-20,35.24,utilities,mobile_app,IE,False,
t007779,acc_0148,2026-06-20,37.61,utilities,card_not_present,IE,False,
t007868,acc_0149,2026-06-20,100.14,pharmacy,online_banking,IE,False,
t007922,acc_0151,2026-06-20,41.47,online retail,card_present,IE,False,
t008014,acc_0154,2026-06-20,12.66,utilities,online_banking,IE,False,
t008067,acc_0155,2026-06-20,208.43,groceries,online_banking,IE,False,
t008187,acc_0157,2026-06-20,246.99,groceries,card_present,IE,False,
t008312,acc_0159,2026-06-20,40.55,travel,mobile_app,IE,False,
t008359,acc_0160,2026-06-20,133.91,transfer,card_not_present,IE,False,
t008444,acc_0161,2026-06-20,106.15,transfer,mobile_app,IE,False,
t008484,acc_0162,2026-06-20,22.63,restaurants,online_banking,IE,False,
t008579,acc_0164,2026-06-20,138.35,transfer,card_present,IE,False,
t008734,acc_0166,2026-06-20,59.46,fuel,card_present,IE,False,
t008846,acc_0168,2026-06-20,70.44,groceries,mobile_app,IE,False,
t008882,acc_0169,2026-06-20,133.45,electronics,card_not_present,IE,False,
t008966,acc_0170,2026-06-20,73.61,pharmacy,card_not_present,IE,False,
t009056,acc_0171,2026-06-20,19.72,restaurants,card_present,IE,False,
t009146,acc_0172,2026-06-20,75.69,restaurants,mobile_app,IE,False,
t009272,acc_0174,2026-06-20,90.87,online retail,card_not_present,IE,False,
t009429,acc_0176,2026-06-20,287.5,utilities,card_not_present,IE,False,
t009574,acc_0178,2026-06-20,27.79,utilities,online_banking,IE,False,
t009691,acc_0180,2026-06-20,60.61,electronics,card_present,IE,False,
t009779,acc_0181,2026-06-20,23.47,pharmacy,card_present,IE,False,
t009869,acc_0182,2026-06-20,28.03,utilities,card_not_present,IE,False,
t009948,acc_0185,2026-06-20,58.31,restaurants,card_present,IE,False,
t010045,acc_0188,2026-06-20,21.82,fuel,online_banking,IE,False,
t010132,acc_0189,2026-06-20,130.34,utilities,card_not_present,IE,False,
t010222,acc_0190,2026-06-20,64.24,electronics,card_present,IE,False,
t010324,acc_0193,2026-06-20,138.05,fuel,online_banking,IE,False,
t010472,acc_0196,2026-06-20,3.79,fuel,mobile_app,IE,False,
t010526,acc_0197,2026-06-20,40.13,fuel,card_present,IE,False,
t010622,acc_0199,2026-06-20,19.54,online retail,card_present,IE,False,
t010694,acc_0027,2026-06-20,990.0,transfer,online_banking,IE,False,threshold_structuring
t010875,acc_0121,2026-06-20,14.36,online retail,card_not_present,IE,False,rapid_burst
t010876,acc_0121,2026-06-20,14.3,online retail,card_not_present,IE,False,rapid_burst
t010877,acc_0121,2026-06-20,22.63,online retail,card_not_present,IE,False,rapid_burst
t010878,acc_0121,2026-06-20,23.23,online retail,card_not_present,IE,False,rapid_burst
t010879,acc_0121,2026-06-20,20.89,online retail,card_not_present,IE,False,rapid_burst
t010880,acc_0121,2026-06-20,21.88,online retail,card_not_present,IE,False,rapid_burst
t010881,acc_0121,2026-06-20,18.2,online retail,card_not_present,IE,False,rapid_burst
t010882,acc_0121,2026-06-20,19.61,online retail,card_not_present,IE,False,rapid_burst
t010887,acc_0125,2026-06-20,15.54,online retail,card_not_present,IE,False,rapid_burst
t010888,acc_0125,2026-06-20,22.49,online retail,card_not_present,IE,False,rapid_burst
t010889,acc_0125,2026-06-20,15.65,online retail,card_not_present,IE,False,rapid_burst
t010890,acc_0125,2026-06-20,14.08,online retail,card_not_present,IE,False,rapid_burst
t010891,acc_0125,2026-06-20,15.5,online retail,card_not_present,IE,False,rapid_burst
t010892,acc_0125,2026-06-20,14.55,online retail,card_not_present,IE,False,rapid_burst
t010893,acc_0125,2026-06-20,22.65,online retail,card_not_present,IE,False,rapid_burst
t010894,acc_0127,2026-06-20,995.0,transfer,online_banking,IE,False,threshold_structuring
t010895,acc_0127,2026-06-20,985.0,transfer,online_banking,IE,False,threshold_structuring
t010985,acc_0160,2026-06-20,3722.12,electronics,card_not_present,IE,False,amount_spike
t000032,acc_0000,2026-06-21,12.24,travel,online_banking,IE,False,
t000090,acc_0001,2026-06-21,70.03,electronics,card_present,IE,False,
t000116,acc_0002,2026-06-21,173.47,travel,card_not_present,IE,False,
t000200,acc_0003,2026-06-21,228.49,groceries,card_not_present,IE,False,
t000290,acc_0005,2026-06-21,66.34,restaurants,card_not_present,IE,False,
t000394,acc_0007,2026-06-21,193.53,restaurants,online_banking,IE,False,
t000523,acc_0009,2026-06-21,87.96,utilities,mobile_app,IE,False,
t000563,acc_0010,2026-06-21,38.1,electronics,mobile_app,IE,False,
t000788,acc_0014,2026-06-21,20.27,restaurants,online_banking,IE,False,
t000891,acc_0016,2026-06-21,59.74,transfer,card_not_present,IE,False,
t001083,acc_0019,2026-06-21,61.71,utilities,online_banking,IE,False,
t001145,acc_0020,2026-06-21,161.0,travel,card_present,IE,False,
t001211,acc_0021,2026-06-21,186.17,utilities,card_not_present,IE,False,
t001299,acc_0022,2026-06-21,36.97,electronics,online_banking,IE,False,
t001364,acc_0024,2026-06-21,96.98,groceries,card_not_present,IE,False,
t001423,acc_0025,2026-06-21,45.75,utilities,mobile_app,IE,False,
t001522,acc_0028,2026-06-21,37.28,fuel,card_present,IE,False,
t001581,acc_0030,2026-06-21,149.19,electronics,card_not_present,IE,False,
t001667,acc_0031,2026-06-21,44.89,fuel,card_not_present,IE,False,
t001749,acc_0033,2026-06-21,106.34,online retail,card_present,IE,False,
t001838,acc_0034,2026-06-21,134.75,fuel,online_banking,IE,False,
t001903,acc_0035,2026-06-21,67.18,restaurants,card_present,IE,False,
t002050,acc_0041,2026-06-21,88.05,fuel,mobile_app,IE,False,
t002170,acc_0044,2026-06-21,14.77,electronics,card_present,IE,False,
t002260,acc_0045,2026-06-21,74.26,restaurants,online_banking,IE,False,
t002343,acc_0047,2026-06-21,119.94,groceries,online_banking,IE,False,
t002478,acc_0050,2026-06-21,8.3,restaurants,mobile_app,IE,False,
t002643,acc_0053,2026-06-21,8.92,restaurants,mobile_app,IE,False,
t002709,acc_0054,2026-06-21,24.09,pharmacy,mobile_app,IE,False,
t002748,acc_0055,2026-06-21,392.1,transfer,card_not_present,IE,False,
t002869,acc_0057,2026-06-21,66.06,utilities,mobile_app,IE,False,
t002959,acc_0058,2026-06-21,178.57,online retail,mobile_app,IE,False,
t003026,acc_0059,2026-06-21,515.6,utilities,card_present,IE,False,
t003093,acc_0060,2026-06-21,47.93,online retail,mobile_app,IE,False,
t003179,acc_0061,2026-06-21,105.62,pharmacy,card_present,IE,False,
t003269,acc_0062,2026-06-21,168.01,restaurants,card_present,IE,False,
t003359,acc_0063,2026-06-21,479.34,utilities,mobile_app,IE,False,
t003404,acc_0064,2026-06-21,126.95,travel,card_not_present,IE,False,
t003492,acc_0065,2026-06-21,74.24,travel,online_banking,IE,False,
t003554,acc_0066,2026-06-21,15.57,restaurants,mobile_app,IE,False,
t003643,acc_0067,2026-06-21,13.64,transfer,online_banking,IE,False,
t003733,acc_0068,2026-06-21,160.62,restaurants,card_not_present,IE,False,
t003819,acc_0070,2026-06-21,36.27,online retail,mobile_app,IE,False,
t003905,acc_0071,2026-06-21,35.72,utilities,online_banking,IE,False,
t003935,acc_0072,2026-06-21,70.11,electronics,card_not_present,IE,False,
t003990,acc_0073,2026-06-21,122.42,online retail,card_not_present,IE,False,
t004135,acc_0077,2026-06-21,187.38,groceries,online_banking,IE,False,
t004211,acc_0080,2026-06-21,182.58,online retail,card_not_present,IE,False,
t004295,acc_0081,2026-06-21,145.81,travel,card_present,IE,False,
t004376,acc_0083,2026-06-21,85.28,online retail,online_banking,IE,False,
t004427,acc_0084,2026-06-21,381.18,groceries,online_banking,IE,False,
t004553,acc_0086,2026-06-21,126.2,utilities,online_banking,IE,False,
t004621,acc_0087,2026-06-21,205.96,transfer,mobile_app,IE,False,
t004711,acc_0088,2026-06-21,38.1,pharmacy,mobile_app,IE,False,
t004801,acc_0089,2026-06-21,29.42,pharmacy,mobile_app,IE,False,
t004868,acc_0090,2026-06-21,89.82,electronics,card_present,IE,False,
t004886,acc_0091,2026-06-21,77.76,online retail,mobile_app,IE,False,
t004952,acc_0094,2026-06-21,20.38,travel,mobile_app,IE,False,
t005038,acc_0095,2026-06-21,47.46,online retail,card_not_present,IE,False,
t005107,acc_0097,2026-06-21,37.81,groceries,card_present,IE,False,
t005143,acc_0098,2026-06-21,66.41,restaurants,mobile_app,IE,False,
t005228,acc_0099,2026-06-21,91.55,online retail,online_banking,IE,False,
t005330,acc_0101,2026-06-21,34.99,online retail,card_present,IE,False,
t005461,acc_0103,2026-06-21,56.28,utilities,mobile_app,IE,False,
t005526,acc_0104,2026-06-21,16.23,electronics,online_banking,IE,False,
t005612,acc_0105,2026-06-21,132.5,travel,card_not_present,IE,False,
t005699,acc_0107,2026-06-21,62.29,restaurants,online_banking,IE,False,
t005843,acc_0110,2026-06-21,30.28,travel,card_not_present,IE,False,
t005910,acc_0111,2026-06-21,267.89,pharmacy,card_not_present,IE,False,
t006037,acc_0113,2026-06-21,533.74,online retail,card_present,IE,False,
t006162,acc_0116,2026-06-21,50.68,travel,card_present,IE,False,
t006270,acc_0118,2026-06-21,87.29,online retail,card_present,IE,False,
t006349,acc_0120,2026-06-21,34.45,groceries,mobile_app,IE,False,
t006393,acc_0121,2026-06-21,9.69,groceries,card_not_present,IE,False,
t006479,acc_0122,2026-06-21,15.35,online retail,card_present,IE,False,
t006549,acc_0123,2026-06-21,103.85,utilities,card_not_present,IE,False,
t006583,acc_0124,2026-06-21,133.84,electronics,mobile_app,IE,False,
t006703,acc_0126,2026-06-21,160.42,groceries,online_banking,IE,False,
t006765,acc_0127,2026-06-21,80.29,fuel,card_present,IE,False,
t006854,acc_0128,2026-06-21,12.41,fuel,mobile_app,IE,False,
t006996,acc_0131,2026-06-21,105.6,online retail,mobile_app,IE,False,
t007234,acc_0136,2026-06-21,36.62,utilities,online_banking,IE,False,
t007276,acc_0137,2026-06-21,21.08,transfer,card_present,IE,False,
t007297,acc_0138,2026-06-21,110.95,utilities,card_not_present,IE,False,
t007357,acc_0139,2026-06-21,67.17,transfer,mobile_app,IE,False,
t007421,acc_0140,2026-06-21,456.49,travel,mobile_app,IE,False,
t007543,acc_0142,2026-06-21,424.5,electronics,card_not_present,IE,False,
t007719,acc_0147,2026-06-21,53.1,groceries,online_banking,IE,False,
t007869,acc_0149,2026-06-21,156.0,pharmacy,online_banking,IE,False,
t007895,acc_0150,2026-06-21,23.6,restaurants,mobile_app,IE,False,
t007923,acc_0151,2026-06-21,20.66,online retail,mobile_app,IE,False,
t007968,acc_0153,2026-06-21,64.25,groceries,card_not_present,IE,False,
t008015,acc_0154,2026-06-21,21.92,online retail,card_not_present,IE,False,
t008068,acc_0155,2026-06-21,128.53,pharmacy,online_banking,IE,False,
t008188,acc_0157,2026-06-21,212.35,electronics,card_present,IE,False,
t008252,acc_0158,2026-06-21,14.46,fuel,card_not_present,IE,False,
t008313,acc_0159,2026-06-21,15.86,groceries,mobile_app,IE,False,
t008445,acc_0161,2026-06-21,120.68,online retail,card_present,IE,False,
t008485,acc_0162,2026-06-21,50.02,fuel,mobile_app,IE,False,
t008544,acc_0163,2026-06-21,234.48,utilities,card_not_present,IE,False,
t008580,acc_0164,2026-06-21,38.52,online retail,card_not_present,IE,False,
t008650,acc_0165,2026-06-21,10.51,electronics,mobile_app,IE,False,
t008735,acc_0166,2026-06-21,49.67,transfer,card_present,IE,False,
t008847,acc_0168,2026-06-21,256.37,travel,mobile_app,IE,False,
t008967,acc_0170,2026-06-21,45.94,travel,card_present,IE,False,
t009057,acc_0171,2026-06-21,41.19,electronics,card_present,IE,False,
t009147,acc_0172,2026-06-21,304.43,electronics,card_not_present,IE,False,
t009273,acc_0174,2026-06-21,93.75,restaurants,online_banking,IE,False,
t009342,acc_0175,2026-06-21,132.39,fuel,card_present,IE,False,
t009430,acc_0176,2026-06-21,186.04,groceries,card_present,IE,False,
t009486,acc_0177,2026-06-21,49.28,transfer,mobile_app,IE,False,
t009575,acc_0178,2026-06-21,23.07,utilities,card_not_present,IE,False,
t009635,acc_0179,2026-06-21,25.61,transfer,mobile_app,IE,False,
t009692,acc_0180,2026-06-21,77.48,utilities,online_banking,IE,False,
t009780,acc_0181,2026-06-21,108.86,pharmacy,card_not_present,IE,False,
t009870,acc_0182,2026-06-21,26.37,groceries,card_not_present,IE,False,
t009893,acc_0183,2026-06-21,26.92,groceries,card_not_present,IE,False,
t009949,acc_0185,2026-06-21,36.48,fuel,card_present,IE,False,
t009987,acc_0186,2026-06-21,10.19,travel,mobile_app,IE,False,
t010046,acc_0188,2026-06-21,18.96,utilities,mobile_app,IE,False,
t010133,acc_0189,2026-06-21,228.86,restaurants,mobile_app,IE,False,
t010223,acc_0190,2026-06-21,121.15,online retail,online_banking,IE,False,
t010325,acc_0193,2026-06-21,128.68,restaurants,mobile_app,IE,False,
t010369,acc_0194,2026-06-21,224.24,restaurants,mobile_app,IE,False,
t010429,acc_0195,2026-06-21,181.69,fuel,mobile_app,IE,False,
t010623,acc_0199,2026-06-21,23.72,groceries,mobile_app,IE,False,
t010896,acc_0127,2026-06-21,980.0,transfer,online_banking,IE,False,threshold_structuring
t010897,acc_0127,2026-06-21,995.0,transfer,online_banking,IE,False,threshold_structuring
t010937,acc_0140,2026-06-21,3489.67,electronics,card_not_present,IE,False,amount_spike
t000033,acc_0000,2026-06-22,54.59,groceries,card_present,IE,False,
t000091,acc_0001,2026-06-22,173.54,transfer,card_not_present,IE,False,
t000201,acc_0003,2026-06-22,82.71,restaurants,card_present,IE,False,
t000291,acc_0005,2026-06-22,152.71,pharmacy,mobile_app,IE,False,
t000332,acc_0006,2026-06-22,161.75,pharmacy,card_present,IE,False,
t000524,acc_0009,2026-06-22,45.02,restaurants,online_banking,IE,False,
t000600,acc_0011,2026-06-22,12.83,restaurants,card_not_present,IE,False,
t000701,acc_0013,2026-06-22,84.6,transfer,card_not_present,IE,False,
t000789,acc_0014,2026-06-22,40.91,transfer,card_not_present,IE,False,
t000892,acc_0016,2026-06-22,19.21,electronics,online_banking,IE,False,
t000965,acc_0017,2026-06-22,161.78,restaurants,online_banking,IE,False,
t000996,acc_0018,2026-06-22,56.55,transfer,online_banking,IE,False,
t001084,acc_0019,2026-06-22,205.55,electronics,card_present,IE,False,
t001146,acc_0020,2026-06-22,126.11,electronics,online_banking,IE,False,
t001212,acc_0021,2026-06-22,137.5,restaurants,online_banking,IE,False,
t001300,acc_0022,2026-06-22,18.08,utilities,online_banking,IE,False,
t001323,acc_0023,2026-06-22,31.11,electronics,card_not_present,IE,False,
t001424,acc_0025,2026-06-22,38.0,utilities,mobile_app,IE,False,
t001492,acc_0027,2026-06-22,22.37,online retail,mobile_app,IE,False,
t001668,acc_0031,2026-06-22,43.04,transfer,mobile_app,IE,False,
t001688,acc_0032,2026-06-22,137.94,pharmacy,mobile_app,IE,False,
t001750,acc_0033,2026-06-22,93.95,fuel,online_banking,IE,False,
t001839,acc_0034,2026-06-22,109.09,transfer,card_present,IE,False,
t001951,acc_0037,2026-06-22,65.91,online retail,card_present,IE,False,
t002027,acc_0040,2026-06-22,94.6,utilities,online_banking,IE,False,
t002086,acc_0043,2026-06-22,17.33,fuel,card_not_present,IE,False,
t002171,acc_0044,2026-06-22,28.04,fuel,mobile_app,IE,False,
t002261,acc_0045,2026-06-22,97.0,pharmacy,card_not_present,IE,False,
t002344,acc_0047,2026-06-22,180.21,restaurants,card_not_present,IE,False,
t002479,acc_0050,2026-06-22,16.42,fuel,card_not_present,IE,False,
t002542,acc_0051,2026-06-22,218.49,online retail,card_not_present,IE,False,
t002644,acc_0053,2026-06-22,22.77,groceries,online_banking,IE,False,
t002710,acc_0054,2026-06-22,19.67,pharmacy,online_banking,IE,False,
t002749,acc_0055,2026-06-22,376.95,fuel,online_banking,IE,False,
t002870,acc_0057,2026-06-22,171.17,travel,card_not_present,IE,False,
t002960,acc_0058,2026-06-22,136.88,online retail,mobile_app,IE,False,
t003094,acc_0060,2026-06-22,123.85,electronics,card_present,IE,False,
t003180,acc_0061,2026-06-22,128.02,electronics,online_banking,IE,False,
t003270,acc_0062,2026-06-22,121.54,transfer,mobile_app,IE,False,
t003360,acc_0063,2026-06-22,392.37,restaurants,card_not_present,IE,False,
t003405,acc_0064,2026-06-22,36.54,groceries,online_banking,IE,False,
t003493,acc_0065,2026-06-22,66.43,electronics,online_banking,IE,False,
t003644,acc_0067,2026-06-22,29.2,fuel,online_banking,IE,False,
t003734,acc_0068,2026-06-22,177.35,fuel,mobile_app,IE,False,
t003820,acc_0070,2026-06-22,93.63,groceries,card_present,IE,False,
t003906,acc_0071,2026-06-22,19.87,restaurants,card_present,IE,False,
t003936,acc_0072,2026-06-22,78.99,restaurants,card_not_present,IE,False,
t003991,acc_0073,2026-06-22,118.06,restaurants,card_present,IE,False,
t004068,acc_0075,2026-06-22,326.49,restaurants,card_present,IE,False,
t004118,acc_0076,2026-06-22,491.49,fuel,online_banking,IE,False,
t004296,acc_0081,2026-06-22,81.6,electronics,card_present,IE,False,
t004377,acc_0083,2026-06-22,94.02,utilities,card_present,IE,False,
t004428,acc_0084,2026-06-22,447.37,electronics,card_present,IE,False,
t004554,acc_0086,2026-06-22,99.63,utilities,mobile_app,IE,False,
t004622,acc_0087,2026-06-22,167.13,travel,card_present,IE,False,
t004712,acc_0088,2026-06-22,77.96,online retail,online_banking,IE,False,
t004802,acc_0089,2026-06-22,19.33,pharmacy,online_banking,IE,False,
t004869,acc_0090,2026-06-22,84.25,travel,online_banking,IE,False,
t005039,acc_0095,2026-06-22,24.12,online retail,card_not_present,IE,False,
t005075,acc_0096,2026-06-22,110.1,online retail,online_banking,IE,False,
t005108,acc_0097,2026-06-22,16.67,groceries,mobile_app,IE,False,
t005229,acc_0099,2026-06-22,68.83,travel,card_present,IE,False,
t005462,acc_0103,2026-06-22,84.22,groceries,card_not_present,IE,False,
t005613,acc_0105,2026-06-22,198.11,groceries,card_present,IE,False,
t005735,acc_0108,2026-06-22,11.97,pharmacy,card_present,IE,False,
t005844,acc_0110,2026-06-22,39.13,pharmacy,online_banking,IE,False,
t005951,acc_0112,2026-06-22,54.97,online retail,card_not_present,IE,False,
t006038,acc_0113,2026-06-22,123.46,transfer,online_banking,IE,False,
t006100,acc_0114,2026-06-22,19.19,travel,card_present,IE,False,
t006163,acc_0116,2026-06-22,92.1,groceries,card_not_present,IE,False,
t006207,acc_0117,2026-06-22,48.94,transfer,card_not_present,IE,False,
t006271,acc_0118,2026-06-22,116.75,online retail,mobile_app,IE,False,
t006294,acc_0119,2026-06-22,55.57,fuel,mobile_app,IE,False,
t006350,acc_0120,2026-06-22,16.09,travel,online_banking,IE,False,
t006394,acc_0121,2026-06-22,40.86,utilities,online_banking,IE,False,
t006480,acc_0122,2026-06-22,70.59,utilities,card_not_present,IE,False,
t006618,acc_0125,2026-06-22,13.99,transfer,online_banking,IE,False,
t006704,acc_0126,2026-06-22,54.85,fuel,card_present,IE,False,
t006766,acc_0127,2026-06-22,85.63,utilities,mobile_app,IE,False,
t006855,acc_0128,2026-06-22,37.98,utilities,card_not_present,IE,False,
t006997,acc_0131,2026-06-22,66.93,restaurants,card_not_present,IE,False,
t007064,acc_0132,2026-06-22,339.14,travel,online_banking,IE,False,
t007235,acc_0136,2026-06-22,40.28,utilities,card_present,IE,False,
t007422,acc_0140,2026-06-22,171.81,travel,card_present,IE,False,
t007460,acc_0141,2026-06-22,30.62,restaurants,card_present,IE,False,
t007544,acc_0142,2026-06-22,252.92,groceries,online_banking,IE,False,
t007720,acc_0147,2026-06-22,35.53,utilities,card_present,IE,False,
t007780,acc_0148,2026-06-22,54.52,utilities,card_present,IE,False,
t007870,acc_0149,2026-06-22,165.5,utilities,card_not_present,IE,False,
t007924,acc_0151,2026-06-22,42.33,groceries,mobile_app,IE,False,
t008069,acc_0155,2026-06-22,220.78,pharmacy,online_banking,IE,False,
t008189,acc_0157,2026-06-22,176.4,restaurants,mobile_app,IE,False,
t008314,acc_0159,2026-06-22,8.12,online retail,card_present,IE,False,
t008360,acc_0160,2026-06-22,380.25,fuel,card_present,IE,False,
t008446,acc_0161,2026-06-22,188.87,utilities,card_present,IE,False,
t008545,acc_0163,2026-06-22,202.92,online retail,mobile_app,IE,False,
t008581,acc_0164,2026-06-22,273.84,travel,online_banking,IE,False,
t008651,acc_0165,2026-06-22,67.93,groceries,card_not_present,IE,False,
t008736,acc_0166,2026-06-22,61.6,pharmacy,mobile_app,IE,False,
t008848,acc_0168,2026-06-22,74.63,transfer,online_banking,IE,False,
t008968,acc_0170,2026-06-22,61.45,transfer,card_present,IE,False,
t009058,acc_0171,2026-06-22,38.57,groceries,mobile_app,IE,False,
t009148,acc_0172,2026-06-22,82.22,restaurants,card_present,IE,False,
t009188,acc_0173,2026-06-22,25.03,restaurants,card_not_present,IE,False,
t009274,acc_0174,2026-06-22,101.51,restaurants,card_present,IE,False,
t009343,acc_0175,2026-06-22,40.42,fuel,online_banking,IE,False,
t009431,acc_0176,2026-06-22,342.28,groceries,mobile_app,IE,False,
t009487,acc_0177,2026-06-22,14.71,groceries,mobile_app,IE,False,
t009576,acc_0178,2026-06-22,17.89,travel,card_not_present,IE,False,
t009636,acc_0179,2026-06-22,26.63,travel,mobile_app,IE,False,
t009693,acc_0180,2026-06-22,64.03,online retail,online_banking,IE,False,
t009781,acc_0181,2026-06-22,29.39,fuel,online_banking,IE,False,
t009871,acc_0182,2026-06-22,29.24,electronics,mobile_app,IE,False,
t009894,acc_0183,2026-06-22,65.11,online retail,card_not_present,IE,False,
t010047,acc_0188,2026-06-22,39.77,transfer,card_present,IE,False,
t010134,acc_0189,2026-06-22,141.76,online retail,online_banking,IE,False,
t010224,acc_0190,2026-06-22,288.2,travel,mobile_app,IE,False,
t010326,acc_0193,2026-06-22,61.56,utilities,online_banking,IE,False,
t010430,acc_0195,2026-06-22,97.26,transfer,card_present,IE,False,
t010473,acc_0196,2026-06-22,14.86,electronics,online_banking,IE,False,
t010527,acc_0197,2026-06-22,110.02,travel,online_banking,IE,False,
t010559,acc_0198,2026-06-22,195.07,electronics,card_not_present,IE,False,
t010624,acc_0199,2026-06-22,12.71,fuel,online_banking,IE,False,
t010696,acc_0029,2026-06-22,143.91,online retail,card_not_present,IE,False,rapid_burst
t010697,acc_0029,2026-06-22,149.76,online retail,card_not_present,IE,False,rapid_burst
t010698,acc_0029,2026-06-22,124.66,online retail,card_not_present,IE,False,rapid_burst
t010699,acc_0029,2026-06-22,133.42,online retail,card_not_present,IE,False,rapid_burst
t010700,acc_0029,2026-06-22,146.24,online retail,card_not_present,IE,False,rapid_burst
t010701,acc_0029,2026-06-22,130.13,online retail,card_not_present,IE,False,rapid_burst
t010702,acc_0029,2026-06-22,175.22,online retail,card_not_present,IE,False,rapid_burst
t010703,acc_0029,2026-06-22,111.87,online retail,card_not_present,IE,False,rapid_burst
t010898,acc_0127,2026-06-22,985.0,transfer,online_banking,IE,False,threshold_structuring
t010969,acc_0156,2026-06-22,956.85,electronics,card_not_present,IE,False,amount_spike
t000092,acc_0001,2026-06-23,89.9,online retail,card_not_present,IE,False,
t000202,acc_0003,2026-06-23,164.42,travel,card_not_present,IE,False,
t000225,acc_0004,2026-06-23,293.0,fuel,mobile_app,IE,False,
t000395,acc_0007,2026-06-23,101.5,restaurants,online_banking,IE,False,
t000439,acc_0008,2026-06-23,410.91,restaurants,online_banking,IE,False,
t000525,acc_0009,2026-06-23,20.85,electronics,online_banking,IE,False,
t000564,acc_0010,2026-06-23,13.71,utilities,card_not_present,IE,False,
t000639,acc_0012,2026-06-23,9.93,online retail,online_banking,IE,False,
t000702,acc_0013,2026-06-23,229.51,travel,mobile_app,IE,False,
t000790,acc_0014,2026-06-23,40.7,pharmacy,card_not_present,IE,False,
t000893,acc_0016,2026-06-23,56.79,travel,mobile_app,IE,False,
t000997,acc_0018,2026-06-23,71.72,pharmacy,card_present,IE,False,
t001085,acc_0019,2026-06-23,102.46,restaurants,card_not_present,IE,False,
t001147,acc_0020,2026-06-23,303.51,restaurants,mobile_app,IE,False,
t001301,acc_0022,2026-06-23,48.4,groceries,online_banking,IE,False,
t001425,acc_0025,2026-06-23,54.4,utilities,mobile_app,IE,False,
t001493,acc_0027,2026-06-23,17.84,fuel,card_present,IE,False,
t001582,acc_0030,2026-06-23,362.45,electronics,card_not_present,IE,False,
t001669,acc_0031,2026-06-23,12.4,pharmacy,mobile_app,IE,False,
t001751,acc_0033,2026-06-23,92.39,online retail,online_banking,IE,False,
t001840,acc_0034,2026-06-23,105.91,pharmacy,card_not_present,IE,False,
t001904,acc_0035,2026-06-23,29.84,restaurants,card_present,IE,False,
t002028,acc_0040,2026-06-23,381.14,utilities,mobile_app,IE,False,
t002070,acc_0042,2026-06-23,36.74,online retail,card_not_present,IE,False,
t002172,acc_0044,2026-06-23,16.08,transfer,card_present,IE,False,
t002262,acc_0045,2026-06-23,69.43,transfer,card_not_present,IE,False,
t002286,acc_0046,2026-06-23,187.7,utilities,card_not_present,IE,False,
t002345,acc_0047,2026-06-23,144.77,utilities,online_banking,IE,False,
t002360,acc_0048,2026-06-23,127.75,pharmacy,mobile_app,IE,False,
t002480,acc_0050,2026-06-23,22.66,groceries,mobile_app,IE,False,
t002543,acc_0051,2026-06-23,108.13,electronics,mobile_app,IE,False,
t002645,acc_0053,2026-06-23,23.19,groceries,card_present,IE,False,
t002711,acc_0054,2026-06-23,26.2,pharmacy,card_not_present,IE,False,
t002750,acc_0055,2026-06-23,224.73,electronics,card_not_present,IE,False,
t002871,acc_0057,2026-06-23,171.94,pharmacy,online_banking,IE,False,
t002961,acc_0058,2026-06-23,221.11,utilities,card_not_present,IE,False,
t003027,acc_0059,2026-06-23,101.8,restaurants,mobile_app,IE,False,
t003181,acc_0061,2026-06-23,85.32,fuel,mobile_app,IE,False,
t003271,acc_0062,2026-06-23,75.89,fuel,card_present,IE,False,
t003361,acc_0063,2026-06-23,190.02,electronics,card_not_present,IE,False,
t003406,acc_0064,2026-06-23,122.66,online retail,card_present,IE,False,
t003494,acc_0065,2026-06-23,14.37,pharmacy,card_present,IE,False,
t003555,acc_0066,2026-06-23,63.23,pharmacy,card_present,IE,False,
t003645,acc_0067,2026-06-23,26.01,restaurants,card_present,IE,False,
t003735,acc_0068,2026-06-23,139.34,groceries,mobile_app,IE,False,
t003821,acc_0070,2026-06-23,106.15,utilities,online_banking,IE,False,
t003907,acc_0071,2026-06-23,10.63,fuel,card_not_present,IE,False,
t003992,acc_0073,2026-06-23,411.44,electronics,card_present,IE,False,
t004010,acc_0074,2026-06-23,93.51,travel,mobile_app,IE,False,
t004069,acc_0075,2026-06-23,95.79,groceries,online_banking,IE,False,
t004177,acc_0079,2026-06-23,130.4,restaurants,card_not_present,IE,False,
t004297,acc_0081,2026-06-23,83.42,fuel,card_present,IE,False,
t004378,acc_0083,2026-06-23,35.68,groceries,card_present,IE,False,
t004555,acc_0086,2026-06-23,81.67,transfer,mobile_app,IE,False,
t004623,acc_0087,2026-06-23,300.13,pharmacy,online_banking,IE,False,
t004713,acc_0088,2026-06-23,77.78,restaurants,card_not_present,IE,False,
t004803,acc_0089,2026-06-23,28.51,utilities,card_not_present,IE,False,
t004870,acc_0090,2026-06-23,94.23,utilities,card_present,IE,False,
t004934,acc_0093,2026-06-23,65.63,restaurants,mobile_app,IE,False,
t004953,acc_0094,2026-06-23,39.69,travel,card_present,IE,False,
t005040,acc_0095,2026-06-23,20.39,electronics,mobile_app,IE,False,
t005144,acc_0098,2026-06-23,40.36,restaurants,online_banking,IE,False,
t005230,acc_0099,2026-06-23,53.16,transfer,online_banking,IE,False,
t005269,acc_0100,2026-06-23,139.91,pharmacy,card_present,IE,False,
t005331,acc_0101,2026-06-23,50.87,restaurants,online_banking,IE,False,
t005376,acc_0102,2026-06-23,107.77,groceries,card_present,IE,False,
t005463,acc_0103,2026-06-23,88.35,fuel,mobile_app,IE,False,
t005614,acc_0105,2026-06-23,178.16,pharmacy,card_present,IE,False,
t005700,acc_0107,2026-06-23,154.5,pharmacy,card_not_present,IE,False,
t005736,acc_0108,2026-06-23,9.78,utilities,card_not_present,IE,False,
t005845,acc_0110,2026-06-23,15.09,fuel,online_banking,IE,False,
t005911,acc_0111,2026-06-23,87.13,utilities,card_not_present,IE,False,
t006039,acc_0113,2026-06-23,384.29,pharmacy,mobile_app,IE,False,
t006164,acc_0116,2026-06-23,56.04,transfer,card_present,IE,False,
t006208,acc_0117,2026-06-23,131.55,restaurants,mobile_app,IE,False,
t006272,acc_0118,2026-06-23,73.58,electronics,card_present,IE,False,
t006295,acc_0119,2026-06-23,19.31,electronics,card_not_present,IE,False,
t006351,acc_0120,2026-06-23,12.95,pharmacy,mobile_app,IE,False,
t006481,acc_0122,2026-06-23,19.54,online retail,card_not_present,IE,False,
t006550,acc_0123,2026-06-23,28.31,utilities,card_present,IE,False,
t006705,acc_0126,2026-06-23,59.51,fuel,mobile_app,IE,False,
t006767,acc_0127,2026-06-23,65.05,electronics,card_not_present,IE,False,
t006856,acc_0128,2026-06-23,8.55,fuel,online_banking,IE,False,
t006998,acc_0131,2026-06-23,32.05,restaurants,mobile_app,IE,False,
t007065,acc_0132,2026-06-23,399.76,groceries,card_not_present,IE,False,
t007151,acc_0135,2026-06-23,88.0,restaurants,card_not_present,IE,False,
t007236,acc_0136,2026-06-23,18.65,online retail,card_not_present,IE,False,
t007277,acc_0137,2026-06-23,97.73,restaurants,card_not_present,IE,False,
t007298,acc_0138,2026-06-23,263.96,groceries,card_present,IE,False,
t007358,acc_0139,2026-06-23,60.17,restaurants,online_banking,IE,False,
t007423,acc_0140,2026-06-23,465.97,restaurants,online_banking,IE,False,
t007461,acc_0141,2026-06-23,22.96,travel,card_present,IE,False,
t007545,acc_0142,2026-06-23,430.88,fuel,card_not_present,IE,False,
t007581,acc_0143,2026-06-23,6.27,fuel,mobile_app,IE,False,
t007721,acc_0147,2026-06-23,27.83,online retail,card_not_present,IE,False,
t007781,acc_0148,2026-06-23,54.89,fuel,card_not_present,IE,False,
t007871,acc_0149,2026-06-23,106.42,restaurants,online_banking,IE,False,
t008070,acc_0155,2026-06-23,226.44,online retail,card_not_present,IE,False,
t008190,acc_0157,2026-06-23,131.4,groceries,online_banking,IE,False,
t008315,acc_0159,2026-06-23,16.81,transfer,card_not_present,IE,False,
t008361,acc_0160,2026-06-23,168.5,electronics,card_present,IE,False,
t008447,acc_0161,2026-06-23,188.61,restaurants,mobile_app,IE,False,
t008486,acc_0162,2026-06-23,35.22,utilities,mobile_app,IE,False,
t008546,acc_0163,2026-06-23,130.03,electronics,card_present,IE,False,
t008737,acc_0166,2026-06-23,56.63,groceries,mobile_app,IE,False,
t008849,acc_0168,2026-06-23,88.2,transfer,card_present,IE,False,
t008883,acc_0169,2026-06-23,237.31,groceries,mobile_app,IE,False,
t008969,acc_0170,2026-06-23,29.87,restaurants,card_present,IE,False,
t009059,acc_0171,2026-06-23,36.51,restaurants,mobile_app,IE,False,
t009149,acc_0172,2026-06-23,109.26,groceries,mobile_app,IE,False,
t009189,acc_0173,2026-06-23,19.71,electronics,mobile_app,IE,False,
t009275,acc_0174,2026-06-23,245.98,electronics,mobile_app,IE,False,
t009344,acc_0175,2026-06-23,46.29,fuel,card_not_present,IE,False,
t009432,acc_0176,2026-06-23,152.5,electronics,mobile_app,IE,False,
t009577,acc_0178,2026-06-23,38.24,groceries,online_banking,IE,False,
t009637,acc_0179,2026-06-23,102.73,travel,card_not_present,IE,False,
t009694,acc_0180,2026-06-23,22.23,restaurants,card_present,IE,False,
t009782,acc_0181,2026-06-23,44.57,electronics,card_present,IE,False,
t009872,acc_0182,2026-06-23,164.77,transfer,card_not_present,IE,False,
t010048,acc_0188,2026-06-23,49.07,fuel,mobile_app,IE,False,
t010135,acc_0189,2026-06-23,117.63,travel,card_present,IE,False,
t010225,acc_0190,2026-06-23,123.08,pharmacy,online_banking,IE,False,
t010327,acc_0193,2026-06-23,80.79,transfer,online_banking,IE,False,
t010431,acc_0195,2026-06-23,215.48,online retail,card_present,IE,False,
t010560,acc_0198,2026-06-23,271.96,fuel,online_banking,IE,False,
t000093,acc_0001,2026-06-24,185.14,electronics,mobile_app,IE,False,
t000117,acc_0002,2026-06-24,28.07,travel,card_present,IE,False,
t000203,acc_0003,2026-06-24,32.59,pharmacy,card_not_present,IE,False,
t000226,acc_0004,2026-06-24,179.81,restaurants,online_banking,IE,False,
t000292,acc_0005,2026-06-24,62.36,groceries,card_not_present,IE,False,
t000333,acc_0006,2026-06-24,165.29,utilities,card_present,IE,False,
t000396,acc_0007,2026-06-24,169.24,travel,mobile_app,IE,False,
t000526,acc_0009,2026-06-24,80.25,utilities,mobile_app,IE,False,
t000565,acc_0010,2026-06-24,11.58,utilities,card_present,IE,False,
t000601,acc_0011,2026-06-24,53.59,restaurants,mobile_app,IE,False,
t000703,acc_0013,2026-06-24,188.22,restaurants,mobile_app,IE,False,
t000791,acc_0014,2026-06-24,33.59,electronics,online_banking,IE,False,
t000894,acc_0016,2026-06-24,118.94,fuel,card_not_present,IE,False,
t000966,acc_0017,2026-06-24,299.37,utilities,card_present,IE,False,
t000998,acc_0018,2026-06-24,105.24,online retail,online_banking,IE,False,
t001086,acc_0019,2026-06-24,52.77,electronics,mobile_app,IE,False,
t001148,acc_0020,2026-06-24,331.71,fuel,card_present,IE,False,
t001213,acc_0021,2026-06-24,188.39,travel,card_present,IE,False,
t001302,acc_0022,2026-06-24,42.93,online retail,online_banking,IE,False,
t001426,acc_0025,2026-06-24,39.41,electronics,mobile_app,IE,False,
t001523,acc_0028,2026-06-24,146.99,restaurants,card_not_present,IE,False,
t001542,acc_0029,2026-06-24,80.06,fuel,online_banking,IE,False,
t001670,acc_0031,2026-06-24,31.83,utilities,card_present,IE,False,
t001752,acc_0033,2026-06-24,129.43,groceries,mobile_app,IE,False,
t001841,acc_0034,2026-06-24,156.39,groceries,card_not_present,IE,False,
t001905,acc_0035,2026-06-24,51.51,restaurants,card_present,IE,False,
t002087,acc_0043,2026-06-24,31.28,travel,mobile_app,IE,False,
t002173,acc_0044,2026-06-24,90.76,utilities,card_present,IE,False,
t002263,acc_0045,2026-06-24,44.52,online retail,card_present,IE,False,
t002346,acc_0047,2026-06-24,81.88,groceries,card_present,IE,False,
t002481,acc_0050,2026-06-24,14.24,fuel,card_not_present,IE,False,
t002544,acc_0051,2026-06-24,105.88,utilities,online_banking,IE,False,
t002646,acc_0053,2026-06-24,18.78,online retail,card_not_present,IE,False,
t002784,acc_0056,2026-06-24,20.99,electronics,mobile_app,IE,False,
t002872,acc_0057,2026-06-24,236.97,transfer,online_banking,IE,False,
t002962,acc_0058,2026-06-24,98.93,online retail,mobile_app,IE,False,
t003028,acc_0059,2026-06-24,184.05,pharmacy,card_not_present,IE,False,
t003095,acc_0060,2026-06-24,118.14,pharmacy,online_banking,IE,False,
t003182,acc_0061,2026-06-24,108.05,pharmacy,online_banking,IE,False,
t003272,acc_0062,2026-06-24,117.54,transfer,online_banking,IE,False,
t003362,acc_0063,2026-06-24,163.94,online retail,online_banking,IE,False,
t003407,acc_0064,2026-06-24,73.44,groceries,mobile_app,IE,False,
t003495,acc_0065,2026-06-24,41.65,fuel,online_banking,IE,False,
t003556,acc_0066,2026-06-24,30.13,pharmacy,online_banking,IE,False,
t003646,acc_0067,2026-06-24,33.63,restaurants,card_present,IE,False,
t003736,acc_0068,2026-06-24,52.77,restaurants,card_present,IE,False,
t003908,acc_0071,2026-06-24,7.03,online retail,mobile_app,IE,False,
t003993,acc_0073,2026-06-24,129.13,transfer,online_banking,IE,False,
t004011,acc_0074,2026-06-24,75.93,utilities,card_present,IE,False,
t004070,acc_0075,2026-06-24,125.9,restaurants,mobile_app,IE,False,
t004178,acc_0079,2026-06-24,86.38,electronics,card_not_present,IE,False,
t004298,acc_0081,2026-06-24,67.38,utilities,card_present,IE,False,
t004336,acc_0082,2026-06-24,18.64,online retail,card_present,IE,False,
t004429,acc_0084,2026-06-24,491.64,utilities,card_present,IE,False,
t004556,acc_0086,2026-06-24,132.78,transfer,online_banking,IE,False,
t004624,acc_0087,2026-06-24,90.64,travel,card_present,IE,False,
t004714,acc_0088,2026-06-24,88.62,online retail,mobile_app,IE,False,
t004804,acc_0089,2026-06-24,39.96,groceries,card_not_present,IE,False,
t004871,acc_0090,2026-06-24,53.99,transfer,online_banking,IE,False,
t005041,acc_0095,2026-06-24,40.85,transfer,card_present,IE,False,
t005231,acc_0099,2026-06-24,37.47,electronics,card_not_present,IE,False,
t005270,acc_0100,2026-06-24,112.13,fuel,online_banking,IE,False,
t005332,acc_0101,2026-06-24,26.38,electronics,mobile_app,IE,False,
t005377,acc_0102,2026-06-24,55.28,utilities,mobile_app,IE,False,
t005464,acc_0103,2026-06-24,63.06,online retail,card_not_present,IE,False,
t005615,acc_0105,2026-06-24,213.61,online retail,mobile_app,IE,False,
t005641,acc_0106,2026-06-24,346.64,utilities,online_banking,IE,False,
t005701,acc_0107,2026-06-24,57.0,fuel,card_not_present,IE,False,
t005737,acc_0108,2026-06-24,20.49,fuel,card_present,IE,False,
t005846,acc_0110,2026-06-24,10.95,travel,card_present,IE,False,
t005952,acc_0112,2026-06-24,78.84,transfer,card_not_present,IE,False,
t006040,acc_0113,2026-06-24,627.38,travel,mobile_app,IE,False,
t006101,acc_0114,2026-06-24,11.21,electronics,card_present,IE,False,
t006165,acc_0116,2026-06-24,42.69,transfer,mobile_app,IE,False,
t006209,acc_0117,2026-06-24,160.22,restaurants,mobile_app,IE,False,
t006273,acc_0118,2026-06-24,145.09,pharmacy,online_banking,IE,False,
t006352,acc_0120,2026-06-24,23.91,electronics,mobile_app,IE,False,
t006395,acc_0121,2026-06-24,9.77,fuel,online_banking,IE,False,
t006482,acc_0122,2026-06-24,26.62,electronics,card_not_present,IE,False,
t006619,acc_0125,2026-06-24,24.69,restaurants,card_not_present,IE,False,
t006706,acc_0126,2026-06-24,128.17,groceries,mobile_app,IE,False,
t006768,acc_0127,2026-06-24,49.68,electronics,card_present,IE,False,
t006857,acc_0128,2026-06-24,14.26,pharmacy,card_present,IE,False,
t006999,acc_0131,2026-06-24,130.89,transfer,card_present,IE,False,
t007066,acc_0132,2026-06-24,304.07,pharmacy,card_present,IE,False,
t007237,acc_0136,2026-06-24,73.69,restaurants,card_present,IE,False,
t007359,acc_0139,2026-06-24,157.59,restaurants,mobile_app,IE,False,
t007546,acc_0142,2026-06-24,173.41,travel,card_present,IE,False,
t007722,acc_0147,2026-06-24,20.23,pharmacy,card_not_present,IE,False,
t007782,acc_0148,2026-06-24,18.95,online retail,mobile_app,IE,False,
t007872,acc_0149,2026-06-24,44.16,online retail,online_banking,IE,False,
t007925,acc_0151,2026-06-24,7.28,travel,mobile_app,IE,False,
t008016,acc_0154,2026-06-24,9.81,pharmacy,online_banking,IE,False,
t008105,acc_0156,2026-06-24,10.86,restaurants,card_not_present,IE,False,
t008191,acc_0157,2026-06-24,492.69,pharmacy,card_not_present,IE,False,
t008253,acc_0158,2026-06-24,38.87,pharmacy,card_present,IE,False,
t008316,acc_0159,2026-06-24,9.04,travel,card_not_present,IE,False,
t008448,acc_0161,2026-06-24,126.97,utilities,card_present,IE,False,
t008582,acc_0164,2026-06-24,105.43,travel,online_banking,IE,False,
t008738,acc_0166,2026-06-24,136.29,travel,card_not_present,IE,False,
t008763,acc_0167,2026-06-24,48.01,fuel,mobile_app,IE,False,
t008850,acc_0168,2026-06-24,220.1,electronics,mobile_app,IE,False,
t008884,acc_0169,2026-06-24,175.68,travel,card_present,IE,False,
t008970,acc_0170,2026-06-24,122.78,utilities,online_banking,IE,False,
t009060,acc_0171,2026-06-24,38.57,online retail,online_banking,IE,False,
t009150,acc_0172,2026-06-24,38.63,travel,online_banking,IE,False,
t009276,acc_0174,2026-06-24,143.29,travel,card_present,IE,False,
t009433,acc_0176,2026-06-24,176.66,transfer,card_present,IE,False,
t009488,acc_0177,2026-06-24,24.91,online retail,card_present,IE,False,
t009578,acc_0178,2026-06-24,33.6,pharmacy,card_not_present,IE,False,
t009638,acc_0179,2026-06-24,31.98,online retail,card_not_present,IE,False,
t009695,acc_0180,2026-06-24,30.0,transfer,mobile_app,IE,False,
t009783,acc_0181,2026-06-24,25.67,groceries,card_present,IE,False,
t009873,acc_0182,2026-06-24,71.18,electronics,mobile_app,IE,False,
t009895,acc_0183,2026-06-24,9.98,pharmacy,online_banking,IE,False,
t010013,acc_0187,2026-06-24,51.78,fuel,card_present,IE,False,
t010049,acc_0188,2026-06-24,55.93,utilities,card_present,IE,False,
t010136,acc_0189,2026-06-24,144.75,restaurants,card_present,IE,False,
t010226,acc_0190,2026-06-24,84.56,groceries,card_present,IE,False,
t010328,acc_0193,2026-06-24,92.65,electronics,online_banking,IE,False,
t010370,acc_0194,2026-06-24,49.9,restaurants,online_banking,IE,False,
t010432,acc_0195,2026-06-24,78.88,groceries,card_not_present,IE,False,
t010528,acc_0197,2026-06-24,100.68,online retail,mobile_app,IE,False,
t010561,acc_0198,2026-06-24,45.62,electronics,card_present,IE,False,
t010625,acc_0199,2026-06-24,28.86,fuel,card_present,IE,False,
t011062,acc_0185,2026-06-24,46.06,online retail,card_not_present,IE,False,rapid_burst
t011063,acc_0185,2026-06-24,43.49,online retail,card_not_present,IE,False,rapid_burst
t011064,acc_0185,2026-06-24,53.96,online retail,card_not_present,IE,False,rapid_burst
t011065,acc_0185,2026-06-24,64.9,online retail,card_not_present,IE,False,rapid_burst
t011066,acc_0185,2026-06-24,66.96,online retail,card_not_present,IE,False,rapid_burst
t011067,acc_0185,2026-06-24,45.24,online retail,card_not_present,IE,False,rapid_burst
t011068,acc_0185,2026-06-24,52.61,online retail,card_not_present,IE,False,rapid_burst
t011069,acc_0185,2026-06-24,55.24,online retail,card_not_present,IE,False,rapid_burst
t011070,acc_0185,2026-06-24,60.21,online retail,card_not_present,IE,False,rapid_burst
t011071,acc_0185,2026-06-24,58.1,online retail,card_not_present,IE,False,rapid_burst
t000034,acc_0000,2026-06-25,56.13,pharmacy,mobile_app,IE,False,
t000094,acc_0001,2026-06-25,73.13,restaurants,mobile_app,IE,False,
t000118,acc_0002,2026-06-25,48.1,transfer,online_banking,IE,False,
t000204,acc_0003,2026-06-25,43.02,groceries,card_present,IE,False,
t000527,acc_0009,2026-06-25,58.97,restaurants,card_not_present,IE,False,
t000640,acc_0012,2026-06-25,16.45,pharmacy,card_present,IE,False,
t000704,acc_0013,2026-06-25,110.88,fuel,card_not_present,IE,False,
t000792,acc_0014,2026-06-25,25.42,online retail,mobile_app,IE,False,
t000895,acc_0016,2026-06-25,43.31,transfer,card_not_present,IE,False,
t000999,acc_0018,2026-06-25,111.95,online retail,mobile_app,IE,False,
t001087,acc_0019,2026-06-25,58.83,electronics,card_present,IE,False,
t001149,acc_0020,2026-06-25,106.78,restaurants,card_not_present,IE,False,
t001214,acc_0021,2026-06-25,287.07,groceries,card_present,IE,False,
t001303,acc_0022,2026-06-25,41.14,utilities,mobile_app,IE,False,
t001583,acc_0030,2026-06-25,250.98,fuel,card_not_present,IE,False,
t001671,acc_0031,2026-06-25,15.88,electronics,online_banking,IE,False,
t001753,acc_0033,2026-06-25,118.41,online retail,mobile_app,IE,False,
t001842,acc_0034,2026-06-25,118.72,online retail,online_banking,IE,False,
t001906,acc_0035,2026-06-25,15.77,restaurants,card_not_present,IE,False,
t001974,acc_0038,2026-06-25,125.46,travel,card_not_present,IE,False,
t002174,acc_0044,2026-06-25,48.25,transfer,card_present,IE,False,
t002264,acc_0045,2026-06-25,141.98,online retail,card_present,IE,False,
t002347,acc_0047,2026-06-25,81.9,electronics,card_present,IE,False,
t002482,acc_0050,2026-06-25,36.88,groceries,card_not_present,IE,False,
t002647,acc_0053,2026-06-25,15.37,utilities,card_present,IE,False,
t002712,acc_0054,2026-06-25,13.8,transfer,card_present,IE,False,
t002785,acc_0056,2026-06-25,10.56,groceries,mobile_app,IE,False,
t002873,acc_0057,2026-06-25,227.62,utilities,card_present,IE,False,
t002963,acc_0058,2026-06-25,161.18,restaurants,online_banking,IE,False,
t003029,acc_0059,2026-06-25,221.94,electronics,online_banking,IE,False,
t003183,acc_0061,2026-06-25,123.77,electronics,online_banking,IE,False,
t003273,acc_0062,2026-06-25,100.44,restaurants,card_present,IE,False,
t003363,acc_0063,2026-06-25,210.15,groceries,mobile_app,IE,False,
t003496,acc_0065,2026-06-25,142.17,travel,card_present,IE,False,
t003557,acc_0066,2026-06-25,66.33,utilities,mobile_app,IE,False,
t003647,acc_0067,2026-06-25,85.96,transfer,card_not_present,IE,False,
t003737,acc_0068,2026-06-25,102.95,pharmacy,mobile_app,IE,False,
t003909,acc_0071,2026-06-25,15.54,online retail,card_present,IE,False,
t003994,acc_0073,2026-06-25,192.15,pharmacy,mobile_app,IE,False,
t004071,acc_0075,2026-06-25,195.55,utilities,card_not_present,IE,False,
t004136,acc_0077,2026-06-25,47.9,groceries,card_not_present,IE,False,
t004299,acc_0081,2026-06-25,84.48,travel,mobile_app,IE,False,
t004430,acc_0084,2026-06-25,207.48,transfer,online_banking,IE,False,
t004557,acc_0086,2026-06-25,227.49,online retail,mobile_app,IE,False,
t004625,acc_0087,2026-06-25,77.18,transfer,mobile_app,IE,False,
t004715,acc_0088,2026-06-25,44.84,utilities,mobile_app,IE,False,
t004805,acc_0089,2026-06-25,38.09,restaurants,online_banking,IE,False,
t004872,acc_0090,2026-06-25,127.32,fuel,online_banking,IE,False,
t004920,acc_0092,2026-06-25,179.67,restaurants,mobile_app,IE,False,
t005042,acc_0095,2026-06-25,38.91,electronics,card_present,IE,False,
t005109,acc_0097,2026-06-25,13.04,groceries,online_banking,IE,False,
t005232,acc_0099,2026-06-25,41.25,travel,online_banking,IE,False,
t005271,acc_0100,2026-06-25,380.15,groceries,online_banking,IE,False,
t005333,acc_0101,2026-06-25,44.13,fuel,mobile_app,IE,False,
t005465,acc_0103,2026-06-25,108.31,travel,online_banking,IE,False,
t005616,acc_0105,2026-06-25,256.97,fuel,mobile_app,IE,False,
t005702,acc_0107,2026-06-25,240.68,groceries,card_not_present,IE,False,
t005847,acc_0110,2026-06-25,13.55,groceries,card_present,IE,False,
t005912,acc_0111,2026-06-25,51.35,online retail,card_present,IE,False,
t006041,acc_0113,2026-06-25,177.93,groceries,card_not_present,IE,False,
t006210,acc_0117,2026-06-25,90.27,electronics,card_present,IE,False,
t006274,acc_0118,2026-06-25,46.39,online retail,card_not_present,IE,False,
t006483,acc_0122,2026-06-25,44.98,electronics,mobile_app,IE,False,
t006551,acc_0123,2026-06-25,62.25,transfer,mobile_app,IE,False,
t006620,acc_0125,2026-06-25,22.76,fuel,card_not_present,IE,False,
t006707,acc_0126,2026-06-25,46.99,fuel,mobile_app,IE,False,
t006858,acc_0128,2026-06-25,22.25,utilities,card_present,IE,False,
t006880,acc_0129,2026-06-25,51.67,transfer,mobile_app,IE,False,
t007000,acc_0131,2026-06-25,40.75,electronics,card_present,IE,False,
t007067,acc_0132,2026-06-25,225.13,travel,card_present,IE,False,
t007152,acc_0135,2026-06-25,79.63,utilities,mobile_app,IE,False,
t007238,acc_0136,2026-06-25,64.21,restaurants,card_not_present,IE,False,
t007360,acc_0139,2026-06-25,46.09,fuel,mobile_app,IE,False,
t007424,acc_0140,2026-06-25,101.6,online retail,card_present,IE,False,
t007547,acc_0142,2026-06-25,108.96,transfer,card_present,IE,False,
t007582,acc_0143,2026-06-25,10.14,electronics,online_banking,IE,False,
t007602,acc_0144,2026-06-25,101.1,fuel,online_banking,IE,False,
t007723,acc_0147,2026-06-25,45.3,online retail,mobile_app,IE,False,
t007783,acc_0148,2026-06-25,45.61,electronics,card_present,IE,False,
t007873,acc_0149,2026-06-25,31.84,utilities,card_present,IE,False,
t007926,acc_0151,2026-06-25,21.35,online retail,card_present,IE,False,
t007944,acc_0152,2026-06-25,358.24,restaurants,mobile_app,IE,False,
t008071,acc_0155,2026-06-25,182.36,online retail,card_not_present,IE,False,
t008192,acc_0157,2026-06-25,132.99,restaurants,card_not_present,IE,False,
t008254,acc_0158,2026-06-25,24.71,online retail,online_banking,IE,False,
t008317,acc_0159,2026-06-25,12.7,electronics,card_not_present,IE,False,
t008449,acc_0161,2026-06-25,137.32,electronics,card_not_present,IE,False,
t008583,acc_0164,2026-06-25,259.37,fuel,online_banking,IE,False,
t008652,acc_0165,2026-06-25,17.5,pharmacy,card_not_present,IE,False,
t008739,acc_0166,2026-06-25,141.95,online retail,card_present,IE,False,
t008851,acc_0168,2026-06-25,173.95,groceries,card_not_present,IE,False,
t008971,acc_0170,2026-06-25,197.57,pharmacy,card_present,IE,False,
t009061,acc_0171,2026-06-25,56.74,fuel,mobile_app,IE,False,
t009151,acc_0172,2026-06-25,187.57,online retail,card_not_present,IE,False,
t009277,acc_0174,2026-06-25,86.66,utilities,online_banking,IE,False,
t009434,acc_0176,2026-06-25,82.55,pharmacy,online_banking,IE,False,
t009489,acc_0177,2026-06-25,52.1,transfer,card_present,IE,False,
t009579,acc_0178,2026-06-25,8.09,restaurants,online_banking,IE,False,
t009696,acc_0180,2026-06-25,74.99,utilities,card_present,IE,False,
t009784,acc_0181,2026-06-25,25.35,transfer,mobile_app,IE,False,
t009874,acc_0182,2026-06-25,178.17,restaurants,online_banking,IE,False,
t009988,acc_0186,2026-06-25,22.46,electronics,mobile_app,IE,False,
t010137,acc_0189,2026-06-25,466.35,transfer,mobile_app,IE,False,
t010227,acc_0190,2026-06-25,130.81,online retail,card_present,IE,False,
t010329,acc_0193,2026-06-25,82.92,online retail,card_present,IE,False,
t010371,acc_0194,2026-06-25,190.42,utilities,card_present,IE,False,
t010433,acc_0195,2026-06-25,100.96,restaurants,card_present,IE,False,
t010529,acc_0197,2026-06-25,103.38,fuel,online_banking,IE,False,
t010682,acc_0025,2026-06-25,52.76,online retail,card_not_present,IE,False,rapid_burst
t010683,acc_0025,2026-06-25,60.02,online retail,card_not_present,IE,False,rapid_burst
t010684,acc_0025,2026-06-25,54.95,online retail,card_not_present,IE,False,rapid_burst
t010685,acc_0025,2026-06-25,46.28,online retail,card_not_present,IE,False,rapid_burst
t010686,acc_0025,2026-06-25,61.31,online retail,card_not_present,IE,False,rapid_burst
t010687,acc_0025,2026-06-25,69.97,online retail,card_not_present,IE,False,rapid_burst
t010688,acc_0025,2026-06-25,66.34,online retail,card_not_present,IE,False,rapid_burst
t010689,acc_0025,2026-06-25,62.64,online retail,card_not_present,IE,False,rapid_burst
t010690,acc_0025,2026-06-25,50.48,online retail,card_not_present,IE,False,rapid_burst
t010691,acc_0025,2026-06-25,68.54,online retail,card_not_present,IE,False,rapid_burst
t010818,acc_0094,2026-06-25,67.61,travel,card_present,PH,True,new_country_new_device
t010819,acc_0094,2026-06-25,86.41,travel,card_present,BR,True,new_country_new_device
t010820,acc_0094,2026-06-25,58.96,travel,card_present,UA,True,new_country_new_device
t010821,acc_0094,2026-06-25,114.87,travel,card_present,UA,True,new_country_new_device
t000095,acc_0001,2026-06-26,104.69,travel,mobile_app,IE,False,
t000205,acc_0003,2026-06-26,37.21,transfer,mobile_app,IE,False,
t000334,acc_0006,2026-06-26,181.03,pharmacy,card_present,IE,False,
t000528,acc_0009,2026-06-26,140.45,fuel,mobile_app,IE,False,
t000641,acc_0012,2026-06-26,20.07,groceries,mobile_app,IE,False,
t000705,acc_0013,2026-06-26,99.27,groceries,online_banking,IE,False,
t000793,acc_0014,2026-06-26,14.9,transfer,mobile_app,IE,False,
t000896,acc_0016,2026-06-26,84.12,utilities,mobile_app,IE,False,
t001000,acc_0018,2026-06-26,16.66,transfer,card_present,IE,False,
t001088,acc_0019,2026-06-26,46.21,transfer,card_present,IE,False,
t001304,acc_0022,2026-06-26,79.31,restaurants,online_banking,IE,False,
t001324,acc_0023,2026-06-26,103.08,electronics,online_banking,IE,False,
t001427,acc_0025,2026-06-26,42.55,fuel,card_not_present,IE,False,
t001442,acc_0026,2026-06-26,79.97,online retail,mobile_app,IE,False,
t001584,acc_0030,2026-06-26,138.81,restaurants,mobile_app,IE,False,
t001672,acc_0031,2026-06-26,42.99,travel,card_not_present,IE,False,
t001754,acc_0033,2026-06-26,212.59,utilities,online_banking,IE,False,
t001843,acc_0034,2026-06-26,153.26,online retail,card_not_present,IE,False,
t001907,acc_0035,2026-06-26,51.05,fuel,card_present,IE,False,
t001952,acc_0037,2026-06-26,35.29,online retail,mobile_app,IE,False,
t002175,acc_0044,2026-06-26,31.49,transfer,card_present,IE,False,
t002265,acc_0045,2026-06-26,171.81,online retail,card_present,IE,False,
t002348,acc_0047,2026-06-26,135.39,electronics,online_banking,IE,False,
t002483,acc_0050,2026-06-26,9.1,online retail,card_not_present,IE,False,
t002580,acc_0052,2026-06-26,8.03,utilities,mobile_app,IE,False,
t002648,acc_0053,2026-06-26,61.38,transfer,card_present,IE,False,
t002713,acc_0054,2026-06-26,25.04,electronics,card_not_present,IE,False,
t002751,acc_0055,2026-06-26,537.95,transfer,online_banking,IE,False,
t002874,acc_0057,2026-06-26,54.12,online retail,card_not_present,IE,False,
t002964,acc_0058,2026-06-26,264.2,travel,mobile_app,IE,False,
t003030,acc_0059,2026-06-26,183.35,restaurants,card_present,IE,False,
t003184,acc_0061,2026-06-26,372.41,travel,mobile_app,IE,False,
t003274,acc_0062,2026-06-26,88.16,online retail,online_banking,IE,False,
t003364,acc_0063,2026-06-26,108.88,online retail,card_not_present,IE,False,
t003408,acc_0064,2026-06-26,92.57,restaurants,mobile_app,IE,False,
t003497,acc_0065,2026-06-26,77.19,pharmacy,online_banking,IE,False,
t003558,acc_0066,2026-06-26,80.81,utilities,online_banking,IE,False,
t003648,acc_0067,2026-06-26,43.24,groceries,online_banking,IE,False,
t003738,acc_0068,2026-06-26,88.75,restaurants,card_not_present,IE,False,
t003822,acc_0070,2026-06-26,35.21,pharmacy,card_not_present,IE,False,
t003910,acc_0071,2026-06-26,10.16,utilities,card_not_present,IE,False,
t003995,acc_0073,2026-06-26,157.96,online retail,mobile_app,IE,False,
t004072,acc_0075,2026-06-26,76.43,restaurants,card_not_present,IE,False,
t004119,acc_0076,2026-06-26,228.55,travel,mobile_app,IE,False,
t004137,acc_0077,2026-06-26,71.93,utilities,card_not_present,IE,False,
t004159,acc_0078,2026-06-26,24.0,travel,online_banking,IE,False,
t004300,acc_0081,2026-06-26,84.06,transfer,card_not_present,IE,False,
t004379,acc_0083,2026-06-26,41.45,travel,mobile_app,IE,False,
t004431,acc_0084,2026-06-26,236.67,travel,card_present,IE,False,
t004470,acc_0085,2026-06-26,154.0,travel,card_present,IE,False,
t004558,acc_0086,2026-06-26,216.69,electronics,mobile_app,IE,False,
t004626,acc_0087,2026-06-26,358.1,restaurants,online_banking,IE,False,
t004716,acc_0088,2026-06-26,176.17,online retail,mobile_app,IE,False,
t004806,acc_0089,2026-06-26,26.84,online retail,card_not_present,IE,False,
t004873,acc_0090,2026-06-26,63.62,fuel,mobile_app,IE,False,
t004954,acc_0094,2026-06-26,42.0,fuel,card_not_present,IE,False,
t005043,acc_0095,2026-06-26,28.69,fuel,card_present,IE,False,
t005145,acc_0098,2026-06-26,37.84,electronics,mobile_app,IE,False,
t005233,acc_0099,2026-06-26,74.28,travel,online_banking,IE,False,
t005334,acc_0101,2026-06-26,27.1,electronics,card_not_present,IE,False,
t005378,acc_0102,2026-06-26,33.65,transfer,online_banking,IE,False,
t005466,acc_0103,2026-06-26,37.57,utilities,online_banking,IE,False,
t005527,acc_0104,2026-06-26,44.35,transfer,online_banking,IE,False,
t005617,acc_0105,2026-06-26,142.7,travel,mobile_app,IE,False,
t005703,acc_0107,2026-06-26,106.8,restaurants,mobile_app,IE,False,
t005738,acc_0108,2026-06-26,6.04,groceries,mobile_app,IE,False,
t005848,acc_0110,2026-06-26,7.55,restaurants,mobile_app,IE,False,
t005953,acc_0112,2026-06-26,132.25,groceries,card_not_present,IE,False,
t006042,acc_0113,2026-06-26,135.41,restaurants,online_banking,IE,False,
t006102,acc_0114,2026-06-26,21.74,fuel,mobile_app,IE,False,
t006211,acc_0117,2026-06-26,154.55,restaurants,card_present,IE,False,
t006275,acc_0118,2026-06-26,40.57,fuel,mobile_app,IE,False,
t006396,acc_0121,2026-06-26,23.25,online retail,online_banking,IE,False,
t006484,acc_0122,2026-06-26,35.92,fuel,online_banking,IE,False,
t006584,acc_0124,2026-06-26,134.94,travel,online_banking,IE,False,
t006621,acc_0125,2026-06-26,15.77,electronics,card_not_present,IE,False,
t006708,acc_0126,2026-06-26,72.83,groceries,mobile_app,IE,False,
t006769,acc_0127,2026-06-26,38.02,travel,card_not_present,IE,False,
t006859,acc_0128,2026-06-26,7.26,travel,card_not_present,IE,False,
t007001,acc_0131,2026-06-26,79.09,restaurants,mobile_app,IE,False,
t007101,acc_0133,2026-06-26,331.04,electronics,card_not_present,IE,False,
t007239,acc_0136,2026-06-26,49.81,pharmacy,card_present,IE,False,
t007361,acc_0139,2026-06-26,131.88,fuel,card_not_present,IE,False,
t007548,acc_0142,2026-06-26,402.15,pharmacy,card_present,IE,False,
t007583,acc_0143,2026-06-26,37.0,utilities,card_not_present,IE,False,
t007724,acc_0147,2026-06-26,34.85,groceries,card_present,IE,False,
t007784,acc_0148,2026-06-26,27.3,electronics,card_not_present,IE,False,
t007874,acc_0149,2026-06-26,189.04,pharmacy,card_present,IE,False,
t008072,acc_0155,2026-06-26,722.31,transfer,card_present,IE,False,
t008193,acc_0157,2026-06-26,435.81,utilities,card_present,IE,False,
t008255,acc_0158,2026-06-26,20.42,utilities,card_not_present,IE,False,
t008318,acc_0159,2026-06-26,14.49,restaurants,mobile_app,IE,False,
t008362,acc_0160,2026-06-26,92.53,restaurants,card_not_present,IE,False,
t008450,acc_0161,2026-06-26,108.09,travel,mobile_app,IE,False,
t008547,acc_0163,2026-06-26,147.51,electronics,online_banking,IE,False,
t008584,acc_0164,2026-06-26,82.05,fuel,mobile_app,IE,False,
t008653,acc_0165,2026-06-26,37.94,travel,online_banking,IE,False,
t008740,acc_0166,2026-06-26,27.03,pharmacy,online_banking,IE,False,
t008852,acc_0168,2026-06-26,288.33,electronics,mobile_app,IE,False,
t008972,acc_0170,2026-06-26,43.43,electronics,online_banking,IE,False,
t009062,acc_0171,2026-06-26,33.29,electronics,card_not_present,IE,False,
t009152,acc_0172,2026-06-26,119.31,pharmacy,card_not_present,IE,False,
t009190,acc_0173,2026-06-26,33.61,transfer,mobile_app,IE,False,
t009278,acc_0174,2026-06-26,63.1,restaurants,online_banking,IE,False,
t009345,acc_0175,2026-06-26,66.48,electronics,online_banking,IE,False,
t009435,acc_0176,2026-06-26,439.55,pharmacy,mobile_app,IE,False,
t009490,acc_0177,2026-06-26,25.13,transfer,card_not_present,IE,False,
t009580,acc_0178,2026-06-26,26.74,groceries,card_present,IE,False,
t009785,acc_0181,2026-06-26,53.04,restaurants,card_present,IE,False,
t009875,acc_0182,2026-06-26,30.25,restaurants,online_banking,IE,False,
t009915,acc_0184,2026-06-26,297.55,transfer,online_banking,IE,False,
t009950,acc_0185,2026-06-26,122.79,electronics,card_present,IE,False,
t009989,acc_0186,2026-06-26,21.19,fuel,card_not_present,IE,False,
t010050,acc_0188,2026-06-26,101.28,electronics,mobile_app,IE,False,
t010138,acc_0189,2026-06-26,379.34,electronics,card_not_present,IE,False,
t010228,acc_0190,2026-06-26,170.82,utilities,online_banking,IE,False,
t010330,acc_0193,2026-06-26,55.3,restaurants,mobile_app,IE,False,
t010372,acc_0194,2026-06-26,587.4,online retail,card_present,IE,False,
t010434,acc_0195,2026-06-26,98.07,restaurants,card_present,IE,False,
t010474,acc_0196,2026-06-26,12.07,restaurants,online_banking,IE,False,
t010530,acc_0197,2026-06-26,23.17,online retail,card_present,IE,False,
t010828,acc_0097,2026-06-26,19.74,online retail,card_not_present,IE,False,rapid_burst
t010829,acc_0097,2026-06-26,14.46,online retail,card_not_present,IE,False,rapid_burst
t010830,acc_0097,2026-06-26,21.31,online retail,card_not_present,IE,False,rapid_burst
t010831,acc_0097,2026-06-26,21.82,online retail,card_not_present,IE,False,rapid_burst
t010832,acc_0097,2026-06-26,16.05,online retail,card_not_present,IE,False,rapid_burst
t010833,acc_0097,2026-06-26,19.14,online retail,card_not_present,IE,False,rapid_burst
t010834,acc_0097,2026-06-26,20.87,online retail,card_not_present,IE,False,rapid_burst
t010835,acc_0097,2026-06-26,15.69,online retail,card_not_present,IE,False,rapid_burst
t010836,acc_0097,2026-06-26,12.85,online retail,card_not_present,IE,False,rapid_burst
t010986,acc_0161,2026-06-26,113.73,online retail,card_not_present,IE,False,rapid_burst
t010987,acc_0161,2026-06-26,154.45,online retail,card_not_present,IE,False,rapid_burst
t010988,acc_0161,2026-06-26,176.83,online retail,card_not_present,IE,False,rapid_burst
t010989,acc_0161,2026-06-26,179.51,online retail,card_not_present,IE,False,rapid_burst
t010990,acc_0161,2026-06-26,105.17,online retail,card_not_present,IE,False,rapid_burst
t010991,acc_0161,2026-06-26,173.72,online retail,card_not_present,IE,False,rapid_burst
t010992,acc_0161,2026-06-26,173.11,online retail,card_not_present,IE,False,rapid_burst
t010993,acc_0161,2026-06-26,179.63,online retail,card_not_present,IE,False,rapid_burst
t010994,acc_0161,2026-06-26,143.25,online retail,card_not_present,IE,False,rapid_burst
t010995,acc_0161,2026-06-26,152.8,online retail,card_not_present,IE,False,rapid_burst
t000035,acc_0000,2026-06-27,25.34,utilities,card_not_present,IE,False,
t000096,acc_0001,2026-06-27,98.95,travel,card_present,IE,False,
t000206,acc_0003,2026-06-27,109.69,fuel,online_banking,IE,False,
t000293,acc_0005,2026-06-27,59.77,groceries,card_not_present,IE,False,
t000397,acc_0007,2026-06-27,71.01,transfer,mobile_app,IE,False,
t000440,acc_0008,2026-06-27,177.57,transfer,card_not_present,IE,False,
t000529,acc_0009,2026-06-27,62.36,transfer,card_not_present,IE,False,
t000642,acc_0012,2026-06-27,19.6,travel,card_not_present,IE,False,
t000794,acc_0014,2026-06-27,50.09,electronics,online_banking,IE,False,
t000897,acc_0016,2026-06-27,43.16,travel,card_present,IE,False,
t000967,acc_0017,2026-06-27,262.92,travel,card_not_present,IE,False,
t001089,acc_0019,2026-06-27,86.75,restaurants,mobile_app,IE,False,
t001215,acc_0021,2026-06-27,223.5,pharmacy,mobile_app,IE,False,
t001305,acc_0022,2026-06-27,23.06,travel,online_banking,IE,False,
t001325,acc_0023,2026-06-27,74.44,utilities,online_banking,IE,False,
t001365,acc_0024,2026-06-27,199.85,online retail,card_not_present,IE,False,
t001494,acc_0027,2026-06-27,7.41,utilities,online_banking,IE,False,
t001673,acc_0031,2026-06-27,48.3,utilities,card_present,IE,False,
t001689,acc_0032,2026-06-27,206.68,electronics,card_not_present,IE,False,
t001755,acc_0033,2026-06-27,190.67,electronics,card_not_present,IE,False,
t001844,acc_0034,2026-06-27,199.17,online retail,online_banking,IE,False,
t002088,acc_0043,2026-06-27,12.75,fuel,mobile_app,IE,False,
t002176,acc_0044,2026-06-27,13.17,transfer,mobile_app,IE,False,
t002266,acc_0045,2026-06-27,83.47,electronics,online_banking,IE,False,
t002349,acc_0047,2026-06-27,108.57,fuel,card_not_present,IE,False,
t002484,acc_0050,2026-06-27,20.28,pharmacy,card_not_present,IE,False,
t002545,acc_0051,2026-06-27,255.21,groceries,mobile_app,IE,False,
t002649,acc_0053,2026-06-27,18.99,utilities,card_not_present,IE,False,
t002714,acc_0054,2026-06-27,7.67,restaurants,card_not_present,IE,False,
t002786,acc_0056,2026-06-27,15.99,groceries,card_present,IE,False,
t002875,acc_0057,2026-06-27,211.33,transfer,card_present,IE,False,
t002965,acc_0058,2026-06-27,207.77,pharmacy,card_not_present,IE,False,
t003031,acc_0059,2026-06-27,319.55,pharmacy,card_not_present,IE,False,
t003096,acc_0060,2026-06-27,44.48,fuel,mobile_app,IE,False,
t003185,acc_0061,2026-06-27,61.76,electronics,mobile_app,IE,False,
t003275,acc_0062,2026-06-27,156.93,electronics,mobile_app,IE,False,
t003365,acc_0063,2026-06-27,162.61,utilities,mobile_app,IE,False,
t003498,acc_0065,2026-06-27,53.44,travel,card_present,IE,False,
t003559,acc_0066,2026-06-27,38.76,pharmacy,card_present,IE,False,
t003649,acc_0067,2026-06-27,61.79,online retail,mobile_app,IE,False,
t003739,acc_0068,2026-06-27,137.15,pharmacy,mobile_app,IE,False,
t003911,acc_0071,2026-06-27,23.7,fuel,online_banking,IE,False,
t004073,acc_0075,2026-06-27,120.11,restaurants,card_not_present,IE,False,
t004160,acc_0078,2026-06-27,22.95,groceries,online_banking,IE,False,
t004212,acc_0080,2026-06-27,76.82,restaurants,online_banking,IE,False,
t004301,acc_0081,2026-06-27,165.58,pharmacy,mobile_app,IE,False,
t004337,acc_0082,2026-06-27,10.23,electronics,card_not_present,IE,False,
t004559,acc_0086,2026-06-27,48.3,electronics,mobile_app,IE,False,
t004627,acc_0087,2026-06-27,222.33,utilities,card_not_present,IE,False,
t004717,acc_0088,2026-06-27,34.27,online retail,card_not_present,IE,False,
t004807,acc_0089,2026-06-27,35.05,travel,card_present,IE,False,
t004921,acc_0092,2026-06-27,192.94,groceries,online_banking,IE,False,
t004935,acc_0093,2026-06-27,70.29,restaurants,card_present,IE,False,
t004955,acc_0094,2026-06-27,66.72,electronics,card_present,IE,False,
t005044,acc_0095,2026-06-27,43.99,fuel,mobile_app,IE,False,
t005234,acc_0099,2026-06-27,60.96,transfer,online_banking,IE,False,
t005272,acc_0100,2026-06-27,300.12,electronics,online_banking,IE,False,
t005335,acc_0101,2026-06-27,22.34,transfer,card_not_present,IE,False,
t005467,acc_0103,2026-06-27,174.49,utilities,card_not_present,IE,False,
t005528,acc_0104,2026-06-27,13.22,restaurants,online_banking,IE,False,
t005618,acc_0105,2026-06-27,62.78,pharmacy,mobile_app,IE,False,
t005704,acc_0107,2026-06-27,177.85,online retail,card_present,IE,False,
t005739,acc_0108,2026-06-27,10.55,electronics,card_not_present,IE,False,
t005849,acc_0110,2026-06-27,12.75,fuel,card_present,IE,False,
t005954,acc_0112,2026-06-27,87.89,groceries,card_present,IE,False,
t006043,acc_0113,2026-06-27,245.55,groceries,online_banking,IE,False,
t006103,acc_0114,2026-06-27,44.53,pharmacy,online_banking,IE,False,
t006212,acc_0117,2026-06-27,80.01,groceries,mobile_app,IE,False,
t006353,acc_0120,2026-06-27,26.72,travel,card_present,IE,False,
t006397,acc_0121,2026-06-27,13.33,electronics,card_present,IE,False,
t006485,acc_0122,2026-06-27,22.27,fuel,online_banking,IE,False,
t006552,acc_0123,2026-06-27,114.44,electronics,card_not_present,IE,False,
t006585,acc_0124,2026-06-27,123.72,electronics,card_present,IE,False,
t006709,acc_0126,2026-06-27,115.3,fuel,card_present,IE,False,
t006770,acc_0127,2026-06-27,106.6,travel,online_banking,IE,False,
t006860,acc_0128,2026-06-27,34.55,transfer,online_banking,IE,False,
t006881,acc_0129,2026-06-27,33.89,pharmacy,card_not_present,IE,False,
t007002,acc_0131,2026-06-27,31.85,restaurants,online_banking,IE,False,
t007068,acc_0132,2026-06-27,663.94,travel,online_banking,IE,False,
t007240,acc_0136,2026-06-27,48.77,electronics,card_not_present,IE,False,
t007299,acc_0138,2026-06-27,187.54,groceries,card_present,IE,False,
t007362,acc_0139,2026-06-27,123.68,electronics,card_present,IE,False,
t007425,acc_0140,2026-06-27,265.98,online retail,online_banking,IE,False,
t007549,acc_0142,2026-06-27,182.73,electronics,card_present,IE,False,
t007725,acc_0147,2026-06-27,35.39,transfer,card_present,IE,False,
t007785,acc_0148,2026-06-27,63.8,utilities,online_banking,IE,False,
t007875,acc_0149,2026-06-27,125.22,groceries,card_not_present,IE,False,
t007945,acc_0152,2026-06-27,229.98,transfer,card_present,IE,False,
t007969,acc_0153,2026-06-27,27.97,electronics,mobile_app,IE,False,
t008017,acc_0154,2026-06-27,48.13,transfer,card_present,IE,False,
t008194,acc_0157,2026-06-27,274.33,fuel,mobile_app,IE,False,
t008256,acc_0158,2026-06-27,22.53,fuel,mobile_app,IE,False,
t008319,acc_0159,2026-06-27,8.38,groceries,card_not_present,IE,False,
t008451,acc_0161,2026-06-27,436.93,online retail,online_banking,IE,False,
t008548,acc_0163,2026-06-27,100.73,fuel,online_banking,IE,False,
t008741,acc_0166,2026-06-27,31.2,online retail,mobile_app,IE,False,
t008764,acc_0167,2026-06-27,93.58,electronics,mobile_app,IE,False,
t008853,acc_0168,2026-06-27,144.6,restaurants,card_present,IE,False,
t008973,acc_0170,2026-06-27,76.5,groceries,card_not_present,IE,False,
t009063,acc_0171,2026-06-27,46.83,pharmacy,card_present,IE,False,
t009153,acc_0172,2026-06-27,96.0,utilities,card_not_present,IE,False,
t009191,acc_0173,2026-06-27,36.26,travel,card_not_present,IE,False,
t009279,acc_0174,2026-06-27,119.87,travel,online_banking,IE,False,
t009346,acc_0175,2026-06-27,46.7,travel,mobile_app,IE,False,
t009436,acc_0176,2026-06-27,266.05,online retail,card_not_present,IE,False,
t009491,acc_0177,2026-06-27,8.68,utilities,card_present,IE,False,
t009581,acc_0178,2026-06-27,12.05,restaurants,online_banking,IE,False,
t009639,acc_0179,2026-06-27,50.76,pharmacy,card_present,IE,False,
t009697,acc_0180,2026-06-27,50.74,utilities,online_banking,IE,False,
t009786,acc_0181,2026-06-27,31.84,groceries,card_not_present,IE,False,
t009876,acc_0182,2026-06-27,37.43,utilities,mobile_app,IE,False,
t009896,acc_0183,2026-06-27,24.93,online retail,online_banking,IE,False,
t009916,acc_0184,2026-06-27,96.29,pharmacy,mobile_app,IE,False,
t010139,acc_0189,2026-06-27,138.68,restaurants,mobile_app,IE,False,
t010229,acc_0190,2026-06-27,99.06,electronics,online_banking,IE,False,
t010331,acc_0193,2026-06-27,91.99,travel,card_not_present,IE,False,
t010373,acc_0194,2026-06-27,93.75,pharmacy,card_present,IE,False,
t010562,acc_0198,2026-06-27,267.21,transfer,card_present,IE,False,
t010626,acc_0199,2026-06-27,17.94,restaurants,mobile_app,IE,False,
t000097,acc_0001,2026-06-28,135.81,fuel,mobile_app,IE,False,
t000207,acc_0003,2026-06-28,56.6,restaurants,card_not_present,IE,False,
t000398,acc_0007,2026-06-28,173.18,transfer,card_present,IE,False,
t000441,acc_0008,2026-06-28,503.56,fuel,online_banking,IE,False,
t000530,acc_0009,2026-06-28,63.44,online retail,card_not_present,IE,False,
t000566,acc_0010,2026-06-28,5.09,pharmacy,card_present,IE,False,
t000706,acc_0013,2026-06-28,119.82,groceries,card_present,IE,False,
t000795,acc_0014,2026-06-28,32.62,groceries,mobile_app,IE,False,
t000898,acc_0016,2026-06-28,17.22,utilities,card_present,IE,False,
t000968,acc_0017,2026-06-28,173.11,restaurants,mobile_app,IE,False,
t001090,acc_0019,2026-06-28,83.81,travel,mobile_app,IE,False,
t001150,acc_0020,2026-06-28,173.01,transfer,card_present,IE,False,
t001216,acc_0021,2026-06-28,244.3,travel,online_banking,IE,False,
t001306,acc_0022,2026-06-28,32.73,restaurants,card_present,IE,False,
t001326,acc_0023,2026-06-28,37.45,utilities,card_present,IE,False,
t001366,acc_0024,2026-06-28,241.31,online retail,card_not_present,IE,False,
t001428,acc_0025,2026-06-28,47.33,groceries,online_banking,IE,False,
t001495,acc_0027,2026-06-28,11.3,online retail,card_not_present,IE,False,
t001524,acc_0028,2026-06-28,53.59,travel,mobile_app,IE,False,
t001585,acc_0030,2026-06-28,145.07,pharmacy,card_not_present,IE,False,
t001674,acc_0031,2026-06-28,56.47,online retail,card_not_present,IE,False,
t001690,acc_0032,2026-06-28,282.97,restaurants,mobile_app,IE,False,
t001845,acc_0034,2026-06-28,230.9,pharmacy,card_not_present,IE,False,
t001908,acc_0035,2026-06-28,60.51,groceries,online_banking,IE,False,
t002011,acc_0039,2026-06-28,220.27,travel,card_present,IE,False,
t002177,acc_0044,2026-06-28,56.7,electronics,mobile_app,IE,False,
t002267,acc_0045,2026-06-28,57.23,utilities,card_not_present,IE,False,
t002350,acc_0047,2026-06-28,139.12,online retail,mobile_app,IE,False,
t002361,acc_0048,2026-06-28,136.23,travel,card_not_present,IE,False,
t002396,acc_0049,2026-06-28,59.81,pharmacy,card_present,IE,False,
t002485,acc_0050,2026-06-28,9.99,fuel,online_banking,IE,False,
t002546,acc_0051,2026-06-28,105.07,fuel,mobile_app,IE,False,
t002581,acc_0052,2026-06-28,7.97,pharmacy,mobile_app,IE,False,
t002650,acc_0053,2026-06-28,29.77,restaurants,mobile_app,IE,False,
t002715,acc_0054,2026-06-28,28.9,transfer,online_banking,IE,False,
t002876,acc_0057,2026-06-28,159.83,groceries,card_present,IE,False,
t002966,acc_0058,2026-06-28,284.56,pharmacy,card_present,IE,False,
t003097,acc_0060,2026-06-28,43.92,fuel,online_banking,IE,False,
t003186,acc_0061,2026-06-28,74.58,transfer,card_present,IE,False,
t003276,acc_0062,2026-06-28,85.55,utilities,mobile_app,IE,False,
t003366,acc_0063,2026-06-28,108.89,groceries,mobile_app,IE,False,
t003409,acc_0064,2026-06-28,86.55,pharmacy,online_banking,IE,False,
t003499,acc_0065,2026-06-28,55.62,travel,mobile_app,IE,False,
t003560,acc_0066,2026-06-28,31.98,transfer,card_not_present,IE,False,
t003650,acc_0067,2026-06-28,35.4,online retail,mobile_app,IE,False,
t003740,acc_0068,2026-06-28,99.88,pharmacy,mobile_app,IE,False,
t003823,acc_0070,2026-06-28,156.24,utilities,mobile_app,IE,False,
t003912,acc_0071,2026-06-28,19.64,pharmacy,mobile_app,IE,False,
t003996,acc_0073,2026-06-28,111.62,utilities,mobile_app,IE,False,
t004074,acc_0075,2026-06-28,219.15,groceries,online_banking,IE,False,
t004120,acc_0076,2026-06-28,71.7,online retail,card_present,IE,False,
t004179,acc_0079,2026-06-28,55.72,pharmacy,card_not_present,IE,False,
t004302,acc_0081,2026-06-28,119.56,travel,online_banking,IE,False,
t004380,acc_0083,2026-06-28,136.29,groceries,card_not_present,IE,False,
t004471,acc_0085,2026-06-28,470.99,online retail,card_not_present,IE,False,
t004560,acc_0086,2026-06-28,115.42,restaurants,card_not_present,IE,False,
t004628,acc_0087,2026-06-28,119.14,transfer,card_not_present,IE,False,
t004718,acc_0088,2026-06-28,77.09,fuel,online_banking,IE,False,
t004808,acc_0089,2026-06-28,25.43,transfer,card_not_present,IE,False,
t004936,acc_0093,2026-06-28,53.82,restaurants,card_present,IE,False,
t005045,acc_0095,2026-06-28,22.47,groceries,online_banking,IE,False,
t005110,acc_0097,2026-06-28,10.33,groceries,mobile_app,IE,False,
t005235,acc_0099,2026-06-28,125.7,utilities,card_not_present,IE,False,
t005273,acc_0100,2026-06-28,328.99,online retail,card_not_present,IE,False,
t005336,acc_0101,2026-06-28,25.2,restaurants,mobile_app,IE,False,
t005379,acc_0102,2026-06-28,84.8,pharmacy,card_not_present,IE,False,
t005468,acc_0103,2026-06-28,64.28,online retail,card_not_present,IE,False,
t005529,acc_0104,2026-06-28,13.4,transfer,card_present,IE,False,
t005619,acc_0105,2026-06-28,364.41,transfer,card_not_present,IE,False,
t005705,acc_0107,2026-06-28,69.95,utilities,card_present,IE,False,
t005740,acc_0108,2026-06-28,40.49,utilities,card_present,IE,False,
t005850,acc_0110,2026-06-28,22.37,transfer,mobile_app,IE,False,
t005913,acc_0111,2026-06-28,135.31,online retail,mobile_app,IE,False,
t005955,acc_0112,2026-06-28,22.67,electronics,card_present,IE,False,
t006044,acc_0113,2026-06-28,218.47,utilities,card_present,IE,False,
t006104,acc_0114,2026-06-28,17.54,online retail,online_banking,IE,False,
t006276,acc_0118,2026-06-28,37.98,groceries,online_banking,IE,False,
t006354,acc_0120,2026-06-28,17.17,online retail,mobile_app,IE,False,
t006486,acc_0122,2026-06-28,9.98,travel,mobile_app,IE,False,
t006553,acc_0123,2026-06-28,163.61,electronics,card_present,IE,False,
t006586,acc_0124,2026-06-28,201.26,groceries,card_present,IE,False,
t006710,acc_0126,2026-06-28,74.03,travel,card_not_present,IE,False,
t006771,acc_0127,2026-06-28,71.99,fuel,card_present,IE,False,
t006861,acc_0128,2026-06-28,7.75,online retail,online_banking,IE,False,
t007003,acc_0131,2026-06-28,101.77,restaurants,card_present,IE,False,
t007069,acc_0132,2026-06-28,61.89,online retail,online_banking,IE,False,
t007102,acc_0133,2026-06-28,1034.08,fuel,online_banking,IE,False,
t007241,acc_0136,2026-06-28,53.97,transfer,online_banking,IE,False,
t007300,acc_0138,2026-06-28,377.39,electronics,card_not_present,IE,False,
t007363,acc_0139,2026-06-28,28.28,transfer,mobile_app,IE,False,
t007426,acc_0140,2026-06-28,165.9,fuel,card_present,IE,False,
t007550,acc_0142,2026-06-28,100.42,fuel,mobile_app,IE,False,
t007584,acc_0143,2026-06-28,11.73,travel,mobile_app,IE,False,
t007603,acc_0144,2026-06-28,74.43,groceries,mobile_app,IE,False,
t007618,acc_0145,2026-06-28,155.35,groceries,mobile_app,IE,False,
t007726,acc_0147,2026-06-28,30.05,fuel,card_present,IE,False,
t007786,acc_0148,2026-06-28,28.48,groceries,card_present,IE,False,
t007876,acc_0149,2026-06-28,32.42,online retail,card_present,IE,False,
t007927,acc_0151,2026-06-28,14.28,electronics,mobile_app,IE,False,
t008018,acc_0154,2026-06-28,77.0,fuel,card_not_present,IE,False,
t008073,acc_0155,2026-06-28,369.64,fuel,mobile_app,IE,False,
t008195,acc_0157,2026-06-28,264.02,online retail,online_banking,IE,False,
t008320,acc_0159,2026-06-28,58.94,travel,online_banking,IE,False,
t008452,acc_0161,2026-06-28,143.8,restaurants,mobile_app,IE,False,
t008742,acc_0166,2026-06-28,31.85,travel,online_banking,IE,False,
t008854,acc_0168,2026-06-28,202.61,utilities,mobile_app,IE,False,
t008885,acc_0169,2026-06-28,192.68,transfer,card_present,IE,False,
t008974,acc_0170,2026-06-28,73.46,online retail,online_banking,IE,False,
t009064,acc_0171,2026-06-28,66.97,online retail,card_present,IE,False,
t009154,acc_0172,2026-06-28,191.72,utilities,online_banking,IE,False,
t009280,acc_0174,2026-06-28,68.88,travel,online_banking,IE,False,
t009347,acc_0175,2026-06-28,11.88,groceries,mobile_app,IE,False,
t009437,acc_0176,2026-06-28,166.43,transfer,card_not_present,IE,False,
t009492,acc_0177,2026-06-28,13.41,pharmacy,card_present,IE,False,
t009582,acc_0178,2026-06-28,20.03,utilities,card_not_present,IE,False,
t009787,acc_0181,2026-06-28,87.94,pharmacy,card_present,IE,False,
t009877,acc_0182,2026-06-28,130.81,online retail,online_banking,IE,False,
t009990,acc_0186,2026-06-28,18.24,fuel,mobile_app,IE,False,
t010051,acc_0188,2026-06-28,148.8,fuel,online_banking,IE,False,
t010140,acc_0189,2026-06-28,198.6,electronics,card_present,IE,False,
t010230,acc_0190,2026-06-28,128.7,electronics,card_present,IE,False,
t010266,acc_0192,2026-06-28,19.27,fuel,card_not_present,IE,False,
t010435,acc_0195,2026-06-28,72.57,pharmacy,card_present,IE,False,
t010475,acc_0196,2026-06-28,8.01,electronics,mobile_app,IE,False,
t010531,acc_0197,2026-06-28,136.38,travel,mobile_app,IE,False,
t010627,acc_0199,2026-06-28,10.38,online retail,online_banking,IE,False,
t000208,acc_0003,2026-06-29,54.11,groceries,online_banking,IE,False,
t000294,acc_0005,2026-06-29,30.34,transfer,mobile_app,IE,False,
t000531,acc_0009,2026-06-29,55.32,groceries,card_not_present,IE,False,
t000567,acc_0010,2026-06-29,33.35,groceries,card_present,IE,False,
t000796,acc_0014,2026-06-29,36.9,restaurants,mobile_app,IE,False,
t000899,acc_0016,2026-06-29,66.23,groceries,card_not_present,IE,False,
t001001,acc_0018,2026-06-29,180.64,electronics,mobile_app,IE,False,
t001091,acc_0019,2026-06-29,90.66,travel,card_not_present,IE,False,
t001151,acc_0020,2026-06-29,134.7,transfer,mobile_app,IE,False,
t001217,acc_0021,2026-06-29,72.71,fuel,card_present,IE,False,
t001307,acc_0022,2026-06-29,9.88,electronics,card_not_present,IE,False,
t001327,acc_0023,2026-06-29,65.92,travel,mobile_app,IE,False,
t001496,acc_0027,2026-06-29,15.74,electronics,mobile_app,IE,False,
t001525,acc_0028,2026-06-29,91.34,pharmacy,card_present,IE,False,
t001675,acc_0031,2026-06-29,32.51,fuel,card_not_present,IE,False,
t001756,acc_0033,2026-06-29,302.83,fuel,card_present,IE,False,
t001846,acc_0034,2026-06-29,110.48,online retail,mobile_app,IE,False,
t001909,acc_0035,2026-06-29,25.75,restaurants,card_not_present,IE,False,
t001933,acc_0036,2026-06-29,155.99,groceries,card_not_present,IE,False,
t002012,acc_0039,2026-06-29,600.01,transfer,card_not_present,IE,False,
t002178,acc_0044,2026-06-29,46.03,travel,card_present,IE,False,
t002268,acc_0045,2026-06-29,92.05,fuel,online_banking,IE,False,
t002351,acc_0047,2026-06-29,111.4,fuel,card_not_present,IE,False,
t002362,acc_0048,2026-06-29,175.07,online retail,mobile_app,IE,False,
t002486,acc_0050,2026-06-29,56.07,transfer,card_not_present,IE,False,
t002547,acc_0051,2026-06-29,68.7,groceries,card_present,IE,False,
t002651,acc_0053,2026-06-29,13.04,electronics,online_banking,IE,False,
t002752,acc_0055,2026-06-29,40.21,online retail,card_not_present,IE,False,
t002787,acc_0056,2026-06-29,18.47,utilities,mobile_app,IE,False,
t002877,acc_0057,2026-06-29,99.17,online retail,mobile_app,IE,False,
t002967,acc_0058,2026-06-29,140.43,online retail,mobile_app,IE,False,
t003032,acc_0059,2026-06-29,620.34,transfer,mobile_app,IE,False,
t003187,acc_0061,2026-06-29,235.76,online retail,mobile_app,IE,False,
t003277,acc_0062,2026-06-29,106.61,fuel,card_present,IE,False,
t003367,acc_0063,2026-06-29,260.72,transfer,online_banking,IE,False,
t003410,acc_0064,2026-06-29,144.99,electronics,card_present,IE,False,
t003500,acc_0065,2026-06-29,52.93,restaurants,mobile_app,IE,False,
t003561,acc_0066,2026-06-29,71.2,utilities,card_not_present,IE,False,
t003651,acc_0067,2026-06-29,42.88,restaurants,mobile_app,IE,False,
t003741,acc_0068,2026-06-29,63.17,restaurants,card_not_present,IE,False,
t003760,acc_0069,2026-06-29,25.56,online retail,online_banking,IE,False,
t003913,acc_0071,2026-06-29,5.83,fuel,card_not_present,IE,False,
t004075,acc_0075,2026-06-29,795.42,utilities,card_not_present,IE,False,
t004213,acc_0080,2026-06-29,95.45,utilities,online_banking,IE,False,
t004303,acc_0081,2026-06-29,116.76,utilities,online_banking,IE,False,
t004338,acc_0082,2026-06-29,28.0,online retail,card_present,IE,False,
t004432,acc_0084,2026-06-29,241.05,pharmacy,online_banking,IE,False,
t004561,acc_0086,2026-06-29,101.05,electronics,online_banking,IE,False,
t004629,acc_0087,2026-06-29,108.2,online retail,card_present,IE,False,
t004719,acc_0088,2026-06-29,86.24,transfer,mobile_app,IE,False,
t004809,acc_0089,2026-06-29,48.93,transfer,mobile_app,IE,False,
t004956,acc_0094,2026-06-29,46.13,groceries,card_present,IE,False,
t005046,acc_0095,2026-06-29,50.02,electronics,card_present,IE,False,
t005146,acc_0098,2026-06-29,40.16,online retail,mobile_app,IE,False,
t005236,acc_0099,2026-06-29,68.28,groceries,mobile_app,IE,False,
t005274,acc_0100,2026-06-29,202.46,online retail,online_banking,IE,False,
t005337,acc_0101,2026-06-29,54.31,restaurants,mobile_app,IE,False,
t005469,acc_0103,2026-06-29,178.37,restaurants,online_banking,IE,False,
t005530,acc_0104,2026-06-29,30.41,utilities,mobile_app,IE,False,
t005620,acc_0105,2026-06-29,121.54,groceries,mobile_app,IE,False,
t005706,acc_0107,2026-06-29,124.96,utilities,card_present,IE,False,
t005741,acc_0108,2026-06-29,11.45,pharmacy,online_banking,IE,False,
t005761,acc_0109,2026-06-29,11.85,transfer,card_not_present,IE,False,
t005851,acc_0110,2026-06-29,38.27,groceries,online_banking,IE,False,
t005914,acc_0111,2026-06-29,63.7,utilities,mobile_app,IE,False,
t006045,acc_0113,2026-06-29,226.49,fuel,card_present,IE,False,
t006123,acc_0115,2026-06-29,31.91,electronics,mobile_app,IE,False,
t006277,acc_0118,2026-06-29,44.23,electronics,online_banking,IE,False,
t006487,acc_0122,2026-06-29,33.93,utilities,card_present,IE,False,
t006554,acc_0123,2026-06-29,69.27,online retail,card_present,IE,False,
t006711,acc_0126,2026-06-29,111.56,pharmacy,mobile_app,IE,False,
t006772,acc_0127,2026-06-29,75.12,electronics,card_present,IE,False,
t006862,acc_0128,2026-06-29,27.05,pharmacy,card_present,IE,False,
t006914,acc_0130,2026-06-29,140.94,pharmacy,online_banking,IE,False,
t007004,acc_0131,2026-06-29,53.37,restaurants,online_banking,IE,False,
t007070,acc_0132,2026-06-29,303.31,transfer,online_banking,IE,False,
t007242,acc_0136,2026-06-29,75.75,electronics,online_banking,IE,False,
t007278,acc_0137,2026-06-29,29.76,groceries,card_present,IE,False,
t007301,acc_0138,2026-06-29,210.23,restaurants,mobile_app,IE,False,
t007364,acc_0139,2026-06-29,66.49,utilities,card_present,IE,False,
t007427,acc_0140,2026-06-29,409.37,online retail,mobile_app,IE,False,
t007551,acc_0142,2026-06-29,115.22,electronics,mobile_app,IE,False,
t007585,acc_0143,2026-06-29,16.16,fuel,card_present,IE,False,
t007604,acc_0144,2026-06-29,48.67,groceries,mobile_app,IE,False,
t007727,acc_0147,2026-06-29,19.29,groceries,card_not_present,IE,False,
t007787,acc_0148,2026-06-29,35.23,online retail,card_present,IE,False,
t007877,acc_0149,2026-06-29,125.17,fuel,card_present,IE,False,
t007928,acc_0151,2026-06-29,9.33,travel,card_present,IE,False,
t007946,acc_0152,2026-06-29,306.23,electronics,card_not_present,IE,False,
t008019,acc_0154,2026-06-29,54.28,restaurants,online_banking,IE,False,
t008074,acc_0155,2026-06-29,137.43,online retail,card_present,IE,False,
t008106,acc_0156,2026-06-29,59.11,fuel,mobile_app,IE,False,
t008196,acc_0157,2026-06-29,50.66,pharmacy,mobile_app,IE,False,
t008257,acc_0158,2026-06-29,28.93,travel,card_not_present,IE,False,
t008363,acc_0160,2026-06-29,70.56,groceries,mobile_app,IE,False,
t008453,acc_0161,2026-06-29,201.05,fuel,online_banking,IE,False,
t008487,acc_0162,2026-06-29,54.14,fuel,online_banking,IE,False,
t008585,acc_0164,2026-06-29,111.38,fuel,card_present,IE,False,
t008743,acc_0166,2026-06-29,243.32,utilities,card_not_present,IE,False,
t008765,acc_0167,2026-06-29,30.05,electronics,mobile_app,IE,False,
t008855,acc_0168,2026-06-29,68.41,pharmacy,online_banking,IE,False,
t008975,acc_0170,2026-06-29,83.93,groceries,mobile_app,IE,False,
t009065,acc_0171,2026-06-29,24.04,groceries,mobile_app,IE,False,
t009155,acc_0172,2026-06-29,158.21,groceries,online_banking,IE,False,
t009281,acc_0174,2026-06-29,121.59,utilities,card_not_present,IE,False,
t009348,acc_0175,2026-06-29,102.65,transfer,mobile_app,IE,False,
t009438,acc_0176,2026-06-29,218.21,pharmacy,card_not_present,IE,False,
t009493,acc_0177,2026-06-29,32.96,transfer,mobile_app,IE,False,
t009583,acc_0178,2026-06-29,8.38,online retail,online_banking,IE,False,
t009698,acc_0180,2026-06-29,90.78,utilities,mobile_app,IE,False,
t009788,acc_0181,2026-06-29,89.67,pharmacy,card_not_present,IE,False,
t009878,acc_0182,2026-06-29,59.34,pharmacy,card_present,IE,False,
t009917,acc_0184,2026-06-29,224.86,utilities,card_present,IE,False,
t010141,acc_0189,2026-06-29,180.91,pharmacy,card_not_present,IE,False,
t010231,acc_0190,2026-06-29,65.15,pharmacy,mobile_app,IE,False,
t010332,acc_0193,2026-06-29,70.72,pharmacy,card_present,IE,False,
t010374,acc_0194,2026-06-29,203.64,fuel,card_present,IE,False,
t010436,acc_0195,2026-06-29,186.31,travel,mobile_app,IE,False,
t010628,acc_0199,2026-06-29,23.35,groceries,card_present,IE,False,
